SMILES,ALPHA
*CCOC(=O)Nc1ccc(Cc2ccc(NC(=O)O*)c(C)c2)cc1C,38.341
*Oc1ccc(C2(c3ccc(OC(*)=O)cc3)c3ccccc3-c3ccccc32)cc1,45.426
*CCCCCCCCCCNC(=O)c1cccc(C(=O)N*)c1,35.46
*CC(*)(C)C(=O)OCCCCn1c2ccccc2c2ccccc21,37.108
*CCN(*)C(=O)CCCCCCCCCCCC,28.521
*CCCCCCCCCCOC(=O)c1ccc(NC(=O)O*)cc1,35.882
*C(=O)NCCCCCCCCCCNC(=O)c1ccc(*)o1,31.841
*CCOC(=O)c1ccc(C2(C)CC(C)(C)c3ccc(C(=O)O*)cc32)cc1,40.183
*Oc1ccc(C2(c3ccc(OC(*)=O)c(C)c3)CC3CCC2C3)cc1C,38.023
*/C=C/c1ccc(*)c(C(=O)OC(C)(C)C)c1C(=O)OC(C)(C)C,33.925
*CCCCCCN1C(=O)c2ccc(C(=O)c3ccc4c(c3)C(=O)N(*)C4=O)cc2C1=O,44.788
*c1cc(CCCCCCCCCCCCC)c(*)s1,31.896
*/C=C/C(C)C(*)C(=O)OCCN(C)c1ccc(N(C)C)cc1,34.334
*CCCCCCCCCNC(=O)c1cccc(C(=O)N*)c1,33.464
*c1ccc(NC(=O)CCCCCCCCC(=O)NS(*)(=O)=O)cc1,34.82
*CC(O)CCCCC(O)CN(*)c1ccc(N(C)C)cc1,32.839
*CCOCCOCCOC(=O)CCCCCCCC(=O)O*,29.945
*CC(*)CCCCCCCCCCCCCC,28.513
*CC(*)(C)C(=O)OCCCCCCCCCCCC,29.526
*CCCCCC(*)CCCCCCCCCC,28.717
*Cc1ccc(CN(C)C(=O)CCCCCCC(=O)N(*)C)cc1,34.656
*CCCCCCCCOC(=O)Nc1ccc(C)c(NC(=O)O*)c1,35.574
*CC1CCC(COC(=O)CCCCCCCC(=O)O*)CC1,31.504
*CC(*)C(=O)OC(CCC(CC)CCCC)CC(C)C,31.041
*Oc1ccc(C(*)=O)cc1CCCCCCCCCCCC,34.298
*Cc1c(C)c(C)c(CNC(=O)CCCCC(=O)N*)c(C)c1C,35.427
*CC(*)(C)C(=O)OCCOc1ccc(/N=N/c2ccc(OC)cc2)cc1,42.772
*Oc1ccc(C2(c3ccc(OC(*)=O)cc3)CC(C)CC(C)(C)C2)cc1,38.967
*CCCCOC(=O)c1ccc(C(C)(CC)c2ccc(C(=O)O*)cc2)cc1,41.078
*CC(*)C(=O)OCCCCCCCCCCCCCC,31.673
*/C=C/c1cc(CC(CC)CCCC)c(*)cc1CCCC,35.494
*CC(COc1ccc(C(C)(C)c2ccc(O*)cc2)cc1)OC(C)=O,36.813
*/C=C/c1cc(OCC2CC3CC2C2CCCC32)c(*)cc1OC,35.587
*Cc1ccc(COC(=O)CCCCSCCCCC(=O)O*)cc1,36.443
*c1nc(CCCCCC)c(-c2sc(*)nc2CCCCCC)s1,38.043
*CCN(CCCC)C(=O)c1ccc(C(=O)N(*)CCCC)cc1,35.696
*CCCCCCNC(=O)c1ccc(Cc2ccc(C(=O)N*)cc2)cc1,40.308
*CCCNC(=O)c1ccc(C(C)(CC)c2ccc(C(=O)N*)cc2)cc1,40.254
*Cc1ccc(CN(CC)C(=O)CCCCC(=O)N(*)CC)cc1,35.008
*CC(*)(CC(=O)OCCc1ccccc1)C(=O)OCCc1ccccc1,37.886
*CC(*)c1ccc(CCCCCCCCCCCC)cc1,35.669
*CCCCCCOC(=O)Nc1ccc(Cc2ccc(NC(=O)O*)cc2)cc1,42.512
*CCCCCCN(CC)C(=O)c1ccc(C(=O)N(*)CC)cc1,35.53
*CC1CCC(CNC(=O)CCCCCCCC(=O)N*)CC1,32.43
*CC(C)(COC(=O)NCCCCCCNC(=O)O*)CN(C)C,32.615
*Cc1ccc(COC(=O)CCCCS(=O)(=O)CCCCC(=O)O*)cc1,37.12
*c1cc(CCCCCCCCCCCCCCC)c(*)s1,36.222
*Oc1ccc(C2(c3ccc(OC(*)=O)cc3)CC3CC2C2CCCC32)cc1,38.899
*CCCCCCCCCCCCCCCCC(=O)N*,31.829
*CC1CCC(COC(=O)CCCCCCCCC(=O)O*)CC1,33.047
*c1ccc(C2C(C#N)(C(=O)OCCC)C(*)C2(C#N)C(=O)OCCC)cc1,36.202
*CCCCCCOC(=O)C/C(=C/C(=O)O*)c1ccc(OCC)cc1,36.748
*CCCCNC(=O)c1ccc(C(C)(CC)c2ccc(C(=O)N*)cc2)cc1,42.481
*CCN(*)C(=O)CCCCCCCCCCCCCC,32.117
*Oc1ccc(C(CCCC)(CCCC)c2ccc(OC(*)=O)cc2)cc1,39.47
*CC(*)(CC(=O)OCC1CCCCC1)C(=O)OCC1CCCCC1,33.927
*Oc1ccc(C(C)(C)c2ccc(OC(*)=O)c(C(C)C)c2)cc1C(C)C,39.059
*/C=C/C(=O)c1ccc(C(=O)/C=C/Nc2ccc(Cc3ccc(N*)cc3)cc2)cc1,49.324
*c1ccc(N(*)CCCCCCCCCCCC)cc1,33.613
*Nc1cc(*)ccc1CCCCCCCCCCCC,33.009
*c1ccc(-c2nnc(-c3cccc(-c4nnc(*)n4-c4ccccc4)c3)n2-c2ccccc2)cc1,54.397
*CCCCCCOC(=O)CCCCSCCCCC(=O)O*,33.767
*/C=C/c1cc(OCC)c(-c2cc(OCC)c(*)cc2OCC)cc1OCC,42.892
*CC(*)(C)C(=O)OCCCCCCCCCCCCCC,33.248
*Nc1cc(OCCCCCC)c(*)cc1OCCCCCC,35.442
*CC(*)C(=O)OCCOc1ccc(C(C)(C)c2ccc(OCCO)cc2)cc1,41.829
*CC(c1ccccc1)C(C(=O)O)C(*)C(=O)OCCCCCCCC,36.413
*CC(*)OC(=O)CCCCCCCCCCCCCCC,33.406
*/C=C/c1cc(OCCC(C)CCCC(C)C)c(*)cc1OC,35.968
*Oc1c(CCCCCCCCC)cc(*)cc1-c1ccccc1,37.617
*CCCCCCCCCCOC(=O)CCCCCCC(=O)O*,33.827
*CCOCCOC(=O)C(CCCCCCCCC)C(=O)O*,30.535
*/C=C(/*)CCCOc1ccc(-c2ccc(CCCCC)cc2)cc1,40.792
*CCCCCCCCCOC(=O)CCCCCCCC(=O)O*,34.062
*CC(*)C(=O)NCCCCCCCCCCCCCC,32.059
*CCc1ccc(CCNC(=O)CCCCCCCC(=O)N*)cc1,37.199
*CCCCCC(=O)NCc1ccc(CNC(=O)CCCO*)cc1,34.943
*CCCCCCCCCCCNC(=O)c1ccc(C(=O)N*)cc1,37.035
*Oc1ccc(C(c2ccc(OC(=O)c3cccc(C(*)=O)c3)cc2)c2ccccc2C(=O)O)cc1,51.411
*CCCCCCCCCCNC(=O)Cc1ccc(CC(=O)N*)cc1,38.229
*CCCCCCCCCCCCNC(=O)c1cccc(C(=O)N*)c1,38.952
*CC(O)COc1c(C)cc(C(C)(C)c2cc(C)c(O*)c(C)c2)cc1C,40.707
*CCCCCC(=O)OCCCCCCOC(=O)c1ccc(O*)cc1,35.746
*c1ccc(-c2cc(CCCCCCCCCCCC)c(*)s2)s1,40.924
*c1ccc2c(c1)C(=O)N(C1CCC(N3C(=O)c4ccc(C(*)(C(F)(F)F)C(F)(F)F)cc4C3=O)CC1)C2=O,46.979
*Oc1ccc(C(*)=O)cc1CCCCCCCCCCCCCC,38.539
*CCCCc1ccc(CCCCOC(=O)c2ccc(C(=O)O*)cc2)cc1,41.078
*CCCCCC(=O)NCc1ccc(CNC(=O)CCCCO*)cc1,37.84
*CCCCCCCNC(=O)CCCCCCCCC(=O)N*,33.519
*Oc1ccc(-c2ccc(OC(=O)CCCCCCCCC(*)=O)cc2)cc1,41.422
*CCCCCCCCCCCNC(=O)CCCCC(=O)N*,33.564
*CC(*)CCCCCCCCCCCCCCCC,32.157
*Oc1ccc(/N=N/c2ccc(OC(=O)CC(C)CCC(*)=O)cc2C)c(C)c1,45.634
*CCCCCCCCNC(=O)CCCCCCCCC(=O)N*,35.486
*C(=O)c1ccc2c(c1)C(=O)N(c1ccc(C(=O)c3ccc(N4C(=O)c5ccc(*)cc5C4=O)cc3)cc1)C2=O,59.106
*CCCCCCNC(=O)c1ccc(C(C)(C)c2ccc(C(=O)N*)cc2)cc1,43.678
*Oc1c(C)cc(*)cc1C(C)CCCCCCCCCCCC,37.725
*CC(*)(C)C(=O)OCCN(CC)c1ccc(/N=N/c2ccc(OC)cc2)c(C)c1,50.886
*CC(*)C(=O)OCCCCCCCCCCCCCCCC,34.983
*CCOC(=O)N(Cc1ccccc1)c1ccc(C)c(N(Cc2ccccc2)C(=O)O*)c1,45.821
*c1cc(CCCCCCCCCCCCCCCC)c(*)[nH]1,35.948
*CCCCCC(*)CCCCCCCCCCCC,32.07
*Oc1ccc(C(CCC)(CCC)c2ccc(OC(*)=O)c(C)c2)cc1C,40.076
*CC(*)(C)C(=O)OCCN(CC)c1ccc(/N=N/c2ccc([N+](=O)[O-])cc2)cc1,46.394
*Oc1ccc(C2(c3ccc(OC(=O)CCC(*)=O)cc3)c3ccccc3-c3ccccc32)cc1,51.18
*/C=C/C(=O)c1cccc(C(=O)/C=C/Nc2ccc(Cc3ccc(N*)cc3)cc2)c1,50.678
*CCCCCCC(=O)NCc1ccc(CNC(=O)CCCO*)cc1,36.718
*CCCCCCCCCCNC(=O)CC/C=C/CCC(=O)N*,35.909
*CCCCOC(=O)NC1CCC(CC2CCC(NC(=O)O*)CC2)CC1,36.957
*CC(*)C(=O)NCCCCCCCCCCCCCCCC,35.605
*Oc1ccc(C(CC)(c2ccccc2)c2ccc(OC(=O)c3ccc(C(*)=O)cc3)cc2)cc1,52.576
*CC(*)C(=O)OCCCCCCCCCCOc1ccc(C(=O)O)cc1,38.391
*C(=O)c1ccc2c(c1)C(=O)N(c1ccc(C(C)c3ccc(N4C(=O)c5ccc(*)cc5C4=O)cc3)cc1)C2=O,59.253
*CCCCCCCCCCCCCCCCCCOCO*,35.386
*CCCCCCNC(=O)c1ccc(C(C)c2ccc(C(=O)N*)cc2)cc1,42.441
*CC(*)C(=O)OCCCCCCOc1ccc(C(=O)Oc2ccc(C#N)cc2)cc1,44.873
*CCN(*)C(=O)CCCCCCCCCCCCCCC,33.973
*CC1CCC(COC(=O)CCCCCCCCCCC(=O)O*)CC1,36.641
*CC(*)(CC(=O)OCCCc1ccccc1)C(=O)OCCCc1ccccc1,41.552
*CCCCCCCCC(=O)NCc1ccc(CNC(=O)CCCO*)cc1,40.793
*C(=O)N(*)CCCCCCCCCCCCCCCCCC,35.652
*c1ccc(C(=O)NC2CCC(NC(=O)c3ccc(C4(*)OC(=O)c5ccccc54)cc3)CC2)cc1,51.996
*c1sc(*)c(OCCCCCCCCCCCCCCCC)c1C,40.688
*CCCCCCCCNC(=O)CCc1ccc(CCC(=O)N*)cc1,38.05
*Cc1ccc(CN(C)C(=O)CCCCCCCCC(=O)N(*)C)cc1,38.728
*c1nc(-c2ccccc2)nc(N(c2ccccc2)c2ncnc(N(*)c3ccccc3)n2)n1,52.445
*CCCCCC(=O)NCc1ccc(CNC(=O)CCCCCO*)cc1,39.276
*CCCCCCCCCCCCNC(=O)CCCCC(=O)N*,34.814
*CCCCCCC(=O)NCc1ccc(CNC(=O)CCCCO*)cc1,39.298
*c1ccc(-c2ccc(-c3ccc(C(*)(c4ccc(N(C)C)cc4)C(F)(F)F)cc3)cc2)cc1,53.209
*Oc1ccc(C(CCCCC)(CCCCC)c2ccc(OC(*)=O)cc2)cc1,42.883
*Oc1ccc(-c2ccc(OC(=O)CCCCCCCCCC(*)=O)cc2)cc1,42.936
*CCCCCNC(=O)CCCCCCCCCCCC(=O)N*,35.359
*CCCCCC(*)CCCCCCCCCCCCCC,35.91
*CCCCC(=O)NCCc1ccc(CCNC(=O)CCCCS*)cc1,42.318
*/C=C/c1cc(OCC(CC)CCCC)c(*)cc1-c1ccc(F)c(C(F)(F)F)c1,42.057
*CC(C)(C)COC(=O)NC1CCC(CC2CCC(NC(=O)O*)CC2)CC1,38.965
*CCCCCCCCCCNC(=O)CCCCCCC(=O)N*,35.419
*CCc1ccc(CCNC(=O)CCCCCCCCCCC(=O)N*)cc1,42.322
*Oc1ccc(C2(c3ccc(OC(=O)CCC(*)=O)cc3)c3ccccc3C(=O)c3ccccc32)cc1,52.822
*c1ccc(Cc2ccc(N3C(=O)CC(Nc4cccc(NC5CC(=O)N(*)C5=O)c4)C3=O)cc2)cc1,53.458
*Oc1ccc(C2(c3ccc(OC(=O)CCCC(*)=O)cc3)c3ccccc3-c3ccccc32)cc1,53.145
*c1ccc(N2C(=O)CC(Nc3ccc(Cc4ccc(NC5CC(=O)N(*)C5=O)cc4)cc3)C2=O)cc1,53.568
*Oc1ccc(C(C)(CCC(=O)OCC)c2ccc(OC(=O)c3cccc(C(*)=O)c3)cc2)cc1,50.038
*CCCCCC(=O)NCc1ccc(CNC(=O)CCCCCS*)cc1,41.044
*CCNC(=O)CCCCCCCCCCCCCCC(=O)N*,35.326
*Oc1ccc(C2(c3ccc(OC(=O)C(C)(C)C(*)=O)cc3)c3ccccc3-c3ccccc32)cc1,53.057
*Nc1ccc(*)cc1CCCCCCCCCCCCCCC,38.506
*CCCCNC(=O)CCCCCCCC(=O)NCCCCNC(=O)C(=O)N*,40.017
*c1ccc(*)c2nc(CCCCCCC)c(CCCCCCC)nc12,42.247
*/C=C/c1ccc(*)c(-c2ccc(OCC(CC)CCCC)c3ccccc23)c1,48.448
*Oc1ccc(NC(=O)CCCCCCCCCC(=O)Nc2ccc(*)cc2)cc1,43.887
*CCCCCCCCCCC(c1ccc(O)cc1)C(*)c1ccc(O)cc1C,44.617
*c1ccc(NC(=O)Nc2ccc(NC(=O)Nc3ccc(-c4nc(C#N)c(C#N)nc4*)cc3)cc2)cc1,59.859
*Oc1c(C)cc(C(C)(C)c2cc(C)c(OC(=O)CCCCCC(*)=O)c(C)c2)cc1C,47.627
*CCCCCCCCC(=O)NCCCCCCNC(=O)CCCCO*,39.831
*/C=C/C=C/C=C/c1cc(CCCCCCC)c(*)cc1CCCCCCC,51.944
*Oc1ccc(C(c2ccccc2)(c2ccccc2)c2ccc(OC(=O)c3ccc(C(*)=O)cc3)cc2)cc1,59.223
*CC(*)CCCCCCCCCCCCCCCCCC,36.115
*CCCCCCCCCCOC(=O)CCCCS(=O)(=O)CCCCC(=O)O*,41.02
*CCCCCCCCCCCCOC(=O)CCCCCCC(=O)O*,37.74
*Oc1ccc(C2(c3ccc(OC(=O)c4ccc(C(*)=O)cc4)cc3)c3ccccc3C(=O)c3ccccc32)cc1,60.949
*CC(*)(C)C(=O)OCCOCCOCCOc1ccc(/N=N/c2ccc(C#N)cc2)cc1,51.961
*CC(*)(C)C(=O)OCCCCCCc1ccc(/N=N/c2ccc(OC(F)(F)F)cc2)cc1,48.151
*c1ccc(-c2ccc3c(c2)C(CCCCCC)(CCCCCC)c2cc(*)ccc2-3)cc1,55.092
*/C=C/CCCCCCCCCC(Cl)CCCCCCCCC*,39.062
*CCCCCCCCCCCCNC(=O)Cc1ccc(CC(=O)N*)cc1,42.397
*CCCCCCCCOC(=O)Nc1ccc(Cc2ccc(NC(=O)O*)cc2)cc1,45.844
*Oc1ccc(C2(c3ccc(OC(=O)CCCCC(*)=O)cc3)c3ccccc3C(=O)c3ccccc32)cc1,56.358
*CC(*)C(=O)OCCCCCCCCCCCCCCCCCC,38.509
*CCCCCCCCCCCCCCCCCCCCOC(=O)CC(=O)O*,42.644
*CCCCCCCCCNC(=O)CCCCCCCCCC(=O)N*,39.02
*CCCCCCCCCCNC(=O)CCc1ccc(CCC(=O)N*)cc1,41.821
*CCCCCCCNC(=O)C(CCCCCCCCCCCC)C(=O)N*,42.202
*CCCCCCCCCCNC(=O)CCCCCCCCC(=O)N*,38.908
*Cc1ccc(CNC(=O)CCCCCCCCCCCCC(=O)N*)cc1,41.944
*c1ccc(*)c2nc(-c3ccc(-c4ccccc4)cc3)c(-c3ccc(-c4ccccc4)cc3)nc12,61.372
*C(=O)c1ccc2c(c1)C(=O)N(c1ccc(C(c3ccc(N4C(=O)c5ccc(*)cc5C4=O)cc3)C(C)C)cc1)C2=O,62.996
*Oc1ccc(-c2ccc(OC(=O)CCCCCCCCCCCC(*)=O)cc2)cc1,46.053
*CCCCCCC(=O)NCc1ccc(CNC(=O)CCCCCCO*)cc1,42.027
*Oc1c(C)cc(C(C)(C)c2cc(C)c(OC(=O)CCCCC(*)=O)c(C)c2)cc1C,45.6
*Oc1ccc(C2(c3ccc(OC(=O)CCCCCCCC(*)=O)cc3)c3ccccc3-c3ccccc32)cc1,60.651
*c1cc(CCCCCCCCCCCCCCCCCCC)c(*)s1,42.987
*CCCCCCCCCCCCCCCCCCCCc1nnc(*)o1,41.473
*CCCCCCCCCCNC(=O)c1ccc(Cc2ccc(C(=O)N*)cc2)cc1,48.082
*C(=O)c1ccc2c(c1)C(=O)N(c1ccc(C(CCCCC)c3ccc(N4C(=O)c5ccc(*)cc5C4=O)cc3)cc1)C2=O,66.709
*CCCCCCCCCCCCNC(=O)NCCCCCCNC(=O)N*,41.5
*CC(*)(C)C(=O)OCCN(CC)S(=O)(=O)C(F)(F)C(F)(F)C(F)(F)C(F)(F)C(F)(F)C(F)(F)C(F)(F)C(F)(F)F,35.553
*CC(*)c1ccc(-c2ccc3c(c2)C(CCCCCC)(CCCCCC)c2ccccc2-3)cc1,59.4
*Oc1ccc(C2(c3ccc(OC(=O)c4cccc(C(*)=O)c4)cc3)c3ccccc3C(=O)c3ccccc32)cc1,60.53
*CCCCCCCCCCCCCCCCCCCCOC(=O)C(=O)O*,41.15
*c1ccc(C(=O)NCCCCCCNC(=O)c2ccc(C3(*)OC(=O)c4ccccc43)cc2)cc1,52.916
*C(=O)c1ccc2c(c1)C(=O)N(c1ccc(C(CCCCCC)c3ccc(N4C(=O)c5ccc(*)cc5C4=O)cc3)cc1)C2=O,68.578
*CCCCCCCCCNC(=O)CCCCCCCCCCCC(=O)N*,42.26
*CCCCCCCCNC(=O)CCCCCCCCCCCCC(=O)N*,42.751
*c1cccc(-c2cc(CCCCCCCCCCCCCC)cc(*)c2O)c1O,46.653
*Cc1ccc(CNC(=O)CCCCCCCCCCCCCCC(=O)N*)cc1,45.097
*CCc1ccc(CCNC(=O)CCCCCCCCCCCCCC(=O)N*)cc1,48.115
*CCCCCCCCCCC(=O)NCc1ccc(CNC(=O)CCCCO*)cc1,46.051
*c1nc(CCCCCCCCC)c(-c2sc(*)nc2CCCCCCCCC)s1,49.524
*Oc1ccc(CNC(=O)CCCCC(=O)NCc2ccc(OC3COC4C(*)COC34)cc2)cc1,49.926
*c1sc(*)c(OCCCCCCCCCCCCCCCCCCCC)c1C,47.703
*CCN(CCOC(=O)Nc1ccc(C)c(NC(=O)O*)c1)c1ccc(/N=N/c2ccc([N+](=O)[O-])cc2)cc1,61.732
*CCCCCCCCCCCCN1C(=O)c2ccc(Oc3ccc4c(c3)C(=O)N(*)C4=O)cc2C1=O,54.781
*CCCCCCCCCCCCCCNC(=O)NCCCCCCNC(=O)N*,44.938
*CCCCCCCCCCOCCCCCCCCCCOCCCCO*,45.184
*c1cc(CCCCCCCCCCCCCCCCCCCCCC)c(*)s1,47.91
*c1ccc2c(c1)C(=O)N(c1ccc(Oc3ccc(N4C(=O)c5ccc(C(*)(C(F)(F)F)C(F)(F)F)cc5C4=O)cc3)cc1)C2=O,59.991
*c1cccc(-c2cc(CCCCCCCCCCCCCCCC)cc(*)c2N)c1N,52.353
*CCCCCCCCCCNC(=O)CCCCCCCCCCCCC(=O)N*,45.448
*CCCCCCCCC(=O)NCc1ccc(CNC(=O)CCCCCCCCS*)cc1,51.898
*Oc1c(C)cc(C(C)(C)c2cc(C)c(OC(=O)CCCCCCCCC(*)=O)c(C)c2)cc1C,52.798
*C(=O)c1ccc2c(c1)C(=O)N(c1cccc(Nc3ncnc(Nc4cccc(N5C(=O)c6ccc(*)cc6C5=O)c4)n3)c1)C2=O,69.849
*C(=O)c1ccc2c(c1)C(=O)N(c1cccc(Nc3nc(N)nc(Nc4cccc(N5C(=O)c6ccc(*)cc6C5=O)c4)n3)c1)C2=O,70.357
*C(=O)c1ccc2c(c1)C(=O)N(c1cccc(Cc3ccc(Cc4cccc(N5C(=O)c6ccc(*)cc6C5=O)c4)cc3)c1)C2=O,68.763
*S*,1.923
*C(*)F,2.288
*C(*)O,2.865
*C(*)(F)F,2.399
*C(*)(F)Cl,4.031
*C(*)(C#N)C#N,6.001
*SC(*)=S,8.005
*N=P(*)=S,7.583
*C#C/C=C/*,7.151
*C#C/C=C/*,7.151
*CC(*)=C,5.708
*O[SiH](*)C,6.271
*CSS*,7.875
*/C=C(/*)C,5.708
*OC([2H])([2H])C(*)([2H])[2H],4.636
*c1sc(*)c([2H])c1[2H],9.109
*N=P(*)(F)F,4.618
*CC(=O)O*,4.785
*CCO*,4.636
*c1csc(*)c1,9.109
*c1ccc(*)s1,9.109
*c1cnc(*)s1,8.361
*C(=S)N(*)C,8.223
*/C=C/SS*,9.945
*/C=C/SS*,9.945
*/C=C(/*)CO,6.413
*/C(C)=C(/*)C#N,8.033
*c1ccc(*)o1,6.939
*CCSS*,9.816
*c1ccc(*)[nH]1,7.757
*C(=O)N(*)C=C,7.637
*[Si](*)(C)C,7.693
*C(*)C(=O)OC,6.524
*C[SiH](*)C,7.693
*c1cc(C#N)c(*)s1,11.565
*C(=C(F)F)C(*)(F)F,5.883
*Nc1cnc(*)s1,9.965
*NNC(=O)C(*)=O,6.959
*CC(*)C(=O)O[Na],7.709
*c1ccc(*)nn1,8.449
*CCC(=O)O*,6.513
*CNC(=O)N*,6.699
*OC(C)C(*)=O,6.563
*CC(*)C(=O)O[Li],7.211
*C#Cc1ccc(*)s1,12.995
*C([2H])([2H])C(*)(F)F,4.134
*CC/C=C(/*)Cl,9.325
*C(F)C(*)(F)F,4.196
*OC(*)C=C,6.286
*CC(*)(F)Cl,5.883
*CC(*)(F)F,4.134
*/C=C(/*)C#N,6.012
*OC(*)C,4.676
*CC(C)O*,6.464
*Sc1ccc(*)nn1,11.737
*C([2H])([2H])C(*)([2H])Cl,5.747
*CC/C=C(/*)Cl,9.325
*CC(*)(Cl)C#N,7.814
*CC(*)(Cl)Cl,7.658
*CC(*)F,4.04
*NC(=S)NS(*)=O,11.486
*CC(*)(F)C#N,5.993
*OC(*)CCl,6.443
*/C=C(\F)C(F)(F)C*,7.553
*CC(*)N,5.32
*OC(*)C(Cl)Cl,8.352
*CC/C=C(/*)Cl,9.325
*Nc1nc(*)nc(Cl)n1,11.353
*CC(CCl)O*,8.181
*/C=C(/*)F,3.878
*C([2H])([2H])C(*)([2H])C([2H])([2H])[2H],5.76
*SC(C)C(*)=O,8.909
*/C([2H])=C(/*)[2H],3.82
*/C=C(/*)F,3.878
*/C([2H])=C(/*)[2H],3.82
*CCCS*,8.545
*CC(C)S*,8.688
*CC(CF)O*,6.457
*c1cccc(*)n1,9.155
*CC(*)C(F)(F)F,5.881
*CC(*)OC=O,6.504
*CC(*)SC,8.682
*C1C=CC(*)S1,9.388
*CC(O*)C(F)(F)F,6.555
*/C=C(/*)C(C)=O,7.694
*O[Si](*)(C)C,7.999
*C(C)C(*)O,6.387
*/N=[SH]/*,4.568
*c1ccc(*)nc1,9.155
*CC(*)(F)C(F)(F)F,5.989
*C(F)C(*)C(F)(F)F,5.936
*CCC(=O)N*,7.174
*CC(F)(F)/C(F)=C(/*)Cl,9.446
*CC(*)C=C,7.548
*CC(*)C(N)=O,7.174
*/C=C(/*)CC,7.548
*OC(*)CC,6.38
*NC(C)C(*)=O,7.26
*OC(=C)CC(*)=O,8.385
*O[Si](*)(C)C,7.999
*OC(*)(C)C,6.461
*CC/C(Cl)=C(/*)Cl,11.198
*C(F)(F)C(*)(F)C(F)(F)F,6.189
*c1cc(C)c(*)s1,11.05
*c1ccc(*)cc1,9.902
*CCSSSS*,16.097
*C(F)C(*)(F)OC(F)(F)F,6.757
*Sc1cccc(*)n1,12.489
*N=P(*)(C)C,8.755
*c1cc2sc(*)cc2s1,15.173
*CC(*)CO,6.414
*C([2H])([2H])C(*)([2H])C([2H])=C([2H])[2H],7.548
*CC(*)S(=O)(=O)O[Na],8.916
*CCOC(=O)O*,7.102
*B1NBN(*)BN1,8.909
*OC(F)(F)C(F)(F)C(*)(F)F,6.865
*C(F)(F)C(*)(F)OC(F)(F)F,6.868
*CCC(*)O,6.414
*C(=O)N(*)CC,7.25
*c1cc2cc(*)sc2s1,14.989
*O[Si](*)(C([2H])([2H])[2H])C([2H])([2H])[2H],8.001
*C(OC(F)(F)F)C(*)(F)F,6.751
*CC(*)NC=O,7.25
*C1=CC2=NC(*)=CC2=N1,11.218
*C1=CC2=CC(*)=NC2=N1,11.312
*CCOCO*,7.13
*CC(O)CO*,7.064
*CC(C=C)O*,8.174
*N[Si](*)(C)C,8.81
*CCCSS*,11.596
*C1CC(*)(C#N)C1,8.897
*CC(*)S(=O)(=O)O,8.013
*Sc1ccc(*)cc1,13.15
*OC(F)(C(*)(F)F)C(F)(F)F,6.834
*c1ccc(*)c(O)c1,10.684
*C1C=CC(*)N1,7.904
*/C=C(/*)c1cccs1,13.44
*/C=C/C(C#N)C*,9.327
*CC(*)(F)C(C)=O,7.716
*CC(*)c1nnn[nH]1,9.193
*OC(*)=C(C)C,8.205
*CC(*)P(=O)(O)O,8.317
*CCNS(*)(=O)=O,8.77
*CC(*)S(C)=O,9.308
*CC(*)CN,7.078
*C1CCOC1*,7.403
*Oc1c(Cl)cc(*)cc1Cl,14.739
*C(C)C(*)[N+](=O)[O-],7.908
*/C=C/c1ccc(*)o1,11.383
*/C(Cl)=C(\Cl)C(Cl)(Cl)C(*)(Cl)Cl,18.448
*/C=C/c1ccc(*)s1,13.469
*Oc1cc(Cl)cc(Cl)c1*,14.867
*OC1=CC(=O)C(*)=CC1=O,11.919
*C#CC#Cc1ccc(*)s1,18.315
*OC(F)(F)OC(F)(F)C(*)(F)F,7.481
*Sc1ccc(*)cc1,13.15
*c1cc(SC)c(*)s1,14.22
*C(=O)N(*)CC=C,9.2
*C(=S)N(*)CC=C,12.04
*c1ccc(*)n1C,9.695
*N/C(C)=C/C(*)=O,9.746
*Sc1c(F)c(F)c(*)c(F)c1F,13.325
*c1cc(C)c(*)[nH]1,9.603
*Nc1ccc(*)nc1,10.868
*O[Si](*)(C)C=C,9.725
*O[Si](*)(C)C=C,9.725
*CCN(*)C,7.148
*N=P(Cl)(Cl)N=P(Cl)(Cl)/N=S(/*)Cl,23.373
*CC(=O)C(*)C,7.662
*NC(CO)C(*)=O,7.86
*CC(*)C[SiH3],9.509
*CCCS(*)=O,9.136
*CC(*)OC(C)=O,8.268
*CC(*)OC(=O)C(F)(F)F,8.58
*CC(*)(C)C(=O)O,8.239
*CC(*)OC(=O)CCl,10.106
*CC(*)C(=O)OCF,8.3
*CC(*)(Cl)C(=O)OC,10.151
*C(*)C(=O)OCC,8.268
*CC(*)(F)C(=O)OC,8.329
*CC(*)C(F)(F)C(F)(F)F,7.777
*CCC(F)(F)C(*)(F)Cl,9.506
*CCC(F)(F)C(*)(F)F,7.666
*CC(*)CC(F)(F)F,7.647
*c1ccc2oc(*)nc2c1,12.791
*CC(C[N-][N+]#N)O*,9.871
*c1ccc2nc(*)sc2c1,15.265
*CCCC(=O)O*,8.322
*CCOC(=O)C(=O)O*,9.137
*OC(C)CC(*)=O,8.378
*CC(C)C(=O)O*,8.239
*OC(C)(C)C(*)=O,8.298
*OC(CCl)CC(*)=O,10.157
*C[Si](*)(C)C,9.424
*OC(CC(*)=O)C(Cl)(Cl)Cl,13.899
*C([2H])([2H])C(*)(C([2H])([2H])[2H])C([2H])([2H])[2H],7.567
*N=P(*)(OC)OC,9.381
*c1nnc(C2CC2*)o1,10.507
*c1ccc2nc(*)oc2c1,12.791
*OC(CC(*)=O)C(Cl)Cl,12.095
*/C=C(/*)C(=O)CC,9.439
*CC(*)OC(=O)C(Cl)(Cl)Cl,13.986
*CC(*)C(=O)OC([2H])([2H])[2H],8.247
*CCCC(*)Cl,9.303
*OC(CC)C(*)=O,8.212
*C1C=C(C)C(*)S1,11.253
*c1cc(CC(=O)Cl)c(*)s1,15.261
*Nc1ccc(*)cc1,11.613
*CC(Cl)C(Cl)C(*)Cl,12.987
*C(=O)OC1=NCCN1*,9.799
*/N=C1\C=CC(*)C=C1Cl,13.375
*CC1(*)CC(=O)OC1=O,9.512
*/N=C(/*)c1cccnc1,12.342
*/N=C(/*)c1ccncc1,12.301
*C(F)(F)C1(*)OC(F)(F)C(F)(F)O1,8.543
*c1cnc(*)c(C)c1,11.076
*ON(C(F)(F)F)C(F)(Cl)C(*)(F)F,9.981
*c1cc(C)c(*)cn1,11.079
*NC1=CC(=O)C(*)=CC1=O,12.912
*Nc1cc(Cl)c(*)cc1Cl,15.712
*Nc1c(Cl)cc(*)cc1Cl,15.544
*Nc1c([2H])c([2H])c(*)c([2H])c1[2H],11.613
*Nc1cnc(*)c(O)c1,11.647
*Nc1cc(F)c(*)cc1F,11.58
*C(C)C(*)OC,8.244
*CC(*)(C)OC,8.23
*CC(*)SCC,10.548
*C(F)(F)C(*)(F)OC(F)(F)C(F)(F)F,8.814
*CC(*)OCCCl,10.087
*CC(*)OCC(F)(F)F,8.461
*C(F)(F)C1(F)C(F)(F)C(*)(F)C1(F)F,9.112
*/C=C/C(C)C*,9.229
*/C=C/C(C)C*,9.229
*CC(*)/C=C/C,9.245
*OC(*)CCC,8.106
*OC(*)C(C)C,8.173
*CC(CC)O*,8.128
*CC(C)(CCl)O*,9.957
*OC(C)C(*)C,8.188
*CCCCO*,8.17
*OC(F)(F)C(F)(F)C(F)(F)C(*)(F)F,8.755
*CCC(C)O*,8.179
*CC(C)CO*,8.164
*CC(CC(Cl)(Cl)Cl)O*,13.786
*OC(CCl)C(*)CCl,11.766
*CCOCC(=O)O*,9.088
*CC(CCl)(CCl)O*,11.699
*SC(C)C(*)C,10.39
*CC(C)(C)S*,10.51
*CCC(C)S*,10.46
*CCCCS*,10.43
*CC(CC)S*,10.339
*Oc1cccc(C(*)=O)c1,13.114
*Oc1ccc(C(*)=O)cc1,13.316
*C(=O)C(O)c1ccc(*)s1,13.678
*CCCC(=O)N*,8.958
*NC(C)CC(*)=O,9.015
*CCC(=O)N(*)C,8.985
*CC(C)C(=O)N*,8.933
*CCN(*)C(C)=O,9.008
*O[Si](*)(C)CC,9.717
*C(O)C(*)(C)C,8.158
*CC(*)OC(=O)OC([2H])([2H])[2H],8.96
*CCN(*)C(=O)C(Cl)Cl,13.305
*/C=C(/*)CCC,9.068
*CC(*)OCC(=O)O,9.021
*CC(*)C(=O)NC,8.985
*CC/C(C)=C(/*)Cl,11.053
*/C=C/C(*)(C)C,9.229
*c1sc(*)c2c1OCCO2,13.622
*CCCC(*)C#N,9.427
*C1CC(*)OC(O)O1,8.77
*c1cc(CC)c(*)s1,12.898
*/C(=C(\[2H])C([2H])([2H])C(*)([2H])[2H])C([2H])([2H])[2H],9.365
*CCN(*)C(=O)C(Cl)(Cl)Cl,14.622
*c1cc2sc(*)c(C)c2s1,17.07
*c1sc(*)c2ccccc12,16.549
*c1sc(*)c(C)c1C,12.894
*c1cc2sc3cc(*)sc3c2s1,21.545
*c1ccc([SiH](*)C)s1,14.973
*c1cc(CC(=O)O)c(*)s1,13.664
*OC(C=C)CC(*)=O,9.971
*C(=S)N(*)CCC,12.359
*C(=O)N(*)CCC,9.036
*CC(=O)NCC(=O)O*,9.746
*CCCN(*)C=O,9.036
*c1ccc2[nH]c(*)nc2c1,13.683
*CCCOC(=O)O*,8.826
*OC(C)COC(*)=O,9.019
*NC(C)(C)C(*)=O,9.041
*Nc1ccc(*)cc1O,12.319
*[SiH](*)c1ccccc1,14.039
*Oc1ccc(C(*)=O)cc1Cl,15.327
*/C=C/c1ccc(*)nc1,13.364
*[SiH2]c1ccc(*)cc1,14.054
*c1ccc(*)n1C(=O)NO,12.045
*/C=C/C=C/CC*,12.045
*CC(COC)O*,8.871
*CC1CC1CO*,9.353
*C1C=CC(*)CC1,10.18
*c1ccc(S(*)(=O)=O)cc1,13.746
*/C=C/C(C*)OC,9.949
*/C=C/C(C*)OC,9.949
*c1cc(C=O)cc(*)c1O,13.316
*c1cc(*)c(O)c(C=O)c1,13.18
*C/C=C/CS(*)(=O)=O,11.271
*CCS/C(=N\C)S*,14.858
*C(=O)N(*)c1ccccc1,13.781
*CNC(=O)CC(=O)N*,10.528
*C(=O)C1CCCN1*,10.097
*Nc1cccc(C(*)=O)c1,14.038
*Nc1ccc(C(*)=O)cc1,14.455
*/C(C)=C(/*)SCC,12.64
*CC(*)OCC(N)=O,9.726
*CC(*)C(=O)CC,9.364
*COCC(C)O*,8.913
*CCSCCO*,11.181
*C1C=C(C)C(*)C1,10.299
*OC1CCCC1*,9.153
*C(F)(F)C(*)(OC(F)(F)F)OC(F)(F)F,9.374
*Oc1ccc(OC(*)=O)cc1,13.35
*OS(=O)(=O)c1ccc(*)cc1,14.222
*C1CCOC1(*)C,9.243
*CC(O*)c1ccco1,11.394
*CC(CSC)O*,11.235
*CC(*)C(=O)NCO,9.565
*C#CC#Cc1cc2sc(*)cc2s1,25.834
*c1cc2c(s1)-c1sc(*)cc1C2=O,20.888
*OC(CC(*)=O)C1CO1,10.133
*Nc1c(Cl)cc(C(*)=O)cc1Cl,18.508
*CCN(*)C(=O)CO,9.59
*CCCNC(=O)O*,9.512
*NC(C=C)CC(*)=O,10.748
*N(C)[Si](*)(C)C,10.484
*CCc1cnc(*)cn1,12.274
*C(=S)N(*)c1ccccc1,17.06
*CCc1nnc(*)n1N,11.182
*c1nc2c(n1C)C(=O)N(*)C2=O,13.842
*C1=NC2=CC(*)C=CC2=C1,14.931
*c1[nH]c(*)c(C(=O)O)c1C,12.362
*c1[nH]c2ccccc2c1*,14.624
OCC(*)=C=C=C(*)CO,14.317
*O[Si](*)(C)CCC#N,11.737
*Cc1cccc(*)c1O,12.532
*Nc1ccc(*)cc1[N+](=O)[O-],14.453
*NC(CC(N)=O)C(*)=O,10.402
*CCN(*)CC,8.963
*C#CC#Cc1ccc(*)cc1,18.869
*CC(*)[SiH2]CC,11.275
*CCCN(*)C,8.881
*C(*)C(=O)OCCC,10.066
*CC(*)c1ccncc1,12.877
*CCSSCCO*,14.386
*C1C=CC(S(*)(=O)=O)C1,11.939
*CC(*)CCC(F)(F)F,9.362
*CCCCC(=O)O*,10.001
*CC1CC(*)OCO1,9.746
*CC(*)C(=O)OCC(F)(F)F,10.232
*CC(C)(C)C(=O)O*,9.982
*OC(CC)CC(*)=O,10.131
*CC(*)OC(=O)C(F)(F)C(F)(F)F,10.399
*CCCC(Cl)C(*)Cl,12.823
*CC(*)C(F)(F)C(F)(F)C(F)(F)F,9.651
*OC(C)COC(=O)C(*)=O,10.961
*CC(CCl)(CCl)C(=O)O*,13.555
*OC(C(*)=O)C(C)C,10.021
*C1OC(C(F)(F)F)(C(F)(F)F)OC1(*)F,10.239
*CCCOC(=O)C(=O)O*,10.938
*OC(CC(*)=O)C(C)(Cl)Cl,13.778
*CCCC(*)C,9.328
*C1(F)OC(C(F)(F)F)(C(F)(F)Cl)OC1(*)F,12.138
*/N=C(O)/N=C(\*)N=C(N)N,13.326
*/C=C/C1=C(O)C(O)=C(*)C1,14.212
*OC(=O)c1ccc(C(*)=O)cc1,15.398
*OC(=O)c1cccc(C(*)=O)c1,15.205
*/C=C(/*)c1cccc(C#C)n1,17.174
*C(=O)C1CC(O)CN1*,10.729
*CCC(*)OC(C)=O,10.066
*CCCCS(*)(=O)=O,11.078
*C(c1ccoc1)C(*)[N+](=O)[O-],12.594
*CC1CC(*)C(=O)OC1=O,11.313
*C(*)C(=O)OC(C)C,10.075
*CC(*)(CC(=O)O)C(=O)O,10.754
*C(C)C(*)C(=O)OC,10.087
*C([2H])([2H])C(*)(C(=O)OC([2H])([2H])[2H])C([2H])([2H])[2H],10.006
*CC(*)C(=O)NC(C)=O,10.998
*CC(*)C1=NCCN1,10.862
*OC1C=CC(*)CC1,10.871
*CCC(Cl)C(*)C,11.05
*CC(*)C(C)C(F)(F)F,9.273
*CCCC(*)(C)Cl,11.019
*CC(*)C(=O)OC(Cl)C(Cl)(Cl)Cl,17.613
*OC1CCCC(*)O1,9.79
*c1cccc(-c2nnc(*)o2)c1,16.032
*c1ccc(-c2nnc(*)o2)cc1,16.032
*CCCCC(=O)S*,12.451
*C1Oc2ccccc2C1*,13.688
*C(F)(F)C(F)(F)C(F)(F)C(*)(F)C(F)(F)F,9.95
*C(F)(F)CC(F)(F)C(*)(F)C(F)(F)F,9.723
*C(F)(F)C1(*)OC(F)(F)C(F)(C(F)(F)F)O1,10.388
*CCOC(=O)CC(=O)O*,10.752
*C1OCOC(C(*)(F)F)C1(F)F,9.987
*OC(C)(CC(*)=O)C(F)(F)F,10.111
*C(F)(F)C1(*)OC(F)(F)C(F)(C(F)(F)F)O1,10.387
*OC(C)C(=O)OCC(*)=O,10.803
*C(=O)N(*)C(C)C(C)=O,10.942
*C(=O)Nc1nc(C#N)c(*)n1C,14.779
*C(=O)Nc1nc(*)c(C#N)n1C,14.752
*c1nc(C)nc(N(*)C)n1,13.077
*N(C)[Si](*)(C)C=C,12.195
*/N=C1\C=CC(*)C=C1C,13.329
*Sc1ccccc1NC(*)=S,20.216
*Nc1ccc(*)cc1C(=O)O,14.634
*c1[nH]c(*)c2c1CCC2,12.543
*[Si](*)(C)CCC,11.338
*/C=C/c1ccc(*)n1C,14.014
*c1[nH]c2ccc(C#N)cc2c1*,17.337
*[Si](*)(CC)CC,11.161
*[Si](*)(C)CCC(F)(F)F,11.353
*NC(=S)Sc1cc(N)nc(*)n1,19.81
*NS(=O)Nc1cccc(*)n1,15.894
*CC(*)(F)C(=O)OCC,10.077
*CC(*)c1ccc(Cl)cc1,15.807
*C(C)C(*)OCC,9.992
*CC(*)c1ccc(F)cc1,13.65
*CC(*)OCCC,10.045
*CC(*)c1c(Cl)cccc1Cl,17.53
*CC(*)C(=O)OCC=C,11.881
*CC(*)(F)C(=O)OCC(F)(F)F,10.323
*CC(*)C(=O)OCCO,10.668
*/C=C/CCCC*,11.037
*C(F)(F)C(*)(F)c1c(F)c(F)c(F)c(F)c1F,14.087
*CC(*)(F)C(=O)OCC(Cl)(Cl)Cl,15.765
*CC(*)OC(F)(C(F)(F)F)C(F)(F)F,10.455
*CC(C)/C=C(/*)C,10.972
*OC(*)CCCC,9.918
*OC(C)(C)C(*)C,9.903
*CC(C)(C)CO*,9.911
*OC(*)CCC(=O)OC,10.75
*/C=C/C(C*)CC,11.008
*C(F)(F)C1(F)C(F)(F)C(*)(F)C(F)(F)C1(F)F,10.923
*CC(CCl)(CCl)CO*,13.418
*CC(C)(C)CS*,12.13
*CC(O*)C(C)C,9.887
*CCCCCS*,12.197
*CC(S*)C(C)C,12.063
*/C=C/C(C*)(C(F)(F)F)C(F)(F)F,11.135
*/C(C)=C(/*)C(C)C,11.29
*O[Si](*)(CC)CC,11.485
*/C(C)=C(/*)CCC,11.293
*O[Si](*)(C)CCC,11.621
*/C=C(/*)C(C)(C)C,11.036
*CCC(C)CO*,9.825
*CCc1ccc(*)cc1,13.683
*CC(C)(C)C(=O)N*,10.646
*CCc1cccc(*)c1,13.684
*c1ccc(C(*)C)cc1,13.684
*/C=C(\C)C(C)C*,10.948
*C1CCCCC1*,10.233
*CC(C)/C=C(/*)C,10.972
*C(=O)N(*)CCCC,10.811
*CCN(*)C(=O)CC,10.75
*Cc1cccc(C(=O)O*)c1,14.769
*O[Si](*)(C)CCC(F)(F)F,11.675
*CC(*)CCCO,9.975
*NC(C(*)=O)C(C)C,10.612
*CCCN(*)C(C)=O,10.818
*CCOCCC(=O)O*,10.821
*CCc1ccc(*)c(Cl)c1,15.738
*CCOC(=O)/C=C/C(=O)O*,13.048
*CC(*)C(=O)NCC,10.742
*CCCCC(=O)N*,10.748
*N1CCOC1(*)CC,10.436
*CCc1cc(Cl)c(*)c(Cl)c1,17.881
*CCC1CC(=O)N(*)C1=O,12.05
*c1ccc([Si](*)(C)C)s1,16.65
*c1cc(C(=O)CC)c(*)[nH]1,13.529
*N=P(*)(CC)CC,12.184
*CC(*)OC(=O)CCC#N,12.044
*/C(Cl)=C(/*)CCCC,12.907
*c1[nH]c(*)c(OC)c1OC,12.789
*B1NBN(*)B(CC)N1,12.421
*C(=O)N(*)CC(C)C,10.786
*Cc1ccc(C(=O)O*)cc1,14.9
*NC(C)(C)CC(*)=O,10.774
*Nc1ccc(*)cc1OC,14.251
*CC(*)(C)C(=O)OCC#N,11.97
*CCC(O*)(C(F)(F)F)C(F)(F)F,10.149
*c1cccc([SiH](*)C)c1,15.808
*CC(*)C(=O)NCC(F)(F)F,10.9
*c1ccc([SiH](*)C)cc1,15.808
*[Si](*)(C)c1ccccc1,15.809
*Nc1ccc(*)cc1CO,14.161
*CC(CS(C)(=O)=O)O*,11.759
*c1cc(CC(=O)OC)c(*)s1,15.4
*/C=C(/*)c1ccc([N+](=O)[O-])cc1,16.959
*CC(*)OCC(=O)OC,10.753
*CC(=O)NC(C)C(=O)O*,11.558
*c1ccc(N2C(=O)N(*)C2=O)cc1,16.431
*NC(CC(*)=O)C(=O)OC,11.471
*CCN(*)C(=O)C(F)(F)C(F)(F)F,11.179
*c1ccc([Si](*)(C)Cl)cc1,17.406
*NC(CCC(*)=O)C(=O)O,11.642
*NC(C)C(C)C(*)=O,10.616
*NC(CC)CC(*)=O,10.794
*c1ccc2cc(*)ccc2c1,17.165
*c1ccc(*)n1CC(=O)NO,13.557
*CC(*)(C)c1ncncn1,13.064
*C/C=C/C(C)S(*)(=O)=O,13.073
*CC(*)OC(=O)OCC(Cl)(Cl)Cl,16.458
*c1[nH]c2cc([N+](=O)[O-])ccc2c1*,17.614
*CC(*)OC(=O)OCC(F)(F)F,10.861
*c1[nH]c2ccc([N+](=O)[O-])cc2c1*,17.429
*CCCCOCO*,10.669
*NC(CCC(=O)O)C(*)=O,11.608
*CC(COCC)O*,10.716
*c1ccc2ccc(*)cc2c1,17.165
*CCCCSCS*,15.455
*CC(C)(CO)CO*,10.466
*SC1CCCCC1*,13.293
*c1ccc(*)c2ccccc12,17.165
*c1cccc2c(*)cccc12,17.165
*SC1CCCC(*)C1,13.293
*NC(C)(CC)C(*)=O,10.667
*CC(*)OCCOC,10.708
*c1cc(C(F)(F)C(F)(F)C(F)(F)F)c(*)s1,14.924
*CC(*)c1ccc(C#N)cc1,16.347
*CCOCC(CCl)O*,12.468
*Oc1ccc(CC(*)=O)cc1,14.654
*CC(S*)c1ccccc1,16.736
*NC(COC(C)=O)C(*)=O,11.398
*CCC(=O)NCC(=O)N*,12.276
*CCCCCSS*,15.22
*OC(=O)CCCCC(*)=O,11.988
*c1cc2cccccc-2c1*,19.025
*CC(O*)C1CC(F)(F)C1(F)F,11.228
*/C=C(/*)c1nc2ccccc2[nH]1,18.663
*CC(*)(C)C(=O)OCC#C,13.084
*CCCCOC(=O)O*,10.745
*CCc1ccc(*)c(C#N)c1,16.181
*C(=O)NNC(=O)c1cnc(*)cn1,15.473
*/C=C(/*)c1cc(C)sc1C,17.387
*Sc1cc(C)c(*)cc1C,17.018
*C/C=C(\C)CS(*)(=O)=O,12.947
*Oc1ccc(/C=C/C(*)=O)cc1,18.712
*CC(*)c1cccc(O)c1,14.425
*CC(*)N1CCCC1=S,14.811
*C(=O)C(O)c1ccc(*)cc1,14.494
*CC(*)c1ccccc1O,14.349
*/C=C(/*)OCCCC,12.004
*/C=C(/*)c1cc(C(F)(F)F)sc1C(F)(F)F,17.456
*Cc1ccc(CO*)cc1,14.534
*CC(*)c1nc(N)nc(N)n1,14.632
*NC(CCSC)C(*)=O,13.791
*C1CC(C)(C)OC1*,10.947
*NC1CCCC1C(*)=O,11.773
*CC(CSCC)O*,13.107
*CCCCc1nnc(*)o1,12.804
*c1ccc([Si](*)(C)F)cc1,15.308
*CCOCCOC(=O)O*,11.429
*/C=C/c1ccc(*)c2occc12,18.11
*CC(*)C(=O)NCCO,11.395
*O[Si](*)(C)c1c(F)c(F)c(F)c(F)c1F,16.132
*c1sc(*)c2nc(C)c(C)nc12,19.363
*Cc1nc2cc3sc(*)nc3cc2s1,23.628
*CC(*)OC(=O)CC(C)=O,11.953
*/C=C/c1ccc(*)c2sccc12,20.568
*c1ccc([Si](*)(C)C=C)s1,18.504
*C(=O)c1ccc(N(*)C)cc1,16.669
*CC(*)C(=O)NC1CC1,11.972
*c1cc(-c2ccc(F)cc2)c(*)s1,19.858
*c1cc(-c2ccccc2)c(*)s1,19.915
*CCS/C(=N\CC)S*,16.683
*CC(C)CNC(=O)O*,11.247
*CCCCNC(=O)O*,11.352
*NC(Cc1c[nH]cn1)C(*)=O,14.027
*/C(=N\CC)N(*)CC,12.147
*/C=C(/*)c1cc(C(F)(F)F)oc1C(F)(F)F,15.172
*c1cc(CCS(=O)(=O)O)c(*)s1,17.166
*[Si](*)(OCC)OCC,12.045
*c1ccc(*)n1C(=O)OCC,14.207
*c1ccc(*)n1CC(=O)OC,14.034
*/C=C/c1ccc(*)c2c1C(=O)OC2=O,18.619
*CCN(*)C(=O)C1CC1,12.165
*O[Si](*)(C)c1ccccc1,16.067
*NC(C)C(=O)NCC(*)=O,12.279
*Nc1cccc(CC(*)=O)c1,15.528
*N=P(*)(C)c1ccccc1,16.727
*CC(=O)C1CCC(*)C1=O,12.391
*CCN(*)C(=O)c1cccs1,16.488
*Cc1cc(*)c(O)cc1C,14.442
*C1C=CC(S(*)(=O)=O)CC1,13.822
*C(=O)NNC(=O)c1ccc(*)nc1,16.086
*CC(*)c1cccc(C)n1,14.915
*CC(*)C(=O)c1ccccc1,15.797
*CC(*)c1ccc(C)nc1,14.933
*CC(*)C(=O)OCCC,11.819
*C(=O)NNC(=O)c1cccc(*)n1,16.889
*CC(*)C(=O)OC(C)C,11.818
*CC(*)OC(=O)c1cccnc1,15.709
*CC(*)OC(=O)c1ccncc1,15.652
*CC(*)C(=O)c1ccc(Cl)cc1,18.07
*/C=C(/*)C(=O)c1ccccc1,16.15
*CCSSSSCCO*,20.833
*C(c1ccccc1)C(*)[N+](=O)[O-],16.04
*CC(*)C(=O)OCC(F)(F)C(F)(F)F,12.218
*Nc1ccc(CC(*)=O)cc1,15.603
*CC(*)(C)C(=O)OCC(F)(F)F,11.985
*CC(*)C(=O)OC(C(F)(F)F)C(F)(F)F,12.253
*CC(COCC=C)O*,12.503
*CC(COCC=C)S*,14.789
*OC(=O)CCSCCC(*)=O,15.149
*CCOC(=O)CCC(=O)O*,12.506
*CC1CC(*)OC(C)O1,11.552
*CC(*)OC(=O)C(F)(F)C(F)(F)C(F)(F)F,12.324
*CC(CO)(CO)CO*,10.992
*CCCCCC(=O)S*,14.354
*Cc1ccc(CSS*)cc1,20.624
*CC(C)(CC)C(=O)O*,11.657
*OC(CC)(CC)C(*)=O,11.635
*OC(CC(*)=O)C(C)C,11.782
*CC(*)C(=O)OC(F)(C(F)(F)Cl)C(F)(F)Cl,15.899
*CCC[Si](*)(C)C,13.029
*CCCCOC(=O)C(=O)O*,12.765
*CCCOC(=O)CC(=O)O*,12.653
*CC(*)C(=O)OC(F)(C(F)(F)F)C(F)(F)Cl,13.974
*N=P(*)(OCC)OCC,12.991
*NNC(=S)c1ccc(C(*)=S)cc1,24.941
*CC(*)[Si](C)(C)C,12.831
*CCCC(*)CC,11.093
*N=P(*)(OCC(F)(F)F)OCC(F)(F)F,13.174
*CC(*)c1ccc(O)c(O)c1,15.227
*CC(*)c1ccc([N+](=O)[O-])cc1,16.256
*CC(*)c1cc(O)ccc1O,15.049
*C(=O)NC1CCCC(*)O1,12.502
*CC(F)(F)CC(*)(C(F)(F)F)C(F)(F)F,11.395
*CCCCCS(*)(=O)=O,13.009
*/C=C/C(CN)C(*)C(=O)O,12.891
*CC(*)c1ccc(Cl)c([N+](=O)[O-])c1,18.286
*/C(SCC)=C(/*)SCC,17.648
*/C=C/C(CN)C(*)C(=O)O,12.888
*CC(*)S(=O)c1ccccc1,17.391
*CC(*)(CC(=O)OC)C(=O)O,12.564
*C(=O)OC1CCN(*)CC1,12.4
*CC(*)n1nnc2ccccc21,16.774
*C(*)C(=O)OC(C)(C)C,11.769
*CC(*)C(=O)SCCC,14.476
*/C=C(/*)CNS(=O)(=O)CC,13.832
*CC(*)C(=O)SC(C)C,14.33
*C([2H])([2H])C(*)(C(=O)OC([2H])([2H])C([2H])([2H])[2H])C([2H])([2H])[2H],11.764
*C(C)C(*)C(=O)OCC,11.75
*C1C=CC(C(*)(C)C)=C1,13.797
*CC(*)C(=O)NCP(=O)(O)O,13.476
*OC1CC(C)CC(*)O1,11.52
*COC1CCC(*)OC1,11.58
*c1cncc(-c2nnc(-c3nnc(*)o3)o2)n1,21.294
*/C=C/C1CC(*)C(C#N)C1,14.036
*/C=C/c1csc(-c2cc(*)cs2)c1,23.913
*c1cc2c(s1)-c1sc(*)cc1C2=C(C#N)C#N,28.732
*c1cc(OCCOC)c(*)s1,16.084
*C(F)(F)C1(*)OC(F)(C(F)(F)F)C(F)(C(F)(F)F)O1,12.317
*C#CC#Cc1ccc(-c2ccc(*)s2)s1,30.173
*CC(SS*)c1ccccc1,19.455
*OC(C)CCOC(=O)C(*)=O,12.635
*OC(CC(C)C)C(*)=O,11.788
*CCC(C)CC(=O)O*,11.661
*CCSC(=O)CCC(=O)S*,17.465
*NNC(=O)c1cccc(C(*)=O)c1,17.385
*NNC(=O)c1ccc(C(*)=O)cc1,17.583
*Nc1ccccc1/C=C/C(*)=O,19.082
*Nc1cccc(/C=C/C(*)=O)c1,19.267
*Nc1ccc(/C=C/C(*)=O)cc1,20.165
*ON(C(F)(F)F)C(F)(F)C(*)(F)SC(F)(F)F,13.285
*c1[nH]c(*)c2c1CCCC2,14.226
*[Si](*)(C)CCCC,13.162
*c1cc(-c2ccccc2)c(*)[nH]1,18.329
*c1ccc(-c2ccc(*)nc2)cn1,18.998
*CCc1cc(O)c(*)cc1O,15.038
*Nc1ccc(*)cc1CC,15.217
*CC(O)C(O)COC(=O)O*,11.777
*c1ccc([Si](*)(C)C#C)cc1,18.729
*c1cc(OC)c(*)cc1OC,15.332
*CC1CC(*)(C)C(=O)OC1=O,13.075
*CC(=O)CC(*)c1ccco1,14.39
*CC(*)OCC(C)C,11.784
*CC(*)(F)C(=O)OCCC,11.884
*CC(*)OCCCC,11.791
*CC(*)OC(C)(C)C,11.734
*CC(=O)C(*)c1ccccc1,15.584
*C(C)C(*)OCCC,11.802
*CC(*)OC(C)CC,11.775
*CC(*)SCCCC,14.017
*CC(*)(F)C(=O)OCC(F)(F)C(F)F,12.127
*C(C)C(*)OC(C)C,11.716
*CC(*)c1ccccc1C(=O)O,16.482
*CC(*)(F)C(=O)OCC(F)(F)C(F)(F)F,12.243
*CC(*)OC(=O)c1cccc(Cl)c1,18.679
*CC(*)c1nc(C)nc(C)n1,15.161
*Nc1ccc(*)c2ccccc12,18.81
*CC(*)(F)C(=O)OC(C(F)(F)F)C(F)(F)F,12.309
*/C(C)=C(/*)[Si](C)(C)C,14.849
*CC(*)OC(=O)c1ccc(Cl)cc1,18.831
*CC(*)OC(=O)c1ccccc1Cl,18.468
*C(F)(F)C(*)(F)OC(F)(F)C(F)(F)C(F)(F)C(F)(F)F,12.606
*CC(*)C(=O)OCCOC,12.533
*CC(CCCC)O*,11.692
*CC(*)(CO)C(=O)OCC,12.283
*CC(O*)C(C)(C)C,11.581
*CC(*)(C)C(=O)OCCO,12.36
*CCCCCCO*,11.711
*OC(C)(C)C(*)(C)C,11.564
*CC(OC)C1C(=O)OC(=O)C1*,13.604
*Cc1ccccc1CSS*,19.404
*CC(*)(C#N)C(=O)OC(C)C,13.785
*Oc1c(OC)cc(*)cc1OC,16.082
*/C=C/C(C)C(*)C(=O)OC,13.676
*CC(C)(CC)CO*,11.578
*CC(CC)(CCl)CO*,13.348
*CC(C)(CC)CS*,13.782
*CCOC(=O)COCC(=O)O*,13.432
*CCCCCCS*,14.162
*Oc1cc(OC)c(*)cc1OC,16.027
*CC(=O)OC(=O)c1cccc(O*)c1,17.63
*C(F)(F)C1(F)C(F)(F)C(*)(F)C(F)(F)C(F)(F)C1(F)F,12.814
*CCSSCCOCO*,16.454
*CC(S*)C(C)(C)C,13.802
*C(=O)N(*)CC(C)CC,12.513
*/C(OC)=C(\OC)c1ccc(*)s1,18.777
*OC(=O)CSCCSCC(*)=O,18.114
*C/C=C/C[Si](*)(C)C,14.956
*CCN(*)C(=O)CCC,12.579
*CCCCOC(=O)SC(=O)O*,16.135
*CCCCCOC(=O)O*,12.471
*CCCN(*)C(=O)CC,12.449
*NC(C(*)=O)C(C)CC,12.383
*CC(C)(CC)C(=O)N*,12.35
*C(*)=NC(C)c1ccccc1,16.712
*Cc1ccc(CSSS*)cc1,22.97
*CCN(*)C(=O)C(C)C,12.491
*CCc1ccc(*)c(C)c1,15.623
*NC(CC(C)C)C(*)=O,12.502
*NC(CCC(=O)OC)C(*)=O,13.247
*C(Cl)C(*)OCCCC,13.719
*CC(*)c1ccc(CCl)cc1,17.797
*CC(*)c1ccccc1C(F)(F)F,15.513
*c1cccc(C(F)(F)C(F)(F)C(*)(F)F)c1,15.757
*C1CCCC(S(*)(=O)=O)C1,13.593
*CC(*)C(=O)NCCC,12.559
*CC(*)(C)C(=O)NCC,12.491
*CC(*)c1cccc2c1OCO2,16.205
*CC(*)S(=O)(=O)c1ccccc1,17.18
*CC(*)c1ccc2c(c1)OCO2,16.318
*CC(*)C(=O)OCC(C)O,12.458
*CC(*)(C)C(=O)OCC=C,13.421
*/C=C(/*)C(C)(C)CC,12.687
*CC(*)C(=O)N(C)CC,12.416
*CC(*)(C)C(=O)OCSC,14.836
*CC(*)C(=O)Oc1c(F)c(F)c(F)c(F)c1F,16.531
*CCOC(=O)CC(C)O*,12.509
*CC(CS(=O)(=O)CC)O*,13.58
*OC(*)CCCCC,11.681
*CCCOC(=O)C(C)O*,12.478
*Oc1ccc2cc(C(*)=O)ccc2c1,21.142
*c1cc(CC(=O)OCC)c(*)s1,17.188
*OC(C)C(=O)NC(C)C(*)=O,13.31
*OC(C)COC(=O)/C=C/C(*)=O,15.148
*C(=O)N(*)CCCCC,12.622
*NC(C)C(C)(C)C(*)=O,12.321
*NC(CC(*)=O)C(C)C,12.399
*CCCCC(Cl)(Cl)C(=O)N*,16.149
*CC(C)(C)COC(=O)O*,12.461
*NC(CC(*)=O)C(=O)OCC,13.344
*CCC1C(=O)N(C)C(=O)C1*,13.802
*Nc1nc(*)nc(-c2ccccc2)n1,20.144
*C(O)C(C)C1C(=O)OC(=O)C1*,13.579
*/C(=N\CC=C)N(*)CC=C,15.649
*C(F)(F)C1(F)C(F)(F)C(*)(F)C(F)(F)C(F)(Cl)C1(F)F,14.519
*N=P(*)(C)CCCC,13.873
*NC(CCC(*)=O)C(=O)OC,13.429
*c1nc(Cl)nc(N(*)c2ccccc2)n1,22.451
*CCN[Si](C)(C)N*,13.499
*Nc1ccc(*)cc1OCC,16.006
*c1ccc(*)n1CCC(=O)NO,15.651
*O[Si](*)(C)CCCC(=O)O,14.023
*C[Si](*)(C)c1ccccc1,17.487
*O[Si](C)(C)[Si](*)(C)C,15.856
*c1ccc([Si](*)(C)C)cc1,17.488
*Nc1cc(C(=O)O)c(*)cc1OC,17.446
*O[Si](*)(C)CCCC,13.113
*[Si](*)(C)c1ccc(CCl)cc1,19.995
*C1Nc2ccc(C)cc2C1*,16.539
*[Si](*)(CC)c1ccccc1,17.49
*/C=C/C1CC(*)C2(Cl)OC(=O)OC12Cl,18.218
*CCCCCOCO*,12.479
*[Si](*)(C)c1ccc(C)cc1,17.89
*C/C=C/C(CC)S(*)(=O)=O,14.454
*CC(*)C(=O)C(C)(C)C,12.833
*CC(*)c1ccc(OC)cc1,16.474
*CC(*)OCc1ccccc1,16.273
*C(C)/C=C/C(C)S(*)(=O)=O,15.008
*CCOC(=O)c1ccc(O*)cc1,17.488
*C/C(C)=C/C(C)S(*)(=O)=O,14.817
*C/C=C(\C)C(C)S(*)(=O)=O,14.608
*CCCCCCSS*,16.977
*CC(COC(F)(C(F)(F)F)C(F)(F)F)O*,12.871
*CCOC(=O)c1ccc(O*)c(Cl)c1,19.628
*Cc1ccc(CSSSS*)cc1,26.702
*CCOC(=O)c1ccc(O*)cc1Cl,19.434
*Nc1ccc(CCC(*)=O)cc1,17.215
*NNC(=O)CCCCC(*)=O,14.267
*C(=O)C1CC(OC(C)=O)CN1*,14.352
*NC(C)C(=O)NCCC(*)=O,13.911
*CCN(*)C(=O)c1ccccc1,17.218
*CCCCOC(=O)SSC(=O)O*,19.032
*OC(=O)CCS(=O)(=O)CCC(*)=O,15.256
*NC(Cc1ccccc1)C(*)=O,17.042
*Cc1ccc(COC(=O)O*)cc1,17.339
*N=P(*)(NCC)NCC,14.601
*C1c2cccc3cccc(c23)C1*,20.158
*C1C2CC(C)C(C2)C1*,12.992
*C1CCC2C(*)CCC12,13.139
*N=P(*)(N(C)C)N(C)C,14.356
*CC(*)c1ccc(B(O)O)cc1,17.021
*CC(*)c1ccc(OC)cc1Cl,18.399
*CC(*)c1ccc(S(=O)(=O)O[Na])cc1,19.07
*CC(*)(C)c1ccc(C#N)cc1,18.175
*/C=C(/*)c1ccc2ccccc2c1,22.232
*CC(*)c1ccc(S(=O)(=O)O[Li])cc1,18.762
*CC(*)c1c(F)c(F)c(OC)c(F)c1F,16.445
*/C=C(\C)CC(C#N)CC*,14.586
*CC(*)(C)C(=O)NC1CC1,13.685
*/C=C(/*)c1cccc2ccccc12,21.333
*CC(*)C(=O)N1CCCC1,13.589
*CC(*)n1ccc2ccccc21,18.385
*CC(*)C(=O)N(C)CC=C,14.277
*/C=C/C1CCC(*)(C)C1,13.836
*CC(*)C(=O)Nc1ccccc1Cl,19.417
*CC(*)C(=O)Nc1ccccc1,17.463
*CC(*)C(=O)Nc1cccc(Cl)c1,19.612
*/C=C(/*)c1nc2ccccc2n1C,20.315
*OC1CCCCCC1*,12.598
*C1CCc2ccccc2C1*,16.546
*CC(C[N-][N+]#N)(C[N-][N+]#N)CO*,16.993
*CCCCCc1nnc(*)o1,14.643
*c1cccc(-c2nnc(-c3nnc(*)o3)o2)c1,22.784
*CC(CSCCC)O*,14.897
*/C=C/C1CCCCC1*,13.582
*CC(CC)(CO)CO*,12.175
*CC(CSC(C)C)O*,14.809
*c1ccc(-c2nnc(-c3nnc(*)o3)o2)cc1,22.784
*CC1CC(*)CC(O)C1,12.603
*CC(COC(C)C)O*,12.462
*CC(*)C(=O)Nc1ccc(Cl)cc1,19.725
*c1cc(OCCCC)c(*)s1,17.307
*OC(=O)OC1COC2C(*)COC12,13.867
*c1ccc(-c2ccc([SiH](*)C)s2)s1,25.93
*c1ccc([Si](*)(C)CC=C)s1,20.527
*CCc1nc2cc3sc(*)nc3cc2s1,25.603
*CCCCNC(=O)C(=O)N*,14.005
*c1cc(CCCS(=O)(=O)O)c(*)s1,18.961
*OC1CCC(OC(*)=O)CC1,13.38
*c1ccc2[nH]c3ccc(*)cc3c2c1,22.143
*CCCCc1nnc(*)n1N,14.743
*OC1CCCCC1OC(*)=O,13.419
*N=P(*)(CC)c1ccccc1,18.579
*NC(CC(*)=O)c1ccccc1,17.004
*c1ccc2c(c1)c1ccccc1n2*,22.142
*Nc1c(OC)cc(*)cc1OC,16.968
*c1ccc(*)n1CCC(=O)OC,15.872
*C(=O)C1CC(OC(C)=O)CN1*,14.353
*Nc1cccc(CCC(*)=O)c1,17.14
*c1ccc(*)n1CC(=O)OCC,15.671
*CNC(=O)CCCC(=O)N*,13.968
*Nc1cc(OC)c(*)cc1OC,16.972
*CCN(*)C(=O)c1ccccc1F,17.24
*c1cc(CC(=O)OCC)c(*)[nH]1,15.541
*CCN(*)C(=O)c1cccc(F)c1,17.267
*c1ccc(*)n1C(C)C(=O)OC,15.75
*CCN(*)C(=O)c1c(F)cccc1F,17.231
*c1ccc([Si](*)(C)OS(=O)(=O)C(F)(F)F)s1,20.746
*CCN(*)C(=O)c1cccc(F)c1F,17.299
*CC(C)(N=C=O)C1C(=O)OC(=O)C1*,15.785
*CCN(*)C(=O)c1ccc(F)c(F)c1,17.353
*CCN(*)C(=O)c1cc(F)ccc1F,17.283
*CCN(*)C(=O)c1ccc(F)cc1F,17.311
*CCN(*)C(=O)c1cc(F)cc(F)c1F,17.353
*CCN(*)C(=O)c1cc(F)c(F)cc1F,17.385
*CCN(*)C(=O)c1cc(F)cc(F)c1,17.305
*CCN(*)C(=O)c1c(F)cc(F)cc1F,17.298
*c1ccc([Si](*)(C)C=C)cc1,19.25
*c1ccc([Si](*)(C)OC)cc1,17.69
*CCN(*)C(=O)c1cc(F)c(F)c(F)c1F,17.492
*CCN(*)C(=O)c1c(F)c(F)c(F)c(F)c1F,17.477
*CCN(*)C(=O)c1ccc(F)c(F)c1F,17.397
*CC(*)C[Si](C)(C)C,14.69
*CCN(*)C(=O)c1c(F)cc(F)c(F)c1F,17.381
*CCN(*)C(=O)c1c(F)c(F)cc(F)c1F,17.37
*O[Si](*)(C)c1ccc(C)cc1,18.122
*CC(=O)C1CCC(*)C(=O)C1,14.164
*Nc1cc(OC)c(*)cc1S(=O)(=O)O[Na],19.642
*[Si](*)(C)c1ccc(OC)cc1,18.739
*CCN(*)C(=O)c1ccc(F)cc1,17.289
*Nc1cc(S(=O)(=O)O)c(*)cc1OC,18.801
*CC(*)c1ccc(C(=O)C(F)(F)F)cc1,18.322
*C1C2CCC(C2)C1S(*)(=O)=O,14.655
*CCN(*)C(=O)c1c(F)ccc(F)c1F,17.291
*CC(*)OC(=O)C(F)(F)C(F)(F)C(F)(F)C(F)(F)F,14.325
*OS(=O)(=O)c1cc(C)c(*)c(C)c1,18.157
*OC(F)(C(=O)N([Li])S(=O)(=O)C(F)(F)C(*)(F)F)C(F)(F)F,16.332
*CCN(*)C(=O)c1cc(F)c(F)c(F)c1,17.421
*/C=C/c1ccc(*)c(C(=O)O[Na])c1C(=O)O[Na],21.678
*OC1CCC(C=C)CC1*,14.515
*CCCCCC(*)C,12.785
*c1ccc2c(c1)Cc1cc(*)ccc1-2,22.1
*/C=C(/*)CN(CC)CC,14.097
*CC(CC)(CC)C(=O)O*,13.358
*CC(C)(C)COC(=O)C(=O)O*,14.502
*C1C2C/C(=C\C)C(C2)C1*,14.994
*C(*)C(=O)OC(C)(C)CC,13.46
*c1nnc(C2CCC(*)CC2)o1,15.464
*CCCCCCC(=O)O*,13.518
*CC1(CO*)CC=CCC1,14.155
*CC(*)C(=O)OCC(C)C,13.644
*CCCOC(=O)CCC(=O)O*,14.316
*c1ccc(-c2ccc(-c3ccc(*)s3)o2)o1,26.511
*OC1CCC(NC(*)=O)CC1,14.141
*CCCCOC(=O)CC(=O)O*,14.472
*/C=C/C1C/C(=C\C)C(*)C1,16.06
*O[Si](C)(C)Oc1ccc(*)cc1,18.084
*CC(*)C(=O)OC(C)(C)C,13.515
*CC(*)C(=O)n1sc2ccccc2c1=O,22.007
*OC1C(CO)OC(*)C(O)C1O,13.41
*CC(*)(CCC)C(=O)OC,13.509
*c1ccc(-c2ccc(-c3ccc(*)s3)s2)o1,29.149
*CC(*)(C)C(=O)OCCC,13.491
*C(C)C(*)C(=O)OCCC,13.448
*/C=C(/*)CNS(=O)(=O)CCC,15.792
*CC(*)(C)C(=O)OC(C)C,13.544
*CCCCCC(Cl)C(*)Cl,16.331
*CCNC(=O)C1CC1C(=O)N*,15.429
*C(C)C(*)C(=O)OC(C)C,13.461
*CCC(C)CCC(=O)S*,15.941
*CC(*)P(=O)(CC)CC,14.355
*CCCCCOC(=O)C(=O)O*,14.551
*CC(*)C(=O)OC(C)CC,13.454
*OC(C)COC(=O)CCC(*)=O,14.439
*CC(COc1c(Cl)cc(Cl)cc1Cl)O*,23.111
*CC(*)C(=O)SC(C)CC,16.204
*CC(*)C(=O)N(O)c1ccccc1,18.015
*CC(C)(CCC)C(=O)O*,13.312
*CC(*)(C)C(=O)OCCCCl,15.333
*OC1C(O)C(*)OC(CO)C1O,13.431
*Oc1cccc(Oc2cccc(*)n2)c1,20.807
*c1cc(-c2ccc(OC)cc2)c(*)s1,22.954
*CC(Cl)(C#N)C1C=CC(*)CC1,17.541
*[Si](*)(CCC)CCC,14.698
*CC(*)C(=O)SCC(C)C,16.211
*CC(*)(CC(=O)OCC)C(=O)O,14.406
*CC(C)(CC)CS(*)(=O)=O,14.458
*OC(C)CCOC(=O)CC(*)=O,14.425
*C[Si](C)(C)[Si](*)(C)C,17.255
*COC1OC(*)C(O)C(O)C1O,13.518
*CCCCCNC(=S)N*,16.911
*c1[nH]c(*)c2c1CCCCC2,15.953
*c1nnc(C2CCCC(*)C2)o1,15.427
*CC(*)OC(=O)c1cccc([N+](=O)[O-])c1,19.066
*CC(OO*)c1ccc(C)cc1,17.425
*c1ccc([Si](*)(C)N(C)C)s1,19.631
*CCCCOC(=O)SSSC(=O)O*,22.255
*CC(*)(C)C(=O)OCC(F)(F)C(F)(F)F,13.886
*CC(*)C(=O)N(O)c1cccc(Cl)c1,20.136
*CC(*)(C)C(=O)OCCO[N+](=O)[O-],15.068
*CCc1ccc(*)c2cccnc12,20.085
*Sc1ccc(-c2ccc(*)cc2)cc1,24.569
*C/C=C/C[Si](*)(C=C)C=C,18.401
*CC(*)C(=O)N(O)c1ccc(Cl)cc1,20.275
*CCCCC(N)C(=O)N*,13.8
*OC(=O)Cc1ccc(CC(*)=O)cc1,18.436
*CC(*)C(=O)OCC(F)(F)C(F)C(F)(F)F,13.936
*CC(*)C(=O)OCC(F)(F)C(F)(F)C(F)(F)F,14.153
*OC(CC(*)=O)C1CCC=CO1,15.094
*CCNC(=O)c1cccc(O*)c1,18.013
*CC1(C)CC(*)(C)C(=O)OC1=O,14.746
*CCOC(=O)CCCC(=O)O*,14.287
*CCCSC(=O)CCC(=O)S*,19.225
*CCNC(=O)c1ccccc1O*,17.955
*CCCCCNC(=O)N*,13.749
*CCN(*)Cc1ccccc1,17.047
*CC(*)OCCCCC,13.57
*CC(*)C(=O)Oc1ccc([N+](=O)[O-])cc1,19.163
*/C(C)=C(/*)[Si](C)(C)CC,16.516
*C(C)C(*)OCC(C)C,13.53
*CC(=O)C(*)c1ccc(C)cc1,17.732
*CC(*)Cc1ccccc1C,17.296
*CC(*)Cc1ccc(C)cc1,17.381
*CC(*)c1ccc2ccccc2c1,21.25
*C(C)C(*)OCCCC,13.429
*CC(C)(C)C1C(=O)OC(=O)C1*,14.643
*CC(*)OCC(C)(C)C,13.599
*CC(*)Cc1cccc(C)c1,17.314
*C(C)C(*)OC(C)(C)C,13.507
*NC(=O)/C=C/C(=O)Nc1nc(*)nc(N)n1,21.008
*CC(*)OC(=O)c1ccc(C)cc1,18.679
*Nc1cc(NC(=O)C(*)=O)ccc1C,19.792
*CC(*)C(=O)c1ccc(OC)cc1,18.89
*NC(Cc1ccc(O)cc1)C(*)=O,17.499
*CC(*)OC(=O)c1ccccc1C,18.437
*CC(*)OC(=O)c1cccc(C)c1,18.494
*Sc1ccc2c(c1)Sc1ccc(*)cc1S2,29.888
*CC(=O)C(*)Cc1c(F)c(F)c(F)c(F)c1F,17.716
*CC(CC(C)C)S(*)(=O)=O,14.441
*CC(*)C(=O)OCCOCC,14.27
*C(F)(F)C(*)(F)C(F)(F)C(F)(F)C(F)(F)C(F)(F)C(F)(F)F,13.818
*CC(*)C(=O)OCCCOC,14.298
*CC(*)C(=O)OC(C(F)(F)F)(C(F)(F)F)C(F)(F)F,14.244
*CC(*)(C)C(=O)OCC(F)(F)C(F)F,13.816
*OC(CC(*)=O)C(C)(C)C,13.4
*CCNC(=O)c1ccc(O*)cc1,18.182
*CC(*)OC(=O)C1CCCC1,14.513
*CC(*)C(=O)OCCOCC(F)(F)F,14.369
*CC(CCl)(CCl)COC(=O)C(=O)O*,18.045
*CC(OC)C(C(=O)O)C(*)C(=O)O,14.924
*CC(*)(C)C(=O)OCC(C)O,14.238
*CC(*)(C#N)C(=O)OCC(C)C,15.642
*CC(*)C(=O)OCC(F)(F)C(F)(F)OC(F)(F)F,14.722
*CC(*)(F)C(=O)OCC(F)(F)C(F)(F)C(F)(F)F,14.155
*CC(OC(C)=O)C1C(=O)OC(=O)C1*,15.496
*CC(*)C(=O)Oc1ccc(C(=O)O)cc1,19.409
*CC(CC(C)(C)C)O*,13.375
*Oc1ccc(Oc2cccc(*)n2)cc1,20.83
*CC(CC)(CC)CO*,13.277
*CC(CO*)C(C)(C)C,13.279
*Oc1ccc(Sc2ccc(*)cc2)cc1,24.387
*CCCOC(=O)COCC(=O)O*,15.032
*OC(C)COC(=O)COCC(*)=O,15.11
*CC(CO*)(COC=O)COC=O,15.029
*c1ccc2oc3ccc(S(*)(=O)=O)cc3c2c1,25.271
*CCOC(=O)c1ccc(C(=O)O*)cc1,19.672
*CC(*)C(=O)OCCOC(F)(F)C(F)F,14.365
*CCOC(=O)c1cccc(C(=O)O*)c1,19.47
*OC(=C(C)C)C(C)(C)C(*)=O,15.281
*OC(c1ccco1)C(C)(C)C(*)=O,16.606
*CC(C)(CCC)C(=O)N*,14.05
*CCCCCCC(=O)N*,14.259
*CCCCCCOC(=O)O*,14.285
*Cc1ccc(COC(=O)C(=O)O*)cc1,19.387
*CCOC(=O)NCCNC(=O)O*,15.342
*Oc1ccc(OC(=O)CCC(*)=O)cc1,18.901
*NC(CC(=O)OCCC)C(*)=O,15.174
*NC(C)CCCCC(*)=O,14.444
*CCCC(C)CC(=O)N*,14.151
*CCN(*)C(=O)C(C)(C)C,14.215
*CCN(*)C(=O)CC(C)C,14.365
*O[Si](*)(CCC)CCC,15.102
*CCc1cc(C)c(*)cc1C,17.476
*CCC1(*)CCCCC1,13.652
*CCc1ccc(*)c(CC)c1,17.45
*CCN(*)C(=O)CCCC,14.384
*CCN(*)C(=O)CCC(=O)OC,15.126
*Oc1cccc(OC(=O)CCC(*)=O)c1,19.188
*NC1CC1NC(=O)C1CC1C(*)=O,16.688
*C1CC2C3CC4C(C3*)C24C1,15.252
*CC(F)(F)C(F)(F)C(F)(F)C(F)(F)COC(=O)O*,14.74
*CCC(*)(C)c1ccccc1,17.29
*NC(CCC(=O)OCC)C(*)=O,15.122
*CC(*)Cn1cc2ccccc2n1,19.993
*/C=C/C(C)C(*)C(=O)OCC,15.32
*CC(*)Cn1ncc2ccccc21,19.43
*NC(CCC(=O)OCCCl)C(*)=O,16.699
*/C(Cl)=C(/*)CCCCCC,16.742
*CCOC(=O)c1ccccc1C(=O)O*,19.152
*CC1CCCC(*)(CO)C1=O,14.459
*CS(=O)(=O)C1CCC(*)S(=O)(=O)C1,17.455
*CC(*)c1ccccc1OC(C)=O,18.018
*CC(C)(/C=C(/*)C)C(=O)OC,15.286
*CC(*)c1cc(C(F)(F)F)cc(C(F)(F)F)c1,17.65
*CCCCSSCCSS*,22.974
*CC(*)(C)C(=O)NC(C)C,14.31
*CC(*)(C)C(=O)NCCC,14.318
*CC(*)C(=O)N(CC)CC,14.189
*CC(*)(C)C(=O)OCc1cccs1,18.852
*C(*)C(=O)OC1CCCCC1,14.465
*CC(*)C(=O)NCC(C)C,14.286
*CC(*)C(=O)OC(OCC)C(F)(F)F,14.449
*CC(*)(C)C(=O)OC1CCC1,14.756
*CC(*)(C)C(=O)N1CCCC1=O,15.469
*CC(*)(C)C(=O)OCc1ccsc1,18.87
*CC(*)(C)C(=O)OCCS(=O)(=O)O[Na],16.805
*/C(C)=C(/*)CCCCC,14.797
*CC(*)(C)C(=O)Oc1c(F)c(F)c(F)c(F)c1F,18.32
*CC(*)(C)C(=O)OCc1csc(*)c1,18.746
*C1C(*)C2CC1C1C=CCC12,15.567
*/C=C/C1CC(*)C2CC=CC12,16.198
*CC(*)C(=O)NCC(F)(F)C(F)(F)C(F)(F)F,14.78
*/C=C/C(C)(C(=O)OC)C(*)C,15.115
*COC1CC2CC(O*)C1C2,14.256
*CC(CCl)(CO*)COC(C)=O,16.033
*OC1OC(*)C2CCCCC12,14.263
*CC1(CO*)CC2C=CC1C2,15.062
*C(F)(F)C1(F)C(F)(F)C(*)(F)C(F)(F)C(F)(F)C(F)(F)C1(F)F,14.719
*c1nnc(C2CC3(CC(*)C3)C2)o1,17.036
*CC(CS(=O)(=O)CCC)O*,15.272
*/C=C/C1CC(*)C2CC=CC12,16.198
*COC1COC(*)c2ccccc21,18.003
*CC(CS(=O)(=O)C(C)C)O*,15.252
*CC(O)COc1cccc(O*)c1,17.826
*OC1C(CO)OC(*)C(N)C1O,13.993
*CC1(*)OCC(c2ccccc2)O1,17.961
*c1ccc(-c2nnc(*)o2)c(OCC)c1,20.731
*CC(CC)(CC)CS*,15.492
*c1cc(CCCCC)c(*)s1,18.195
*Oc1ccc(OC2(F)C(*)(F)C(F)(F)C2(F)F)cc1,18.4
*/C=C/C=C/c1nc2cc3sc(*)nc3cc2s1,33.097
*c1ccc(Nc2cc(C)c(*)s2)cc1,22.916
*C1=CS/C(=C2\SC=C(c3ccc(*)cc3)S2)S1,34.032
*c1ccc(-c2ccc(-c3ccc(*)s3)s2)[nH]1,30.155
*CCCCOC(=O)/C=C/C(=O)O*,16.576
*CCCCOC(=O)/C=C/C(=O)O*,16.576
*Oc1ccc(C(*)=O)cc1CCC,18.703
*Sc1ccc2c(c1)Sc1cc(*)ccc1N2,28.311
*OC1CCC(OC(=O)C(*)=O)CC1,15.282
*c1cc(C(=O)OCC(F)(F)C(F)(F)C(F)(F)F)c(*)s1,19.935
*c1cc(C(C(=O)OC)C(=O)OC)c(*)s1,19.734
*OC([2H])([2H])C([2H])([2H])OC(=O)c1c([2H])c([2H])c(C(*)=O)c([2H])c1[2H],19.861
*c1ccc(-c2ccc([Si](*)(C)C#C)s2)s1,28.633
*C(=O)N(*)CCCCCC,14.357
*c1ccc(-c2csc(-c3nc(*)cs3)n2)cc1,29.066
*CCC(C)CCC(=O)N*,14.216
*NC(C)(C)C(C)(C)C(*)=O,14.021
*NC(C)(CCC)CC(*)=O,14.234
*c1cccc(N2CC(=O)N(*)CC2=O)c1,19.636
*C1C(=O)N(C(C)(C)C)C(=O)C1*,15.364
*[Si](*)(C)C1CCCCC1,15.688
*C1C(=O)N(C(C)CC)C(=O)C1*,15.467
*[Si](*)(C)CCc1ccccc1,19.563
*CC(CC)N(*)C(=O)CC,14.336
*Cc1ccccc1[Si](*)(C)C,19.273
*O[Si](*)(C)CCCCC,15.111
*CCC1C(=O)N(CC)C(=O)C1*,15.566
*C/C=C(\C)C[Si](*)(C)C,16.463
*C1(C)CC(*)(C)C(=O)N(C)C1=O,15.431
*O[Si](*)(CCC(F)(F)F)CCC(F)(F)F,15.096
*Nc1cccc(NC(=O)/C=C/C(*)=O)c1,21.927
*O[Si](*)(C)CCCC(=O)OC,15.999
*CC(C)C1C(=O)N(C)C(=O)C1*,15.394
*CC(OC=O)C(COC(=O)O*)OC=O,15.74
*CC(OCC)C1C(=O)OC(=O)C1*,15.297
*C1C(=O)OC(=O)C1C(C)(C)C(*)O,15.242
*Nc1ccc(NC(=O)/C=C/C(*)=O)cc1,22.467
*N=P(*)(CCC)CCC,15.789
*OC1C(C)(C)C(*)C1(C)C,14.574
*CC(O)CN(*)c1ccccc1,17.836
*CC1(CO*)CCCCC1,14.263
*CC(COCCCC)O*,14.253
*O[Si](*)(C)CCC(F)(F)C(F)(F)C(F)(F)F,15.45
*c1ccc(-c2nc3ccccc3o2)c(*)c1,24.793
*c1c(*)c2ccccc2c2ccccc12,24.607
*CCCP(*)(=S)c1ccccc1,22.392
*c1cc(*)cc(-c2nc3ccccc3o2)c1,24.794
*CCCCSCCCS*,18.636
*CC(*)(C)C(=O)OCC(O)CO,14.903
*c1ccc(*)c(C(=O)c2ccc(F)cc2)c1,22.542
*CC(*)OC(=O)c1ccc(OC)cc1,19.573
*CC(*)OC(=O)c1ccccc1OC,19.355
*c1ccc(*)c(C(=O)c2ccccc2)c1,22.492
*CCOC(=O)Cc1ccc(O*)cc1,18.887
*C(C)/C=C(\C)C(C)S(*)(=O)=O,16.332
*OC(C)CNC(=O)CC(*)C,14.802
*CC(*)OC(=O)c1cccc(OC)c1,19.315
*CC(*)OC1CCCCC1,14.5
*CCN(*)C(=O)c1ccc(C)cc1,19.377
*C1C(=O)N(Nc2ccccc2)C(=O)C1*,19.747
*[Si](*)(c1ccccc1)c1ccccc1,24.033
*OC(=O)CCCCCCC(*)=O,15.314
*CCCN(*)C(=O)c1ccccc1,19.144
*CC(Cc1ccccc1)S(*)(=O)=O,19.109
*CCOC(=O)c1ccc(O*)c(C)c1,19.425
*CNC(=O)CCCCC(=O)N*,15.958
*/C=C/C(C)(C)CC(C#N)C*,16.442
*CC1(*)CC(=O)N(c2ccccc2)C1=O,20.201
*C1C(=O)N(c2ccccc2C)C(=O)C1*,20.065
*CCC(C#N)C/C(C)=C(/*)C,16.371
*OC1CCCCCCC1*,14.689
*CC(CSCCCC)O*,16.72
*CCOC(=O)c1ccc(O*)cc1C,19.358
*CCCCCCc1nnc(*)o1,16.367
*CC(*)C(=O)OCCN(C)C,15.024
*CCCOC(=O)c1ccc(O*)cc1,19.386
*CC(*)N1CCCCCC1=O,15.104
*OCCOc1cc(*)nc2ccccc12,21.625
*O/C(=C/CC)C(CC)C(*)=O,15.389
*CC(*)C(=O)Nc1ccccc1C(=O)O,20.59
*OC(=O)CS(=O)(=O)CCS(=O)(=O)CC(*)=O,19.587
*CC(=O)OC(=O)COc1cccc(O*)c1,19.976
*CC(COC(C)(C)C)O*,14.128
*c1nc2cc3nc(-c4ccc(*)o4)[nH]c3cc2[nH]1,27.503
*CC(C)(CO*)COCC(F)(F)F,14.224
*CCOCCOC(=O)/C=C/C(=O)O*,17.523
*C(=O)c1cccc(C(=O)N2COCN2*)c1,20.744
*Oc1cccc(OC(=O)C2CC2C(*)=O)c1,20.192
*Oc1cccc(C(=O)c2ccc(*)cc2)c1,23.338
*Oc1cccc(Oc2cccc(*)c2)c1C#N,24.118
*c1sc(*)c(OCCCC)c1C,18.991
*c1nc(C)nc(N(*)c2ccccc2)n1,22.477
*c1ccc(*)c(C(=O)c2c(F)c(F)c(F)c(F)c2F)c1,22.668
*CC(*)c1ccc(C(O)C(F)(F)F)cc1,18.22
*CCC(C)O[Si](C)(C)O*,15.224
*c1nc(-c2ccccc2)nc(N(*)C)n1,22.212
*CC(=O)OC(=O)COc1ccc(O*)cc1,20.036
*Oc1cccc(OC2(F)C(*)(F)C(F)(F)C2(F)F)c1,18.37
*c1cccc(-c2ccc(-c3ccc(*)s3)s2)n1,31.51
*c1ccc(-c2ccc(-c3ccc(*)s3)s2)cn1,31.307
*c1sc(*)c2nc(CC)c(CC)nc12,23.095
*CCCc1nc2cc3sc(*)nc3cc2s1,27.327
*C(=O)c1ccc(N(*)CCC)cc1,20.602
*C1OCCCC1C1C(=O)OC(=O)C1*,16.349
*c1ccc([Si](*)(C)c2ccccc2)s1,24.857
*Sc1ccc(/N=N/c2ccc(*)cc2)cc1,29.899
*c1ccc([Si](*)(C)OCC)cc1,19.762
*c1ccc2c(c1)c1cc(*)ccc1n2C,24.153
*c1ccc([SiH](*)c2ccccc2)cc1,24.034
*CCCCCc1nnc(*)n1N,16.682
*CCCCNC(=O)CC(=O)N*,15.8
*CC(*)CC[Si](C)(C)C,16.419
*c1ccc([Si](*)(C)CC=C)cc1,21.38
*O[Si](*)(CCC)c1ccccc1,19.573
*c1ccc(-c2ccc([Si](*)(C)C)s2)s1,27.514
*OC(COc1ccccc1)CC(*)=O,18.957
*CC1(C(=O)O)COCC(*)(C(=O)O)C1,15.816
*CC(*)(C)C(=O)O[Si](C)(C)C,16.759
*CC(*)C(=O)c1ccc(C)c(C)c1,19.818
*CC(*)c1ccc(C(=O)CC)cc1,19.827
*NC(CCCCSC)C(*)=O,17.396
*CC1(CO*)CC=C(C)CC1,16.037
*CC(COc1ccc(C)cc1)O*,19.077
*CC(*)P(=O)(OCC)N(C)C,16.13
*CC(*)(C)C(=O)OCC(C)C,15.274
*CC(*)OC(=O)CCCCC,15.39
*Sc1ccc(Nc2ccc(*)cc2)cc1,25.924
*CCC(=O)OC(=O)CCc1ccc(*)s1,21.131
*C1C(=O)N(c2cccc(C(=O)O)c2)C(=O)C1*,21.353
*c1ccc([Si](*)(C)OS(=O)(=O)C(F)(F)F)cc1,21.521
*c1ccc(-c2nc3cc4sc(*)nc4cc3s2)cc1,34.176
*CCCCCCCC(=O)O*,15.508
*/C=C/C1CC(*)C(C(=O)OC)C1,16.516
*c1ccc(-c2nc3cc4nc(*)oc4cc3o2)cc1,28.365
*CCCCCCOC(=O)C(=O)O*,16.25
*CCCOC(=O)CCCC(=O)O*,15.957
*CCCCOC(=O)CCC(=O)O*,15.935
*CC1CC(*)OC(CCC)O1,15.194
*NC(C)C(=O)NCCCC(*)=O,15.49
*CC(*)(C)C(=O)OCC(F)(F)C(F)(F)C(F)(F)F,15.924
*CCOC(=O)CCCCC(=O)O*,15.829
*CCCC(C)CCC(=O)O*,15.376
*NC(CC(*)=O)C(=O)OCCOC,15.61
*Oc1cccc(S(=O)(=O)c2ccc(*)cc2)c1,24.379
*C[Si](*)(CCC)CCC,16.63
*CC(*)C(=O)OCC(F)(F)C(F)(F)C(F)(F)C(F)F,15.808
*OC(C)CCCC(C)C(*)=O,15.45
*CC(*)C(=O)OCC(F)(F)C(F)(F)C(F)(F)C(F)(F)F,15.945
*CC(C)(C)COC(=O)CC(=O)O*,16.137
*CCSC(=O)CCCCC(=O)S*,20.708
*OC(C)COC(=O)CCCC(*)=O,15.997
*C12CC3CC(C1)CC(*)(C3)C2,15.519
*CCNC(=O)c1ccc(C(=O)N*)cc1,21.111
*N=P(*)(OCCC)OCCC,16.41
*CC(F)(F)C1(F)C(*)CC(O)(C(F)(F)F)C1(F)F,14.662
*/C(=C(/*)c1ccccc1)c1ccccc1,26.793
*O[Si](*)(c1ccccc1)c1ccccc1,24.257
*C1C(*)C2CC1C1CCCC21,15.639
*CCC(C(=O)OC)C(*)C(=O)OC,15.939
*/C(=C(/*)c1ccccc1)c1ccccc1,26.793
*Oc1ccc(OC(=O)C2CC2C(*)=O)cc1,20.604
*CCC(C)(C)C(*)(C)C,14.35
*CC(*)(C)c1ccc2ccccc2n1,22.233
*CC(CC(*)(C#N)C#N)c1ccc(F)cc1,20.981
*N=P1(*)Oc2ccccc2-c2ccccc2O1,25.497
*CC(CC(*)(C#N)C#N)c1ccc(Cl)cc1,23.22
*CC(*)C(=O)OCCCCC,15.336
*CC(*)C(=O)N(CC=C)CC=C,17.848
*CC1(CO*)CC2CCC1C2,15.259
*C(C)C(*)C(=O)OCCCC,15.457
*Oc1ccc(SSc2ccc(*)cc2)cc1,27.875
*C(C)C(*)C(=O)OC(C)(C)C,15.328
*/C=C/C1CC(*)C(C#N)(CC)C1,17.644
*CC(CO*)(CSC)CSC,19.261
*CCC(C)C(*)(C)C(=O)OC,15.128
*/C=C/C(=C(C)C)C(*)=C(C)C,18.946
*/C=C/C1CC(*)C2CCCC12,16.248
*NC(CCC(=O)NCCO)C(*)=O,16.533
*Oc1ccc(/C=N/c2ccccc2)cc1*,26.256
*c1cccc(-c2ccc(-c3ccc(*)s3)s2)c1,32.185
*CC(C)CC(*)(C)C(=O)OC,15.108
*CC(C)(CO*)COCCC#N,16.079
*c1sc(*)c(OCCCC)c1OC,19.764
*CC(*)(C)C(=O)Oc1ccccc1[N+](=O)[O-],20.52
*c1ccc(-c2ccc(-c3ccc(*)s3)s2)cc1,32.186
*Oc1ccccc1S(=O)(=O)c1ccc(*)cc1,24.385
*CC(*)OC(=O)C(F)(F)C(F)(F)C(F)(F)C(F)(F)C(F)(F)F,16.143
*c1sc(*)c2nc(-c3ccccc3)c(C)nc12,28.473
*/C(C)=C(\C)c1ccc(-c2ccc(*)s2)s1,28.002
*OC(CCCCC)CC(*)=O,15.389
*c1ccc(-c2ccc([Si](*)(C)C=C)s2)s1,29.45
*CCCCCOC(=O)CC(=O)O*,16.03
*c1ccc(-c2csc(-c3cc(*)cs3)c2)cc1,30.603
*CCCCCC(*)CC,14.622
*CCN(Cc1ccccc1)C(=O)S*,21.636
*C(=O)c1ccc(C(=O)N(C)N(*)C)cc1,20.935
*C(=O)NNC(=O)C(=O)NNC(=O)c1cncc(*)n1,24.206
*OC(COCCOC)COC(*)=O,15.826
*Nc1cccc(NC(=O)CCC(*)=O)c1,21.229
*OC(COC(*)=O)COc1ccccc1,19.508
*NC(Cc1c[nH]c2ccccc12)C(*)=O,21.534
*[Si](*)(C)CCCCCC,16.71
*CCN1C(=O)/C(=C\C=C2\SC(=S)N(*)C2=O)SC1=S,42.746
*c1ccc2c(*)c(-c3ccccc3)[nH]c2c1,26.995
*c1cc(/C=N/c2ccc(S(=O)(=O)O[Na])cc2)c(*)s1,30.218
*c1ncc(-c2cnc(*)c(C)c2)cc1C,23
*C1C(=O)N(c2ccccc2OC)C(=O)C1*,20.87
*O[Si](*)(C)CCc1ccc(O)cc1,20.522
*Nc1ccc(*)c2cc3ccccc3cc12,27.475
*N=P(*)(c1ccccc1)c1ccccc1,25.033
*/C(C#N)=C(\C#N)n1c(=O)c2cc3c(=O)n(*)c(=O)c3cc2c1=O,29.163
*NC(C)C(=O)NCC(=O)NCC(*)=O,17.025
*CCN(*)C(=O)c1ccc(SC(F)(F)F)cc1,22.743
*c1ccc([Si](*)(C)N(C)C)cc1,20.535
*c1ccc(*)n1C(C(=O)NO)n1cccc1,20.977
*[Si](*)(C)c1ccc(N(C)C)cc1,21.843
*/C=C1\CC/C(=C\c2ccc(*)cc2)C1=O,24.552
*c1ccc2c(c1)c1cc(*)ccc1n2C=C,26.241
*CC(*)OCCCCCC,15.332
*/C(Cl)=C(\c1ccccc1)c1ccc(*)cc1,26.198
*N/C(C#N)=C(\C#N)NC(=O)c1ccc(C(*)=O)cc1,26.184
*/C(C)=C(/*)[Si](C)(C)CCC,18.387
*CC(*)OCC(C)(C)CC,15.2
*CCC(=O)OCCC1(*)OCCO1,15.985
*CC(*)OC(=O)C1CCCCC1,16.343
*/C(C)=C(/*)[Si](C)(C)C(C)C,18.275
*CC(*)c1ccc(C(=O)OCC)cc1,20.531
*Nc1ccc(NC(=O)CCC(*)=O)cc1,21.341
*CCCCCCC(Cl)C(*)Cl,18.317
*CCP(Cl)(Cl)=Nc1ccc(N=P(*)(Cl)Cl)cc1,33.436
*OC(C)CCOC(=O)CCC(*)=O,15.721
*CC(=O)C(*)Cc1ccc2c(c1)OCO2,19.874
*N=P(*)(Oc1ccc(C)cc1)n1cncn1,23.211
*c1ccc(C(C#N)(C(=O)O)C(*)(C#N)C(=O)O)cc1,22.611
*CC(*)OC(=O)c1ccc(CC)cc1,20.531
*CCCCCCCCO*,15.282
*CC(CCCCCC)O*,15.022
*CC(*)C(=O)OCCCOCC,16.21
*CCOCCOC(=O)CCC(=O)O*,17.037
*CC(*)(F)C(=O)OCC(F)(F)C(F)(F)C(F)(F)C(F)F,16.041
*CC(*)OC(=O)c1ccccc1OC(C)=O,20.752
*OC(C)CCOC(=O)COCC(*)=O,17.03
*Oc1ccc(Oc2cccc(*)n2)c(C)c1,23.295
*CCCOC(=O)c1ccc(C(=O)O*)cc1,21.474
*CCNC(=O)c1cccc(C(=O)N*)c1,20.937
*OC(=O)CCSCCSCCC(*)=O,22.085
*CC(*)C(=O)Oc1ccccc1C(=O)OC,20.934
*CC(*)C(=O)Oc1cccc(C(=O)OC)c1,21.082
*CC(*)C(=O)Oc1ccc(C(=O)OC)cc1,21.347
*NC(C)CNC(=O)C1CC1C(*)=O,17.268
*CC(*)(F)C(=O)OCC(F)(F)C(F)(F)C(F)(F)C(F)(F)F,15.983
*CC(*)C(=O)OCCOC(F)(C(F)(F)F)C(F)(F)F,16.556
*/C=C/CC(C)(CC*)C(=O)OC,16.942
*Nc1ccccc1NC(=O)CCC(*)=O,20.711
*Oc1ccc(Oc2ccc(OC(*)=O)cc2)cc1,24.332
*Oc1ccc(Sc2ccc(OC(*)=O)cc2)cc1,27.223
*CC(*)OC(=O)c1ccc(OC(C)=O)cc1,21.349
*Oc1cccc(Oc2cccc(OC(*)=O)c2)c1,24.485
*N=P(*)(OCC(F)(F)C(F)F)OCC(F)(F)C(F)F,16.974
*CC(*)C(=O)OCC(F)(F)C(F)(F)OC(F)(F)C(F)(F)F,16.752
*CCC[Si](*)(C)c1ccccc1,21.038
*CC(C)(CCCC)C(=O)N*,15.849
*CC(*)[Si](C)(C)c1ccccc1,20.937
*O[Si](*)(C)CCCCCC,16.723
*CC(*)c1ccc([SiH](C)C)cc1,21.454
*CCN(*)C(=O)CCCCC,16.153
*CC(*)C1CCCCC1C,15.557
*OC1CC(c2ccccc2)CC(*)O1,19.768
*CC(*)C1CCCCCC1,15.399
*CCC(C)CCCC(=O)N*,16.051
*CCCC(C)CCC(=O)N*,16.018
*CC(=C)COCC(=C)COC(=O)O*,18.38
*OC(*)CCCCCCC,15.13
*c1ccc2nc(*)cc(-c3ccccc3)c2c1,26.872
*CCCOC(=O)c1cccc(C(=O)O*)c1,21.301
*CC(*)(C)c1ccc2ccccc2c1,23.026
*CC(*)C(=O)N1CCN(C)CC1,16.674
*CC(C)CCCCC(=O)N*,16.14
*OC(C)COC(=O)c1ccc(C(*)=O)cc1,21.761
*CC(CS(=O)(=O)CCCC)O*,16.792
*CC(*)(C)C(=O)OC(C)OCC,16.023
*OC(C)COC(=O)c1cccc(C(*)=O)c1,21.56
*/C=C/C(=O)/C=C/c1ccc(Sc2ccc(*)o2)o1,30.105
*CC(*)C(=O)NCCc1ccccn1,19.995
*CC(*)c1cc(OC)c(O)c(OC)c1,19.811
*COCC1(*)COC(C)(C)OC1,15.839
*CCCCOC(=O)COCC(=O)O*,16.75
*CC(*)(C)C(=O)OCC1CCC1,16.392
*CC(*)P(=O)(N(C)C)N(C)C,16.695
*CCCC1(*)CCCCC1,15.495
*NC(CSSCc1ccccc1)C(*)=O,25.092
*CC(*)C(=O)NC(C)(C)CC,15.962
*c1cc(CCCCCC)c(*)s1,19.892
*CC(*)(C)C(=O)OC(C)OCCCl,17.767
*CC(*)(C)C(=O)OC(OCC)C(F)(F)F,16.192
*COC(=O)OCC1OC(C)(C)OC1*,16.287
*c1ccc(-c2ccc(-c3ccc(*)n3C)o2)s1,29.156
*CC(*)(C)C(=O)OCc1cccc(Cl)c1Cl,23.373
*CC(*)(C)C(=O)OCc1cccc(Cl)c1,21.585
*OC1C(COCO)OC(*)C(O)C1O,16.027
*CC(*)(C)C(=O)OCc1ccc(F)cc1F,20.017
*C(=O)C1CC1C(=O)N1CCN(*)CC1,17.734
*CC(*)(C)C(=O)OCc1cc(Cl)cc(Cl)c1,24.188
*CC(*)(C)C(=O)OCc1ccc(Cl)cc1,21.903
*c1ccc([Si](C)(C)[Si](*)(C)C)s1,24.578
*c1ccc(-c2ccc(-c3ccc(*)n3C)o2)o1,26.97
*CC(*)C(=O)NC(CO)(CO)CO,16.004
*c1cc(C([2H])([2H])C([2H])([2H])C([2H])([2H])C([2H])([2H])C([2H])([2H])C([2H])([2H])[2H])c(*)s1,20.244
*CCOC(=O)CCSCCC(=O)O*,19.387
*CC(*)(C)C(=O)OC1CCCC1,16.251
*c1ccc(-c2nc3cc4nc(*)oc4cc3o2)c(O)c1,29.231
*Cc1nc(-c2ccc(-c3csc(*)n3)cc2)cs1,32.052
*CC(*)(C)C(=O)OCc1c(F)cccc1F,19.975
*CC(*)(C)C(=O)OCc1ccc(Cl)cc1Cl,24.123
*c1cc(OCCOCCOC)c(*)s1,20.499
*OCC(F)(F)C(F)(F)C(F)(F)COc1nc(F)nc(*)c1F,19.19
*CC(*)(C)C(=O)OCc1ccc(Cl)c(Cl)c1,24.248
*CCCCCCC(=O)N(*)C,16.185
*/C=c1\cc/c(=c2/cc/c(=C\c3ccc(*)s3)s2)s1,45.886
*CC(*)(C)C(=O)Oc1ccc(C(=O)O)cc1,21.258
*C(=O)N(*)CCCCCCC,16.146
*c1ccc(-c2ccc(-c3ccc(*)n3C)s2)s1,30.79
*Oc1cccc(NC(=O)c2ccc(*)cc2)c1,25.25
*CC(*)(C)C(=O)OCc1c(Cl)cccc1Cl,23.889
*NC(CCC(=O)OCCC)C(*)=O,17.003
*NC1CC1NC(=O)c1cccc(C(*)=O)c1,22.289
*C(=O)Nc1ccc(NC(=O)c2ccc(*)s2)cc1,28.342
*/N=C/c1ccc(/C=N/c2sc(*)c(C#N)c2C#N)cc1,33.847
*OC(CCc1ccccc1)CC(*)=O,19.959
*CCOC(=O)Cc1ccc(C(=O)O*)cc1,21.327
*CC(*)C(=O)Oc1ccc(C(C)=O)c(O)c1,21.346
*CC(*)C(=O)Oc1cc(C)cc(C)c1,20.132
*OC(=O)OC1CC2CC(*)CC(C1)O2,16.619
*Cc1ccc(COC(=O)CC(=O)O*)cc1,21.225
*CC(*)(C)C(=O)OCc1cc(Cl)ccc1Cl,24.172
*OC(c1ccccc1)C(C)(C)C(*)=O,19.644
*c1sc(*)c2nc(-c3cccs3)c(-c3cccs3)nc12,36.041
*c1ccc(C)c(N2CC(=O)N(*)CC2=O)c1,21.372
*NC(CC(=O)O)(CC(C)C)C(*)=O,16.574
*c1cc(C(=O)Oc2cccc3cccnc23)c(*)s1,28.729
*NC(C(C)C)C(C)(C)C(*)=O,15.76
*CCCN(*)C(=O)C(C)(C)C,15.904
*c1nc(-c2ccccc2)nc(N(*)CC)n1,24.177
*c1ccc(Oc2ccc3c(c2)C(=O)N(*)C3=O)cc1,26.486
*O[Si](C)(C)CC[Si](*)(C)C,18.838
*CC(*)[Si](C)(C)O[SiH](C)C,18.247
*c1cc(CCOCCOC)c(*)[nH]1,18.296
*CCN(*)CCOCCOC,15.67
*[Si](*)(C)CCc1ccc(C)cc1,21.125
*N=P(*)(C)CCCCCC,17.631
*CCC1C(=O)N(CCC)C(=O)C1*,17.379
*[Si](*)(C)[Si](C)(C)c1ccccc1,23.691
*O[Si](*)(C)CCCC(=O)OCC,17.583
*Cc1ccccc1C[Si](*)(C)C,21.078
*CCCCCCOC(=O)SC(=O)O*,19.687
*/C=N/c1cccc(/N=C/c2cccc(*)n2)c1,27.525
*NNC(=O)c1ccc(C(*)=O)cc1OCC,22.008
*Oc1ccc(SC(=O)Sc2ccc(*)cc2)cc1,30.429
*/C(=N\c1ccccc1)N(*)c1ccccc1,26.277
*/C(C)=C(/*)[Si](C)(C)c1ccccc1,22.991
*C(=O)/C=C(\C)C(=O)N1CCN(*)CC1,18.981
*CC1(CO*)CCC(C)CC1,16.084
*/C(C#N)=C(\c1ccccc1)c1ccc(*)cc1,26.832
*/C=C/C(C)C(*)C(=O)OC(C)C,17.282
*[Si](C)(C)[Si](*)(C)c1ccccc1,23.797
*NC(CC(*)=O)C(=O)OCCCC,16.663
*O[Si](*)(C)CCC(F)(F)C(F)(F)C(F)(F)C(F)(F)F,17.416
*/C=C/CCCC(Cl)CCC*,18.393
*CC(OC)C1(C)C(=O)OC(=O)C1(*)C,16.872
*c1ccc(-c2nc3cc(C)ccc3o2)c(*)c1,26.967
*CCOCCOCCOC(=O)C(=O)O*,17.712
*c1ccc(Oc2ccc(-c3nnc(*)o3)cc2)cc1,27.554
*CC(*)(C)C(=O)OCCOCCO,16.641
*c1ccc(*)c(C(=O)c2ccc(C)cc2)c1,24.693
*CC(*)OC(=O)c1ccc(OCC)cc1,21.447
*CCOCCOC(=O)COCC(=O)O*,17.723
*c1cc(/N=N/c2ccc([N+](=O)[O-])cc2)cc(*)c1O,30.107
*CCCCP(*)(=S)c1ccccc1,23.69
*CCCCCNC(=O)CC(=O)N*,17.778
*OC(C)COC(=O)c1ccccc1C(*)=O,21.223
*CC(=O)OCCOC(=O)c1ccc(O*)cc1,21.694
*CCCCCCOC(=O)SSC(=O)O*,22.341
*NC1CC(CCC(*)=O)C1(C)C,17.227
*CC(c1ccccc1)C1C(=O)OC(=O)C1*,20.863
*CCNC(=O)CCCCC(=O)N*,17.729
*CCCCNC(=O)CCC(=O)N*,17.634
*CC(OC(C)C)C1C(=O)OC(=O)C1*,16.967
*Oc1cccc(OC(=O)c2cccc(C(*)=O)c2)c1,26.353
*OC(=O)CCCCCCCC(*)=O,17.313
*NC(CC(=O)OCc1ccc(Cl)cc1)C(*)=O,23.428
*OC1C(C)(C)C(OC(*)=O)C1(C)C,16.931
*CCN(*)C(=O)C1CCCCC1,17.078
*CCCOC(=O)NC1CC1NC(=O)O*,18.211
*CCOC(=O)Nc1cccc(NC(=O)O*)c1,22.664
*c1ccc2c(c1)c1cc(*)ccc1n2C(=O)NO,26.242
*C/C=C/C[Si](*)(C)c1ccccc1,23.031
*CCN(*)C(=O)c1ccc2ccccc2c1,24.964
*C(=O)c1cccc(C(=O)N(*)c2ccccc2)c1,26.876
*C(=O)c1ccc(C(=O)N(*)c2ccccc2)cc1,27.332
*Oc1ccc(NC(=O)c2ccc(*)cc2)cc1,25.54
*CC(*)c1ccc([Si](C)(C)O)cc1,21.671
*/C=C(/*)c1cccc([Si](C)(C)C)c1,23.638
*NC(C)C(=O)NC(C(*)=O)C(C)C,17.469
*CCC1CC(*)C2CCCC12,16.609
*/C=C(/*)c1ccccc1[Si](C)(C)C,23.136
*C#C/C(=C(/*)c1ccccc1)c1ccccc1,29.236
*NC(CC(=O)OCc1ccccc1)C(*)=O,21.309
*CCOC(=O)Nc1ccc(NC(=O)O*)cc1,22.965
*NC(CC(*)=O)C(=O)OCC(C)C,16.963
*CC(*)n1c(C)c(C)c2ccccc21,22.23
*/C(C)=C(/*)SCCCCCC,19.537
*CC(*)(C)c1ccc(C(O)C(F)(F)F)cc1,20.036
*CC(*)n1c2ccc(Cl)cc2c2cc(Cl)ccc21,30.567
*Oc1ccc(OC(=O)c2ccc(C(*)=O)cc2)cc1,26.678
*CC(*)c1ccc(OC(C)=O)c(OC)c1,20.928
*/C=C/C1C2C=CC(C(C(F)(F)F)=C2C(F)(F)F)C1*,19.462
*CC(*)C(=O)OCCOCCOC,16.786
*/C=C(/*)C1(O)c2ccccc2-c2ccccc21,26.416
*c1ccc2c(c1)C(*)(C)CC2(C)C,20.176
*N=P(*)(Oc1ccccc1)Oc1ccccc1,25.508
*OCCOc1cc(*)nc2ccc(C)cc12,23.694
*CCCCCCCc1nnc(*)o1,18.035
*CC(*)(C)C(=O)OC1CCOCC1,16.822
*CC(CSCCCCC)O*,18.331
*CC(C)(C)C1CC=C(*)CC1,17.087
*CCCC(C)O[Si](C)(C)O*,17.153
*N=P(*)(Oc1ccc(Cl)cc1)Oc1ccc(Cl)cc1,30.033
*COC(=O)OCC1OC(OCC)OC1*,17.309
*OP(=O)(Oc1ccccc1)Oc1c(Cl)c(Cl)c(*)c(Cl)c1Cl,33.343
*CCCCc1nc2cc3sc(*)nc3cc2s1,29.573
*CC(*)C(=O)NC(C)(C)CS(=O)(=O)O,18.239
*c1cc(SCCCCCC)c(*)s1,23.415
*OC(=O)/C=C/C(=O)OC1COC2C(*)COC12,20.111
*Oc1ccc(/N=C/Nc2ccc(*)cc2)cc1,27.121
*/C=N/c1ccc(/N=C/c2cccc(*)n2)cc1,28.354
*OP(=O)(Oc1ccccc1)Oc1ccc(*)cc1,24.654
*c1ccc([N+](=O)[O-])c2c1C(=O)c1c([N+](=O)[O-])ccc(*)c1C2=O,29.123
*OC(CCOc1ccccc1)CC(*)=O,20.701
*CCOC(=O)c1ccc(C(=O)O*)c2c1CC2,22.965
*OP(=O)(Oc1c(Cl)cc(Cl)cc1Cl)Oc1c(Cl)c(Cl)c(*)c(Cl)c1Cl,39.884
*CCCCOC(=O)CC(N)C(=O)O*,17.298
*N=P(*)(OCCOC)OCCOC,39.016
*OP(=O)(Oc1ccc(Cl)cc1)Oc1c(Cl)c(Cl)c(*)c(Cl)c1Cl,34.945
*CC#CC#CCOC(=O)c1cccc(C(=O)O*)c1,27.377
*CC1CCCC(CC(=O)N*)C1,17.053
*CNC(=O)CCCCCC(=O)N*,17.454
*Oc1ccc(OC(=O)c2cccc(C(*)=O)c2)cc1,26.261
*Oc1ccc(OC(=O)c2ccc(C(*)=O)cc2)cc1Cl,28.814
*C(=O)c1ccc(N(*)CCCC)cc1,21.927
*CCCCCCN1C(=O)C(=O)N(*)C1=O,19.085
*OC(COCCCC)COC(*)=O,16.621
*OC(COC(*)=O)COC(C)(C)C,16.67
*Nc1cccc(C#Cc2cccc(C(*)=O)c2)c1,30.138
*CCN(*)CC[Si](C)(C)C,17.938
*c1cccc(-c2nnc(*)n2-c2ccccc2)c1,26.354
*OP(=O)(Oc1c(Cl)cccc1Cl)Oc1c(Cl)c(Cl)c(*)c(Cl)c1Cl,36.594
*C(=O)C1CC(OC(=O)CCC)CN1*,17.634
*Sc1ccc(-c2ccc(SC(=O)C(*)=O)cc2)cc1,33.009
*NC(=O)c1ccc(C(=O)Nc2cnc(*)nc2)cc1,26.759
*CCCCCCc1nnc(*)n1N,18.337
*CCN(*)C(=O)CCCCCO,16.643
*Oc1ccc(C(=O)OC(=O)c2ccc(*)cc2)cc1,26.47
*/C=C/c1ccc(/C=C/c2cc(*)ncn2)cc1,30.661
*c1ccc(-n2cc3c(n2)C(=O)c2cn(*)nc2C3=O)cc1,29.615
*/C=C/c1cccc(/C=C/c2cc(*)ncn2)c1,29.711
*NNC(=O)c1cccc(C(=O)NNC(=O)C(*)=O)c1,24.063
*c1ccc(-c2nc3cc4nc(*)[nH]c4cc3[nH]2)cc1,30.512
*c1cccc(-c2nc3cc4nc(*)[nH]c4cc3[nH]2)c1,30.513
*N=P(*)(Oc1ccc(F)cc1)Oc1ccc(F)cc1,24.471
*CCc1ccc(*)n1CCCC,18.671
*c1cc(CCCC(=O)OCC)c(*)[nH]1,19.271
*c1cc(CCCCCC)c(*)[nH]1,18.541
*c1ccc2c(c1)c1cc(*)ccc1n2CC,25.845
*/N=N/c1ccc(/C=C/c2ccc(*)cc2)cc1,30.103
*CC(c1ccccc1)C1C(=O)NC(=O)C1*,21.772
*N=P(*)(Oc1cccc(Cl)c1)Oc1cccc(Cl)c1,29.522
*C[Si](*)(c1ccccc1)c1ccccc1,25.701
*c1ccc(*)c2nc(CC)c(CC)nc12,23.466
*c1ccc(*)n1CCCCCC,18.447
*Nc1cc2cccc3c(*)cc4cccc1c4c23,30.229
*O[Si](*)(C)CCCC(=O)OCCO,17.945
*[Si](*)(C)c1ccc(-c2ccccc2)cc1,27.122
*c1[nH]c(*)c(CC(=O)OC)c1CC(=O)OC,20.01
*N=P(*)(NCCC)NCCC,17.855
*c1ccc([Si](*)(C)c2ccc(Cl)cc2)cc1,28.027
*C1C=CC(=N)C(N2CCN(*)CC2)=C1,20.455
*CCN(*)C(=O)Cc1ccc(C(F)(F)F)cc1,20.739
*c1ccc([Si](*)(C)c2ccccc2)cc1,25.701
*[Si](*)(C)CCCOc1ccccc1,21.788
*NC(c1ccccc1)C(C)(C)C(*)=O,20.219
*c1ccc(-c2ccc(*)c(C(=O)O)c2)cc1C(=O)O,26.615
*c1ccc2ccc3c(*)cc(C#C)c4ccc1c2c34,33.201
*CC(*)CCC[Si](C)(C)C,17.948
*Cc1cc(C(C)(C)C)cc(*)c1O,19.899
*/N=C(/*)c1ccc(N2C(=O)c3ccccc3C2=O)nc1,28.737
*CC(*)c1ccc(C(=O)CCC)cc1,21.672
*c1cc(/N=N/c2ccc(C(=O)O)cc2)cc(*)c1O,30.592
*/C(OC(C)=O)=C(\OC(C)=O)c1ccc(*)cc1,23.33
*c1ccc(N(*)c2ccc(S(=O)(=O)O)cc2)cc1,27.325
*CC(*)c1ccc(COCCO)cc1,20.566
*CC(*)C(=O)c1ccc(C(C)C)cc1,21.603
*c1ccc(S(=O)(=O)NCCNS(*)(=O)=O)cc1,23.014
*CC(*)OC(=O)C(C)(C)CCC,16.855
*C(=O)OCCOC(=O)N1CCN(*)CC1,17.669
*CC(*)C(=O)c1ccc(CCC)cc1,21.8
*OP(=O)(Oc1c(Cl)c(Cl)c(*)c(Cl)c1Cl)Oc1c(Cl)c(Cl)c(Cl)c(Cl)c1Cl,44.084
*CC(COc1ccc2ccccc2c1)O*,24.617
*CC1CCC(COCO*)CC1,16.994
*CC(COc1cccc2ccccc12)O*,24.224
*CCCCCCCCC(=O)O*,16.972
*CC(C)(C)COC(=O)CCC(=O)O*,18.049
*CCCOC(=O)CCCCC(=O)O*,17.986
*CCCCCOC(=O)CCC(=O)O*,17.987
*CCCCOC(=O)CCCC(=O)O*,17.996
*CCOC(=O)CCCCCC(=O)O*,17.819
*C[Si](*)(C)CCCCCC,18.088
*OC(C)COC(=O)CCCCC(*)=O,18.131
*CCCCCCCNC(=O)N*,17.448
*O[Si](*)(c1ccccc1)c1ccc(C)cc1,26.388
*NC(CCCCNC(*)=O)C(=O)OC,18.023
*CC(COc1ccc(O*)cc1)OC(C)=O,21.607
*CC(CCl)(CCl)COC(=O)CCC(=O)O*,21.681
*CC(*)c1ccc(-c2cccc3nsnc23)cc1,29.865
*Oc1ccc(S(=O)c2ccc(OC(*)=O)cc2)cc1,27.122
*CC(*)OC(=O)c1nn(C(C)=O)c2ccccc12,24.598
*CCNC(=O)Cc1ccc(C(=O)N*)cc1,22.421
*C(C)C(*)C(=O)OC(C)(C)CC,16.885
*CC(*)C(=O)OCC(F)(F)C(F)(F)C(F)(F)C(F)(F)C(F)(F)F,17.959
*CCC1CN(CP(=O)(O)O)CC1*,17.829
*CC(CC(*)(C#N)C#N)c1ccc(CCl)cc1,25.523
*Nc1ccc(NC(=O)CCCC(*)=O)cc1,23.293
*CC(*)C(=O)OCC1(C)COCOC1,17.614
*CCCNC(=O)c1ccc(C(=O)N*)cc1,23.011
*NC(CCC(=O)NCCCO)C(*)=O,18.051
*/C=C(/*)c1ccc(S(=O)(=O)c2ccccc2)cc1,28.324
*CC(*)(CCCCC)C(=O)OC,17.145
*CC(*)C(=O)NC(C)(C)CC(C)=O,17.822
*CC(*)(C)C(=O)OCC(=O)c1ccccc1,22.046
*CC1(CO*)CC2CCC1CC2,16.858
*C(C(=O)OC)C(*)C(=O)OC(C)(C)C,17.956
*CC(*)C(=O)NC(C)(C)CS(N)(=O)=O,18.922
*Oc1c(CC)cc(*)cc1-c1ccccc1,24.919
*OCCOc1cc(*)nc2ccc(OC)cc12,24.7
*CC1CCC(CSCS*)CC1,21.866
*Oc1ccc(/C=N/c2ccc(C)cc2)cc1*,28.55
*CC(*)(C)C(=O)Oc1cccc2cccnc12,24.396
*C1C=C(CCCCCC)C(*)S1,20.077
*N=P(*)(Oc1cccc(F)c1)Oc1cccc(F)c1,25.338
*C#Cc1cc(CCCCCC)c(*)s1,23.845
*Oc1ccc(S(=O)(=O)c2ccc(OC(*)=O)cc2)cc1,27.343
*c1ccc([Si](C)(C)C#C[Si](*)(C)C)s1,27.518
*CC(*)c1ccc(Oc2ccccc2)cc1,24.791
*OC1C(COCC(=O)O)OC(*)C(O)C1O,17.606
*/C=C/c1ccc(*)c(C(=O)OC)c1C(=O)OC,24.073
*c1ccc(-c2ccc(-c3sc(*)c4c3OCCO4)s2)s1,35.806
*Oc1ccc(P(C)(=O)c2ccc(*)cc2)cc1,26.367
*SSc1ccc(/N=C/Nc2ccc(*)cc2)cc1,33.778
*CCCCCCOC(=O)CC(=O)O*,18.116
*c1ccc([Si](*)(C)c2ccc(OC)cc2)s1,27.903
*c1sc(*)c2nc(-c3ccccc3)c(CC)nc12,30.355
*CCCCCC(*)CCC,16.371
*CCOC(=O)CCC(C)CC(=O)O*,17.873
*/C=C/C1CC(*)C(C#N)(CCC)C1,19.496
*OC(C)CCOC(=O)CCCC(*)=O,18.059
*CC(*)(C)C(=O)Oc1ccc([N+](=O)[O-])c(C)c1,22.752
*CCCCCCCOC(=O)C(=O)O*,18.008
*CC(*)C(=O)Oc1ccc2c(C)cc(=O)oc2c1,25.085
*OC(CCCCCC)CC(*)=O,17.062
*CCOC(=O)C1C2C=CC(C2)C1C(=O)O*,19.541
*CCCSC(=O)CCCCC(=O)S*,23.304
*[Si](*)(CCCC)CCCC,18.261
*[Si](*)(CCC)CCCCC,18.369
*Nc1ccc(-c2nc3ccc(C)cc3s2)cc1*,32.398
*CCCCCCCNC(=S)N*,19.979
*OC1C(CO)OC(*)C(NC(C)=O)C1O,17.82
*CCC(=O)NCCC(=O)NCC(=O)N*,18.949
*Nc1ccccc1NC(=O)CCCC(*)=O,22.734
*CC(F)(F)C(F)(F)C(F)(F)COc1c(F)c(F)c(O*)c(F)c1F,20.915
*/C=C/[Si](*)(c1ccccc1)c1ccccc1,27.347
*O[Si](*)(C)CCCc1ccccc1O,22.279
*c1ccc(*)c(CCCCCC)n1,20.287
*CCCN(Cc1ccccc1)C(=O)S*,23.478
*/C(C)=C(/*)[Si](C)(C)CCCC,20.129
*CC(*)c1ccc([Si](C)(C)C)cc1,23.128
*C#Cc1cccc(C#C[SiH](*)c2ccccc2)c1,32.601
*CCCCCCCCC(*)Cl,18.031
*C(=O)C1CC(OC(=O)c2ccccc2)CN1*,22.299
*C#Cc1ccc(C#C[SiH](*)c2ccccc2)cc1,33.564
*Nc1ccc(Nc2ccc(*)cc2)cc1C(=O)O,27.046
*CCCNC(=O)c1cccc(C(=O)N*)c1,22.672
*CC(*)c1ccc(C(=O)OCCC)cc1,22.32
*/C=C(/c1ccc(*)cc1)c1ccc(C(F)(F)F)cc1,26.235
*CC(*)OC(=O)CC1CCCCC1,18.085
*NC(CSC(=O)OCc1ccccc1)C(*)=O,24.706
*C#CC#C[Si](*)(c1ccccc1)c1ccccc1,31.81
*c1cccc(-n2c(=O)c3cc4c(=O)n(*)c(=O)c4cc3c2=O)n1,30.535
*CC(*)OC(=O)c1ccc(C(C)C)cc1,22.366
*CC(*)OC(=O)C1(C)CCCCC1,17.872
*CCCCCCCCCO*,17.116
*CC(*)c1ccc(C(=O)c2ccccc2)cc1,26.601
*/C=C1\CCC/C(=C\c2ccc(*)cc2)C1=O,25.114
*OC(*)CCCCCCCC,17.15
*CCSSCCSSCCOCO*,26.729
*CC(*)P(=O)(Oc1ccccc1)N(C)C,22.122
*CC(*)c1ccc(C(=O)OC(C)C)cc1,22.367
*CCOCCOC(=O)CCCC(=O)O*,18.719
*CC(CO*)(COC(C)=O)COC(C)=O,18.453
*CCCCCOC(=O)COCC(=O)O*,18.322
*CCCCOC(=O)c1cccc(C(=O)O*)c1,23.085
*N=P(*)(OCC(F)(F)F)OCC(F)(F)C(F)(F)C(F)(F)C(F)F,18.761
*CCOC(=O)c1ccc2ccc(C(=O)O*)cc2c1,27.636
*CCCCOC(=O)c1ccc(C(=O)O*)cc1,23.382
*Nc1cccc(NC(=O)CCCC(*)=O)c1,23.245
*CCc1nc(-c2ccc(-c3csc(*)n3)cc2)cs1,33.915
*CCOC(=O)c1ccc2cc(C(=O)O*)ccc2c1,27.791
*CC(*)C(=O)OCCOCC(F)(F)C(F)(F)C(F)(F)F,18.088
*c1ccc(Oc2ccc(N3C(=O)N(*)C3=O)cc2)cc1,27.928
*CC(*)C(=O)Oc1cccc(C(=O)OCC)c1,22.942
*CC(*)(C)C(=O)Oc1cc(C)cc(C)c1,21.932
*CC(*)C(=O)Oc1ccc(C(=O)OCC)cc1,23.159
*CCCCCCOC(=O)/C=C/C(=O)O*,20.541
*CC(*)(F)C(=O)OCCC(F)(F)C(F)(F)C(F)(F)C(F)(F)F,17.76
*CC(*)(C)C(=O)Oc1ccc(C(=O)OC)cc1,23.197
*CCOC(=O)C1CCC(C(=O)O*)CC1,18.678
*CC1CCC(COC(=O)C(=O)O*)CC1,18.97
*CCOC(=O)c1cccc2c(C(=O)O*)cccc12,26.684
*OC(C)CCOC(=O)c1cccc(C(*)=O)c1,23.281
*CCCCCCCCC(=O)N*,17.785
*OC(C)CCOC(=O)c1ccc(C(*)=O)cc1,23.586
*Cc1ccc(COC(=O)CCC(=O)O*)cc1,22.809
*CCCCOC(=O)c1ccccc1C(=O)O*,22.697
*COC(=O)OC1C(*)OC2OC(C)(C)OC21,18.261
*O[Si](*)(C)CCCCC1COC(=O)O1,18.973
*CC1CC1CNC(=O)C1CC1C(=O)N*,20.024
*CCOC(=O)Cc1ccc(CC(=O)O*)cc1,22.32
*/C=C/C1CC(*)C(F)(F)C1(F)OC(F)(F)C(F)(F)C(F)(F)F,18.462
*Oc1ccc(OC(=O)CCCCC(*)=O)cc1,22.84
*/C=C/C(C)C(*)C(=O)OCCCC,18.698
*Oc1ccc(OC(=O)Oc2ccc(C(*)=O)cc2)cc1,27.724
*C(=O)c1ccc(C(=O)N2CCN(*)CC2)cc1,24.141
*OC(C)CCOC(=O)c1ccccc1C(*)=O,22.994
*Nc1cccc(NC(=O)c2cccc(C(*)=O)c2)c1,28.709
*CCCCOC(=O)NCCNC(=O)O*,18.939
*C(=O)c1cccc(C(=O)N2CCN(*)CC2)c1,23.757
*CCOC(=O)c1ccc(C(=O)O*)c2ccccc12,26.995
*C(=O)C1C(C)C1C(=O)N1CCN(*)CC1,19.958
*C(=O)C1CC1(C)C(=O)N1CCN(*)CC1,19.928
*c1cccc(S(=O)(=O)NCCNS(*)(=O)=O)c1,23.189
*CCOC(=O)NCCC(C)NC(=O)O*,18.58
*CCCN(*)C(=O)CCCCC,17.791
*CCN(*)C(=O)CCCCCC,17.869
*Nc1ccc(NC(=O)c2ccc(C(*)=O)cc2)cc1,29.42
*c1ccc(-n2c(=O)c3cc4c(=O)n(*)c(=O)c4cc3c2=O)cc1,31.401
*CC(*)[Si](C)(C)Cc1ccccc1,22.596
*C(=O)CNC(=O)CNC(=O)C1CCCN1*,20.209
*NC(CCC(=O)OCCCC)C(*)=O,18.626
*O[Si](C)(Oc1ccc(*)cc1)c1ccccc1,26.422
*c1ccc(-c2cnc3cc4nc(*)cnc4cc3n2)cc1,35.854
*/C=C/C(C(=O)OCC)C(*)C(=O)OCC,19.518
*/C(Cl)=C(/*)CCCCCCCC,20.169
*CCC(=O)OC(=O)CCC1CCC(*)O1,19.083
*CC(*)C(=O)Oc1ccccc1C(=O)OCC,22.662
*Sc1ccc(Cc2ccc(SC(*)=O)cc2)cc1,30.979
*CC(*)C(=O)N(CCC)CCC,17.806
*CC(*)C(=O)n1c2ccccc2c2ccccc21,27.751
*CC(*)(C)C(=O)Oc1c(C)cccc1C,21.573
*/C=C(/*)c1ccc2ccc3cccc4ccc1c2c34,33.574
*CC(*)(OC(C)=O)c1ccc(OC(C)=O)cc1,22.804
*CC(*)(CC(=O)OCCCl)C(=O)OCCCl,21.295
*CC(*)(CC(=O)OC1CCCC1)C(=O)O,18.818
*CC(*)(C)C(=O)Oc1cccc(C)c1C,21.642
*CC(*)(C)C(=O)OC1CCC(Cl)CC1,20.233
*CC(*)(C)C(=O)OC1CCCCC1Cl,19.868
*Oc1ccc(OC(=O)Oc2ccc(OC(*)=O)cc2)cc1Cl,29.217
*CC(OC)C(C(=O)OC)C(*)C(=O)OC,18.192
*c1ccc(-c2cnc3cc4ncc(*)nc4cc3n2)cc1,35.596
*/C=C(/*)c1ccc(C(=O)c2ccc([N+](=O)[O-])cc2)cc1,30.24
*CC(*)(C)C(=O)OC(C)OC(C)C,17.73
*/C=C(/*)CNS(=O)(=O)c1cccc2ccccc12,26.966
*CC(*)(C)C(=O)Oc1cc(C)ccc1C,21.794
*/C(C)=C(/*)CCCCCCC,18.283
*CC(*)(C)C(=O)OC(CC)OCC,17.696
*Nc1ccc(NC(=O)c2cccc(C(*)=O)c2)cc1,29.092
*c1cccc(-n2c(=O)c3cc4c(=O)n(*)c(=O)c4cc3c2=O)c1,31.399
*Nc1cccc(NC(=O)c2ccc(C(*)=O)cc2)c1,29.095
*CC(*)(C)C(=O)OC1(C)CCOC(=O)C1,18.561
*CC(c1ccccc1)C(C(=O)O)C(*)C(=O)O,22.208
*c1cc(/N=N/c2ccc(S(=O)(=O)O)cc2)cc(*)c1O,32.06
*Oc1ccc(C(=C(Cl)Cl)c2ccc(OC(*)=O)cc2)cc1,31.959
*C1C=C(C(*)(C)C)C2CC=CCC12,19.925
*CC(*)CCC(C)C=C(C)C,18.084
*Oc1cccc(OC(=O)Oc2ccc(OC(*)=O)cc2)c1,27.023
*CC=C1c2ccccc2C(*)c2ccccc21,27.365
*CC(OCC)C(C#N)(C#N)C(*)(C#N)C(=O)OC,21.692
*/C=C/C1CC(*)C2C3CCC(C3)C12,19.254
*CC(CS(=O)(=O)CCCCC)O*,18.955
*CC(COCCOCCOC)O*,17.429
*C#Cc1sc(-c2sc(*)c3c2OCCO3)c2c1OCCO2,34.197
*c1cc(C(=O)OCCCCCC)c(*)s1,22.94
*Oc1ccc(/C=N/c2ccccc2OC)cc1*,28.95
*CC(*)(C)C(=O)Oc1ccc(C(C)=O)c(O)c1,23.304
*CC(*)C(=O)OCC(F)(F)C(F)(F)OC(F)(F)C(F)(F)C(F)(F)F,18.398
*CC(*)(C)C(=O)OCC(=O)Nc1cc(C)on1,21.463
*OC(=O)CCC(=O)OC1COC2C(*)COC12,19.367
*CC(COCOCC(C)([N+](=O)[O-])[N+](=O)[O-])O*,19.016
*/C=C/C(C)C(*)C(=O)OCC(C)C,18.75
*CCCCCCSSCCSS*,26.947
*N=P(*)(Nc1ccccc1)Nc1ccccc1,25.983
*Oc1cccc2c(OC3(F)C(*)(F)C(F)(F)C3(F)F)cccc12,25.48