SMILES,BULK
CC1(C)CC(CC(C)(C*)C1)N1C(=O)C2=CC=C(C=C2C1=O)C1=CC2=C(C=C1)C(=O)N(*)C2=O,4.609
*N1C(=O)C2=C(C=C(C=C2)C2=CC=C3C(=O)N(C(=O)C3=C2)C2=C3C=CC=C(*)C3=CC=C2)C1=O,6.656
*N1C(=O)C2=C(C=C(C=C2)C(=O)C2=CC=C3C(=O)N(C(=O)C3=C2)C2=CC=C3OCCOCCOC4=C(OCCOCCOC3=C2)C=CC(*)=C4)C1=O,5.978
FC(F)(F)C(C1=CC2=C(OC(=N2)C2=CC=C(OC3=C4C5C6=C(C=CC=C6)C(C6=C5C=CC=C6)C4=C(OC4=CC=C(*)C=C4)C=C3)C=C2)C=C1)(C1=CC=C2OC(*)=NC2=C1)C(F)(F)F,3.718
CC1(C)CC(C)(C2=CC(=CC=C12)N1C(=O)C2=CC=C(C=C2C1=O)C(=O)C1=CC2=C(C=C1)C(=O)N(*)C2=O)C1=CC=C(*)C=C1,4.307
*C*,4.538
*CC(*)C,3.77
*CC(*)CC,3.255
*CC(*)CCC,2.986
*CC(*)C(C)C,3.293
*CC(*)CCCC,2.952
*CC(*)CC(C)C,2.961
*CC(*)CCCCC,2.986
*CC(*)CCC(C)C,3.28
*CC(*)CCC(C)CC,3.735
*CC(*)CCCCCCC,3.522
*CC(*)CCCCCCCC,3.809
*CC(*)(C)C,2.771
*CC(*)(C)CC,2.663
*CCC(*)(C)C,4.013
*CC(C)C(*)(C)C,2.87
*CCCC(*)(C)C,4.409
*CCCC(*)(C)CC,4.176
*CCCCCCCC(*)C,4.406
*CC(*)C1CC1,3.639
*CC(*)CC1CCCCC1,3.834
*CC1CCC(*)C1,5.92
*CC(*)CCCCCCCCCC,3.622
*CC(*)CCCCCCCCCCCC,3.945
*CC(*)CCCCCCCCCCCCCCCC,4.422
*CC(*)C(C)CC,3.54
*CC(*)CC(C)CC,2.774
*CC(*)CC(C)(C)C,1.814
*/C=C/CCC*,3.767
*/C=C/CC*,3.239
*/C=C/CC*,3.204
*/C=C/CCCCCCCC*,3.862
*CC(*)CCCCCCCCCCCCCCCCCCCC,4.542
*/C=C/CCCCCCCCCC*,4.049
*CC(*)CCCCCCCCCCCCCC,4.164
*/C=C/CCCCCC*,3.744
*CC(*)CCCCCCCCCCCCC,4.292
*CC(*)CCCCCCCCCCC,3.972
*CC(*)CCCCCCCCC,3.934
*CC(*)C1CC=CCC1,1.807
*C1CCC1*,3.921
*/C=C/*,2.988
*/C=C/CCCCC*,3.728
*/C=C/C(C*)C(C)CC,3.52
*/C=C/CCCCCCCCCC*,4.116
*/C=C/*,3
*CC1(*)CCCCC1,3.672
*CC/C=C(/*)C(C)(C)C,3.101
*CC(*)c1ccccc1,3.881
*CC(*)c1ccccc1C,2.895
*CC(*)c1ccccc1CC,2.589
*CC(*)c1ccccc1COC,3.779
*CC(*)c1ccccc1COCC,3.741
*CC(*)c1ccccc1COCCC,3.487
*CC(*)c1ccccc1COC(C)C,2.886
*CC(*)c1ccccc1COCCCC,3.428
*CC(*)c1ccccc1COCCCCC,3.419
*CC(*)c1ccccc1COCCC(C)C,3.903
*CC(*)c1ccccc1COCc1ccccc1,3.778
*CC(*)c1ccccc1COCCc1ccccc1,4.353
*CC(*)c1ccccc1C(=O)NC,4.293
*CC(*)c1ccccc1C(=O)N(C)C,3.155
*CC(*)c1ccccc1C(=O)Nc1ccccc1,3.364
*CC(*)c1ccccc1C(=O)O,4.705
*CC(*)c1ccccc1C(=O)OC,5.011
*CC(*)c1ccccc1C(=O)OCC,5.003
*CC(*)c1ccccc1C(=O)OCCC,3.778
*CC(*)c1ccccc1C(=O)OC(C)C,2.806
*CC(*)c1ccccc1C(=O)OCCCC,3.518
*CC(*)c1ccccc1C(=O)OCC(C)C,3.823
*CC(*)c1ccccc1C(=O)OCCCCC,3.94
*CC(*)c1ccccc1C(=O)OCCC(C)C,3.691
*CC(*)c1ccccc1C(=O)OCCCCCC,3.986
*CC(*)c1ccccc1C(=O)Oc1ccccc1,3.142
*CC(*)c1ccccc1C(=O)OCCN(C)C,4.954
*CC(*)c1ccc(C(=O)OCCN(C)C)cc1,4.731
*CC(*)c1cccc(C)c1,1.426
*CC(*)c1cccc(CC)c1,2.869
*CC(*)c1cccc(-c2ccc(-c3ccccc3)cc2)c1,6.774
*CC(*)c1cccc(Cl)c1,3.42
*CC(*)c1cccc(F)c1,2.176
*CC(*)c1ccc(C)cc1,4.235
*CC(*)c1ccc(C(C)C)cc1,4.116
*CC(*)c1ccc(CCCC)cc1,3.912
*CC(*)c1ccc(C(C)(C)C)cc1,3.628
*CC(*)c1ccc(C(C)CC)cc1,4.599
*CC(*)c1ccc(CCCCCC)cc1,4.337
*CC(*)c1ccc(CCCCCCCC)cc1,4.533
*CC(*)c1ccc(CCCCCCCCC)cc1,4.54
*CC(*)c1ccc(CCCCCCCCCC)cc1,4.263
*CC(*)c1ccc(CCCCCCCCCCCC)cc1,4.875
*CC(*)c1ccc(CCCCCCCCCCCCCC)cc1,4.504
*CC(*)c1ccc(CCCCCCCCCCCCCCCC)cc1,4.718
*CC(*)c1ccc(CCCCCCCCCCCCCCCCCC)cc1,4.927
*CC(*)c1ccc(-c2ccccc2)cc1,5.414
*CC(*)c1ccc(Cl)cc1,4.53
*CC(*)c1ccc(/C(C)=N/O)cc1,4.953
*CC(*)c1ccc(C(C)(C)O)cc1,4.42
*CC(*)c1ccc(COC)cc1,4.038
*CC(*)c1ccc(COCCC)cc1,3.883
*CC(*)c1ccc(COCCCCCC)cc1,4.066
*CC(*)c1ccc(COCCOCCCC)cc1,4.406
*CC(*)c1ccc(C(=O)N(C)C)cc1,4.941
*CC(*)c1ccc(C(=O)N(CC)CC)cc1,5.198
*CC(*)c1ccc(C(=O)N2CCCCC2)cc1,3.407
*CC(*)c1ccc(C(=O)CCN2CCCCC2)cc1,6.472
*CC(*)c1ccc(C(=O)N2CCOCC2)cc1,6.445
*CC(*)c1ccc(C(=O)OC)cc1,4.512
*CC(*)c1ccc(F)cc1,3.504
*CC(*)c1ccc(I)cc1,5.178
*CC(*)c1ccc(N(C)C)cc1,5.65
*CC(*)c1ccc(OCC)cc1,3.911
*CC(*)c1ccc(OCCC)cc1,3.252
*CC(*)c1ccc(OCCCC)cc1,3.604
*CC(*)c1ccc(OCCC(C)C)cc1,3.551
*CC(*)c1ccc(C)cc1C,2.667
*CC(*)c1ccc(C(C)C)cc1C(C)C,2.743
*CC(*)c1ccc(F)cc1C,2.456
*CC(*)c1ccc(Cl)cc1C,3.443
*CC(*)c1ccc(Cl)cc1Cl,4.031
*CC(*)c1cc(C)ccc1C,4.649
*CC(*)c1cc(C(C)(C)C)ccc1C,3.677
*CC(*)c1cc(C(C)C)ccc1C(C)C,2.642
*CC(*)c1cc(Cl)ccc1Cl,1.219
*CC(*)c1cc(F)ccc1F,5.503
*CC(*)c1cc(C)ccc1F,5.666
*CC(*)c1cc(Br)ccc1OCCCC,4.624
*CC(*)c1cc(Br)ccc1OCC,5.211
*CC(*)c1cc(C)cc(C)c1,2.337
*CC(*)c1c(F)c(F)c(F)c(F)c1F,5.839
*CC(*)(C)c1ccccc1,1.914
*CC(*)(C)c1ccc(C(C)C)cc1,3.938
*C(F)(F)C(*)(F)c1ccccc1,5.878
*CC(*)c1cccc2ccccc12,2.793
*CC(*)c1ccc(C(C)=O)cc1,4.724
*CC(*)(C(=O)OC)c1ccccc1,3.063
*CC(*)(C)c1ccc(C)cc1,4.312
*CC(*)n1cc2ccccc2n1,4.943
*CC(c1ccccn1)C(c1ccccc1)C(*)c1ccccn1,3.12
*CC(*)c1ccc(O)cc1,3.694
*CC(*)c1ccc(OC(C)=O)cc1,3.096
*CC(*)c1ccc(CCC)cc1,4.395
*CC(*)c1ccc(COCCCCCCOc2ccc(-c3ccc(OC)cc3)cc2)cc1,5.722
*CC(*)c1ccc(COCC(CC)CCCC)cc1,3.895
*CC(*)c1ccc(COCCOCCCCCCCC)cc1,4.828
*CC(CC(*)(C#N)C(=O)OC)c1ccccc1,3.974
*CC(*)c1ccc(C(=O)O)c(C(=O)O)c1,5.03
*C([2H])([2H])C(*)([2H])c1c([2H])c([2H])c([2H])c([2H])c1[2H],3.734
*CC(*)O,5.333
*CC(*)C=O,5.496
*CC(*)OC(=O)CCCCCCCCCCC,4.116
*CC(*)OC(=O)CCCCCCCCCCCCCCC,3.97
*CC(*)OC(=O)CCCCCCCCCCCCCCCCC,4.349
*CC(*)C(C)=O,3.319
*CC(*)C(=O)C(C)C,3.184
*CC(*)(C)C(C)=O,4.084
*CC(*)C#N,4.504
*CC(*)(C)C#N,5.256
*CC(*)c1ccccn1,3.829
*CC(*)n1c2ccccc2c2ccccc21,3.418
*CC(*)OC,3.777
*CC(*)OCC,3.53
*CC(*)OC(C)=O,2.838
*CC(*)OC(=O)CC,3.43
*CC(*)OC(=O)c1ccccc1,2.066
*CC(*)CCCN(CC(C)C)CC(C)C,3.884
*CC(*)O[N+](=O)[O-],5.374
*/C=C/C(C)C(*)C(=O)OC,3.271
*CC(*)OC(C)C,2.539
*CC(*)CCc1ccccc1C,4.243
*CC(*)CCc1ccc(C)cc1,4.701
*CC(*)Cc1cc(C)ccc1C,4.38
*CC(*)Cc1ccc(C)c(C)c1,2.893
*CC(*)Cc1cc(C)cc(C)c1,3.367
*CC(*)C(=O)C1CCCCC1,3.853
*CC(*)C(=O)c1ccccc1O,4.454
*CC/C=C(/*)c1ccccc1,3.687
*CC(*)C(=O)c1ccc(C(C)(C)C)cc1,4.154
*CC(*)C(=O)c1ccc(CC)cc1,5.136
*CC(*)C(=O)c1ccc(C)cc1,5.315
*CC(*)OC(=O)c1ccc(OC(=O)CCC)cc1,2.807
*CC(*)OC(=O)C1(F)C(F)(F)C(F)(F)C(F)(F)C(F)(F)C1(F)F,2.645
*CC(*)c1cccs1,3.162
*C1Cc2ccccc2C1*,3.913
*CCC/C=C(/*)c1ccc(OC)cc1,5.572
*CCC/C=C(/*)c1ccccc1,3.664
*CCC/C=C(/*)c1ccc(Cl)cc1,6.086
*CC(*)CNc1ccc([N+](=O)[O-])cc1,4.461
*CC(*)CNc1ccc([N+](=O)[O-])cn1,4.174
*CC(*)CNc1ccc([N+](=O)[O-])cc1C,5.222
*CC(*)CNc1ccc([N+](=O)[O-])c(C(F)(F)F)c1,3.764
*CC(*)CNc1ccc([N+](=O)[O-])cc1[N+](=O)[O-],5.656
*CC1CC(*)C(OC(=O)CCCCCCCCCCOc2ccc(-c3ccc(C#N)cc3)cc2)C1OC(=O)CCCCCCCCCCOc1ccc(-c2ccc(C#N)cc2)cc1,6.217
*CC1CC(*)C(OC(=O)CCCCCCCCCCOc2ccc(-c3ccc(C#N)cc3)cc2)C1,6.008
*CCC1CC(OC(=O)CCCCCCCCCCOc2ccc(-c3ccc(C#N)cc3)cc2)CC1*,6.218
*CC(*)n1ccnc1,4.433
*CC(*)OC(=O)CCCCCCCCCCCCCCCCCCCCC,4.584
*CC(*)OCCCCCCCCCCCCCCCCCC,4.429
*CC(*)OC(=O)c1ccc(C#N)cc1,4.595
*CC(*)OCC(C)(C)CC(C)C,3.505
*C(F)(F)C(*)(F)OC(F)C(F)F,4.343
*CC(*)C(=O)c1ccc(Br)cc1,6.523
*CC(*)OC(=O)CC1CCCC1,5.02
*CC(*)N1CCCC1=O,4.222
*CCC1CC2C(CC(*)C2OC(=O)CCCCCCCCCCOc2ccc(-c3ccc(C#N)cc3)cc2)C1OC(=O)CCCCCCCCCCOc1ccc(-c2ccc(C#N)cc2)cc1,6.36
*CC(*)C(=O)O,6.112
*CC(*)C(=O)OC,2.659
*CC(*)C(=O)OCC,3.438
*CC(*)C(=O)OCCCC,3.727
*CC(*)C(=O)OCCCCCC,3.876
*CC(*)C(=O)OCCCCCCCCCCCCCC,4.162
*CC(*)C(=O)OCCCCCCCCCCCCCCCC,4.578
*CC(*)C(=O)OCCCCCCCCCCCCCCCCCC,4.302
*CC(*)C(=O)OCCCCCCCCCCCCCCCCCCCCCC,4.52
*CC(*)C(=O)OC(F)(C(F)(F)F)C(F)(F)F,2.852
*CC(*)(C)C(=O)OC,3.273
*CC(*)(C)C(=O)OCC,3.478
*CC(*)(C)C(=O)OCCCC,3.29
*CC(*)(C)C(=O)OC(C)CC,3.12
*CC(*)(C)C(=O)OCC(C)C,2.897
*CC(*)(C)C(=O)OC(C)(C)C,1.823
*CC(*)(C)C(=O)OCCCCCC,4.021
*CC(*)(C)C(=O)OCCCCCCCC,4.397
*CC(*)(C)C(=O)OCCCCCCCCCCCC,4.315
*CC(*)(C)C(=O)OCCCCCCCCCCCCCC,4.196
*CC(*)(C)C(=O)OCCCCCCCCCCCCCCCCCC,4.378
*CC(*)(C)C(=O)OC1CCCCC1,3.766
*CC(*)(C)C(=O)OC1CCCCC1C,3.846
*CC(*)(C)C(=O)OC1CCC(C)CC1,3.864
*CC(*)(C)C(=O)OC1CCCC(C)C1,3.118
*CC(*)(C)C(=O)OC1CC(C)CC(C)(C)C1,2.989
*CC(*)(C)C(=O)Oc1ccccc1,4.023
*CC(*)(C)C(=O)Oc1ccccc1C,4.053
*CC(*)(C)C(=O)OCc1ccccc1,3.705
*CC(*)(C)C(=O)OCCc1ccccc1,5.241
*CC(*)(C)C(=O)Oc1ccc2ccccc2c1,6.001
*CC(*)(C)C(=O)OCCF,5.188
*CC(*)(C)C(=O)OCCCl,3.695
*CC(*)(C)C(=O)OCCBr,5.24
*CC(*)(C)C(=O)OC(C)C(F)(F)F,2.137
*CC(*)(C)C(=O)OC(C(F)(F)F)C(F)(F)F,1.584
*CC(*)(C)C(=O)OC(F)(C(F)(F)F)C(F)(F)F,2.534
*CC(*)(C)C(=O)OC(C(F)(F)F)(C(F)(F)F)C(F)(F)F,2.408
*CC(*)(C)C(=O)OC(F)(C(F)(F)F)C(F)(F)Cl,1.965
*CC(*)(C)C(=O)OCC(F)(F)C(F)(F)C(F)(F)C(F)(F)C(F)(F)C(F)(F)C(F)(F)F,2.035
*CC(*)(C)C(=O)Oc1c(Cl)c(Cl)c(Cl)c(Cl)c1Cl,3.44
*CC(*)(C)C(=O)OCc1ccccc1Cl,4.32
*CC(*)(C)C(=O)OCCOCC,4.648
*CC(*)(C)C(=O)OCC1CCCO1,4.701
*CC(*)(C)C(=O)OCc1ccco1,4.247
*CC(*)(C)C(=O)OCCN(C)C,4.874
*CC(*)(C)C(=O)OCCN(CC)CC,4.778
*CC(*)(C)C(=O)OCc1cccc([N+](=O)[O-])c1,4.019
*CC(*)(Cl)C(=O)OCC,4.073
*CC(*)(Cl)C(=O)OC(C)CC,4.09
*CC(*)(Cl)C(=O)OC1CCCCC1,4.385
*CC(*)C(=O)NC(C)C,3.771
*CC(*)C(=O)N(CCCC)CCCC,3.303
*CC(*)C(=O)NCCCCCCCCCCCC,4.205
*CC(*)C(=O)NCCCCCCCCCCCCCC,4.603
*CC(*)C(=O)NCCCCCCCCCCCCCCCC,4.556
*CC(*)C(=O)NCCCCCCCCCCCCCCCCCC,4.187
*CC(*)C(=O)NCCCCCCCCCCCCCCCCCCCCCC,4.844
*CC(*)C(=O)OC(CC)CC,3.255
*CC(*)(C)C(=O)Oc1cccc(C)c1,3.412
*CC(*)C(=O)OCC(CC)CCCC,3.465
*CC(*)C(=O)OCCCCCCCCC,4.209
*CC(*)C(=O)OC1CCCCC1,3.765
*CC(*)C(=O)OC1CC(C)CC(C)(C)C1,3.477
*CC(*)(C)C(=O)OCCCCCCCCCC,4.066
*CC(*)(C)C(=O)OC1CC2CCC1(C)C2(C)C,2.144
*CC(*)(Cl)C(=O)OCCC,3.407
*CC(*)(Cl)C(=O)OCCCC,4.604
*CC(*)(C#N)C(=O)OC,5.12
*CC(*)C(=O)OCC(C)CC,3.594
*CC(*)C(=O)OC(C)CCCCC,3.625
*CC(*)C(=O)OC(C)CCCCCC,4.144
*CC(*)C(=O)OCC(CC)CC,3.571
*CC(*)C(=O)OCC(C)(C)C,3.084
*CC(*)C(=O)OC(C)CC(C)C,3.821
*CC(*)C(=O)OC(CCC(CC)CCCC)CC(C)C,3.842
*CC(*)C(=O)OCCC#N,4.473
*CC(*)C(=O)OCCSC,4.238
*CC(*)C(=O)OCCCSC,4.686
*CC(*)C(=O)OCCSCC,4.111
*CC(*)C(=O)OCCCCSC,4.648
*CC(*)C(=O)OCCCSCC,5.082
*CC(*)C(=O)OCCSCC#N,4.568
*CC(*)C(=O)OCCSCCC#N,4.797
*CC(*)C(=O)OCCSCCCC#N,4.785
*CC(*)C(=O)OCCCSCCC#N,5.428
*CC(*)C(=O)OCCCCCCSCC#N,4.883
*CC(*)C(=O)OC12CC3CC(C)(CC(C)(C3)C1)C2,6.724
*CC(*)C(=O)N1CCCCC1,5.839
*CC(*)C(=O)N1CCOCC1,6.989
*CC(*)C(=O)Oc1ccccc1,4.3
*CC(*)C(=O)Oc1ccccc1C,4.828
*CC(*)C(=O)Oc1cccc(C)c1,3.953
*CC(*)C(=O)Oc1ccc(C)cc1,3.764
*CC(*)C(=O)Oc1ccccc1C(C)(C)C,2.377
*CC(*)C(=O)Oc1ccc(C(C)(C)C)cc1,4.102
*CC(*)C(=O)Oc1ccc(OC)cc1,4.009
*CC(*)C(=O)Oc1ccc(C(=O)OCCCC)cc1,3.673
*CC(*)C(=O)Oc1ccc(-c2ccccc2)cc1,4.358
*CC(*)C(=O)OCc1ccccc1,4.632
*CC(*)C(=O)OCCc1ccccc1,4.151
*CC(*)C(=O)Oc1cccc(N(C)C)c1,4.676
*CC(*)C(=O)N(C)c1ccccc1,4.548
*CC(*)C(=O)Oc1ccc(C#N)cc1,4.614
*CC(*)C(=O)OCc1ccc(C#N)cc1,6.351
*CC(*)C(=O)Oc1ccccc1Cl,4.184
*CC(*)C(=O)Oc1ccc(Cl)cc1Cl,4.027
*CC(*)C(=O)Oc1c(Cl)c(Cl)c(Cl)c(Cl)c1Cl,4.189
*CC(*)C(=O)Oc1cccc2ccccc12,4.421
*CC(*)C(=O)N(C)C,3.882
*CC(*)C(=O)NCCCC,3.665
*CC(*)C(=O)NC(C)CC,3.321
*CC(*)C(=O)NC(C)(C)C,3.543
*CC(*)C(=O)N(C(C)C)C(C)C,3.392
*CC(*)(C)C(=O)OCCCCC,3.864
*CC(*)(C)C(=O)OCC(CC)CCCC,3.561
*CC(*)(C)C(=O)OCCC(C)(C)C,3.15
*CC(*)(C)C(=O)OC(C)C(C)(C)C,2.625
*CC(*)(C)C(=O)OCCC(C)CC(C)(C)C,3.478
*CC(*)(C)C(=O)OCCOC,4.371
*CC(*)(C)C(=O)OCCNC(C)(C)C,3.589
*CC(*)(C)C(=O)OCCC#N,4.136
*CC(*)(C)C(=O)OCC[N+](=O)[O-],5.365
*CC(*)(C)C(=O)OC(F)(F)C(F)(F)C(F)(F)C(F)(F)C(F)(F)C(F)(F)C(F)(F)C(F)(F)F,1.305
*CC(*)(C)C(=O)OCCS(=O)CC,5.287
*CC(*)(C)C(=O)OCC1(C)COCOC1,4.609
*CC(*)(C)C(=O)OCC1(C)COC(C)(C)OC1,4.995
*CC(*)(C)C(=O)OCC(C)(C)C1OCC(C)(C)CO1,2.79
*CC(*)(C)C(=O)OC12CC3CC(CC(C3)C1)C2,2.868
*CC(*)(C)C(=O)OC12CC3CC(C)(CC(C)(C3)C1)C2,6.185
*CC(*)(C)C(=O)Oc1ccc(CC#N)cc1,4.137
*CC(*)(CC)C(=O)OCC,3.374
*CC(*)(CC(=O)OCC)C(=O)OCC,3.258
*CC(*)(CC(=O)OCCCC)C(=O)OCCCC,3.572
*CC(*)(C#N)C(=O)OCCCC,4.541
*CC(*)(CF)C(=O)OC,5.493
*CC(*)(CF)C(=O)OCC,4.418
*CC(*)(Cl)C(=O)OC(C)C,3.013
*CC(*)(CC(=O)OC1CCCCC1)C(=O)OC1CCCCC1,3.849
*CC(*)(CC(=O)Oc1ccccc1)C(=O)Oc1ccccc1,3.29
*CC(*)(CC(=O)OCc1ccccc1)C(=O)OCc1ccccc1,3.72
*CC(*)(CC(=O)OCCc1ccccc1)C(=O)OCCc1ccccc1,5.166
*CC(*)(CC(=O)OCCCc1ccccc1)C(=O)OCCCc1ccccc1,4.858
*CC(*)C(=O)Oc1ccc(Cl)cc1,3.7
*CC(*)(C)C(=O)Oc1ccc(C#N)cc1,4.278
*CC(*)C(=O)OCCC(C)C,3.339
*CC(*)C(=O)OCC(C)CCC,3.553
*CC(*)C(=O)OCCC(C)OC,3.688
*CC(*)(C)C(=O)OC1CCC(C(C)(C)C)CC1,3.37
*CC(*)(C)C(=O)OCC(C)(C)C,1.904
*CC(*)(C)C(=O)Oc1ccc(C(C)(C)C)cc1,4.037
*CC(*)(C)C(N)=O,3.201
*CC(*)(C)C(=O)Oc1ccc(C)cc1,3.091
*C1C(=O)N(C2CCCCC2)C(=O)C1*,1.834
*CC(*)(CC(=O)OCCCCC)C(=O)OCCCCC,3.967
*CC(*)(CC(=O)OCCCCCC)C(=O)OCCCCCC,4.066
*CC(*)(CC(=O)OCCC)C(=O)OCCC,3.38
*CC(*)(CC(=O)Oc1ccccc1C)C(=O)Oc1ccccc1C,4.053
*CC(*)(CC(=O)Oc1cccc(C)c1)C(=O)Oc1cccc(C)c1,3.295
*CC(*)(CC(=O)Oc1ccc(C)cc1)C(=O)Oc1ccc(C)cc1,3.424
*CC(*)(C#N)C(=O)OCC,4.061
*CCC(C(=O)OCC)C(*)C(=O)OCC,3.541
*C1C(=O)N(c2ccccc2)C(=O)C1*,1.395
*C1C(=O)N(c2ccc(C)cc2)C(=O)C1*,2.959
*CC(*)(C)C(=O)Oc1ccc(C)cc1C,3.342
*CC(*)(C)C(=O)OCCN(CC)S(=O)(=O)C(F)(F)C(F)(F)C(F)(F)C(F)(F)C(F)(F)C(F)(F)C(F)(F)C(F)(F)F,3.166
*CC(*)(C#N)C(=O)OCCCCCC,4.615
*CC(*)(C)C(=O)OCC1CO1,4.704
*CC(*)(C)C(=O)OCCCCCCOc1ccc(-c2ccc(OC)cc2)cc1,5.546
*CC(*)(C)C(=O)OCCN(CC)c1ccc(/N=N/c2ccc([N+](=O)[O-])cc2)cc1,6.252
*CC(*)C(=O)OCCN(CC)c1ccc(/N=N/c2ccc([N+](=O)[O-])cc2)cc1,6.41
*CC(*)C(=O)OCCCCCC(=O)Oc1ccc(-c2ccc(C#N)cc2)cc1,5.783
*CCCC(*)(C)C(=O)O,4.952
*CC(*)(C)C(=O)NC(=O)OC(C)COc1c(Br)cc(S(=O)(=O)c2cc(Br)c(OCC(C)O)c(Br)c2)cc1Br,4.896
*CC(*)C(=O)OCCCCCCOc1ccc(C(=O)Oc2ccc(C#N)cc2)cc1,4.984
*CC(*)(C)C(=O)OCCCCn1c2ccccc2c2ccccc21,3.713
*CC(*)C(=O)NCCCCCC(=O)O,5.673
*CC(*)C(=O)OC(C)CCC(CC)CCCC,4.037
*CC(*)C(=O)NCCCCCCCC/C=C/CCCCCCCC,4.529
*CC(*)(C)C(=O)Oc1ccc([N+](=O)[O-])cc1,3.602
*C1C(=O)OC(=O)C1*,6.161
*CC(*)Cl,4.04
*CCCCCCCCCCC(Cl)C(*)Cl,4.703
*CC(*)CC(C)C(F)(F)F,2.831
*CCC(Cl)C(*)Cl,4.057
*/C=C/C(C*)CCC,3.904
*CC(*)C=C(C)C,3.295
*CC/C=C(/*)CCCCCCCCCC,3.815
*CC/C=C(/*)C(C)(C)C,3.99
*CC/C(C)=C(/*)C,4.075
*/C=C/C(C)C(*)C,3.055
*/C=C/C(C)(C)C(*)(C)C,4.533
*/C=C/C(C(=O)OC(C)C)C(*)C(=O)OC(C)C,3.347
*C1C=CC(*)C1,4.661
*CO*,7.128
*OC(*)C(Cl)(Cl)Cl,3.318
*OC(*)CCC#N,3.742
*CCO*,5.359
*CC(C)(C)O*,3.298
*CC(O*)c1ccccc1,2.705
*CC(COc1ccccc1)O*,4.771
*CC(COc1ccccc1C)O*,6.056
*CC(COc1cccc(C)c1)O*,3.112
*CC(COc1ccccc1Cl)O*,4.085
*CC(COc1ccc(Cl)cc1)O*,5.272
*CC(COc1ccccc1C(C)C)O*,4.356
*CCCCO*,4.621
*CCCCCCCCCCCCO*,4.85
*Oc1ccc(*)cc1,3.857
*Oc1cccc(*)c1,5.442
*Oc1c(C)cc(*)cc1C,3.399
*Oc1c(-c2ccccc2)cc(*)cc1-c1ccccc1,4.224
*Oc1ccc(Cc2ccc(*)cc2)cc1,4.403
*OC1C(C)(C)C(*)C1(C)C,6.409
*CCCCCCCCCCCCCCCCCCOCO*,4.994
*CCCCCCCCCCOCCCCCCOCCCCCCO*,4.753
*CCCCCCCCCCOCCCCCCCCCCOCCCCO*,4.581
*CCCCCCCCCCC(=O)OCCOC(=O)c1ccc(O*)cc1,5.388
*CCCCCC(=O)OCCCCCCOC(=O)c1ccc(O*)cc1,5.304
*CCCCC(=O)OCCCCCCOC(=O)c1ccc(O*)cc1,4.938
*CCCCCCCCCCC(=O)OCCCCCCOC(=O)c1ccc(O*)cc1,5.197
*CCCCCCC(=O)NCCCCCCNC(=O)CCCCCCO*,5.427
*CCCCCCCCC(=O)NCCCCCCNC(=O)CCCCCCCCO*,5.181
*CCCCCCCCC(=O)NCCCCCOCCCCCNC(=O)CCCO*,5.093
*CCCCCCCCCCC(=O)NCCCCCOCCCCCNC(=O)CCCO*,5.037
*CCCCCCCCC(=O)NCCCCCOCCCCCNC(=O)CCCCO*,5.34
*CCCCCCCCCCC(=O)NCCCCCOCCCCCNC(=O)CCCCO*,4.879
*CCCCCNC(=O)CCCCCCOCCCCCCC(=O)NCCCCCO*,5.191
*CCCCCNC(=O)CCCCCCCCOCCCCCCCCC(=O)NCCCCCO*,4.785
*CCCC(=O)NCc1ccc(CNC(=O)CCCO*)cc1,5.74
*CCCCCC(=O)NCc1ccc(CNC(=O)CCCCCO*)cc1,5.27
*CCCCCCC(=O)NCc1ccc(CNC(=O)CCCCCCO*)cc1,5.473
*CCCCCCCCC(=O)NCc1ccc(CNC(=O)CCCCCCCCO*)cc1,5.134
*Oc1ccc(S(=O)(=O)c2ccc(Oc3ccc(C(C)(C)c4ccc(*)cc4)cc3)cc2)cc1,5.061
*CCOCCOC(=O)CCCCCCCCCCCCCCCCC(=O)O*,4.615
*CCOC(=O)c1ccc(C(C)(CC)c2ccc(C(=O)O*)cc2)cc1,5.026
*Oc1ccc(S(=O)(=O)c2ccc(Oc3ccc(Cc4ccc(*)cc4)cc3)cc2)cc1,5.059
*CC(COc1ccc(-c2ccccc2)cc1)O*,5.341
*Oc1c(C)cc(*)cc1-c1ccccc1,1.587
*CC(COc1ccc(C(C)(C)c2ccc(O*)cc2)cc1)OC(C)=O,4.781
*CC(COc1ccc(C(C)(C)c2ccc(O*)cc2)cc1)OC(=O)CCl,5.144
*CC(COc1ccc(C(C)(C)c2ccc(O*)cc2)cc1)OC(=O)CC,4.663
*CC(O)COc1ccc(C(C)(C)c2ccc(O*)c(Cl)c2)cc1Cl,3.863
*CC(O)COc1c(Cl)cc(C(C)(C)c2cc(Cl)c(O*)c(Cl)c2)cc1Cl,4.698
*CC(COc1c(Cl)cc(C(C)(C)c2cc(Cl)c(O*)c(Cl)c2)cc1Cl)OC(C)=O,4.837
*CC(O)COc1ccc(C(C)(CC)c2ccc(O*)cc2)cc1,4.737
*OC1CCCCC1*,5.124
*Oc1ccc(Oc2ccc(C(=O)c3ccc(*)cc3)cc2)cc1,4.377
*Oc1ccc(S(=O)(=O)c2ccc(Oc3c(C)cc(C(C)(C)c4cc(C)c(*)c(C)c4)cc3C)cc2)cc1,3.348
*Oc1ccc(S(=O)(=O)c2ccc(Oc3ccc(C(C)(c4ccccc4)c4ccc(*)cc4)cc3)cc2)cc1,5.173
*Oc1ccc(S(=O)(=O)c2ccc(Oc3ccc(-c4ccc(*)cc4)cc3)cc2)cc1,6.996
*Oc1ccc(Oc2ccc(Oc3ccc(S(=O)(=O)c4ccc(*)cc4)cc3)cc2)cc1,4.234
*CCCCCCCCCCCCCCCCCCCCOC(=O)COCC(=O)O*,5.021
*CC(CCl)(CCl)O*,3.457
*CCOCCOC(=O)c1ccccc1-c1ccccc1C(=O)O*,4.148
*Oc1cccc(NC(=O)CCCCCCCCCCC(=O)Nc2ccc(*)cc2)c1,5.333
*Oc1ccc(NC(=O)CCCCCCCCCC(=O)Nc2ccc(*)cc2)cc1,5.347
*c1ccc(-c2nc3ccc(Oc4ccc5nc(*)c(-c6ccccc6)c(-c6ccccc6)c5c4)cc3c(-c3ccccc3)c2-c2ccccc2)cc1,2.184
*ON(C(F)(F)F)C(F)(F)C(*)(F)F,3.344
*c1ccc(Oc2ccc(-c3ccc(Oc4ccc(-c5cnc6cc(-c7ccc8nc(*)cnc8c7)ccc6n5)cc4)cc3)cc2)cc1,7.356
*CC(COc1c(C)cccc1C)O*,5.026
*Oc1ccc(C(C)(C)c2ccc(Oc3ccc(C(=O)c4ccccc4-c4ccccc4C(=O)c4ccc(*)cc4)cc3)cc2)cc1,4.704
*Oc1ccc(C(c2ccc(Oc3ccc(C(=O)c4ccccc4-c4ccccc4C(=O)c4ccc(*)cc4)cc3)cc2)(C(F)(F)F)C(F)(F)F)cc1,3.788
*Oc1ccc(Oc2ccc(C(=O)c3ccccc3-c3ccccc3C(=O)c3ccc(*)cc3)cc2)cc1,3.964
*Oc1ccc(C(C)(C)c2ccc(Oc3ccc(C(=O)Nc4ccc(-c5ccc(NC(=O)c6ccc(*)cc6)cc5C(F)(F)F)c(C(F)(F)F)c4)cc3)cc2)cc1,4.958
*CCCCCCCCCCOc1ccc(OC(=O)c2ccc(OCCCCCCOc3ccc(C(=O)Oc4ccc(O*)cc4)cc3)cc2)cc1,5.74
*c1ccc(Oc2ccc(N3C(=O)c4ccc(Oc5cc6ccccc6cc5Oc5ccc6c(c5)C(=O)N(*)C6=O)cc4C3=O)cc2)cc1,6.676
*Oc1ccc(S(=O)(=O)c2ccc(Oc3ccc(C4(c5ccc(*)cc5)c5ccccc5-c5ccccc54)cc3)cc2)cc1,3.968
*CCc1ccc(*)o1,3.636
*c1cccc(-c2nc3ccc(-c4ccc5oc(*)nc5c4)cc3o2)c1,4.011
*CS*,5.868
*SC(*)(F)F,4.48
*CCS*,4.928
*CCCCCCCCCCSCCCCCCS*,4.756
*CCCCCCCCCCCSCCCCCCS*,4.793
*Sc1ccc(*)cc1,7.173
*OC(=O)CCSc1ccc(SCCC(*)=O)cc1,6.441
*OC(=O)CSCc1ccc(CSCC(*)=O)cc1,5.688
*OC(=O)CCSCc1ccc(CSCCC(*)=O)cc1,5.213
*CCCCCC(=O)NCc1ccc(CNC(=O)CCCCCS*)cc1,5.408
*CCCCCCCCC(=O)NCc1ccc(CNC(=O)CCCCCCCCS*)cc1,5.216
*CCCCCCCCCCC(=O)NCc1ccc(CNC(=O)CCCCCCCCCCS*)cc1,4.926
*CCCCC(=O)NCCc1ccc(CCNC(=O)CCCCS*)cc1,5.559
*CCCCCCC(=O)NCCc1ccc(CCNC(=O)CCCCCCS*)cc1,4.998
*CCCCCCCCC(=O)NCCc1ccc(CCNC(=O)CCCCCCCCS*)cc1,5.165
*CCCCCCCCCCC(=O)NCCc1ccc(CCNC(=O)CCCCCCCCCCS*)cc1,5.076
*CCc1ccc(Cc2ccc(CCS*)cc2)cc1,5.21
*CCCCCCCCCCSSCCCCCCSS*,3.769
*CCCCCCCCCCCCCCCCCCCCOC(=O)CCCCSCCCCC(=O)O*,4.977
*CCS/C(=N\c1ccccc1)S*,3.719
*CCCCSSCCCSS*,3.923
*CCCCOC(=O)SSSSC(=O)O*,6.051
*CCCC1CCN(C(=O)SSCCCCSSC(=O)N2CCC(*)CC2)CC1,4.769
*CCOC(=O)CCCCSCCCCC(=O)O*,4.929
*OC(C)COC(=O)CCCCSCCCCC(*)=O,4.661
*Sc1c(C)cc(*)cc1C,1.508
*c1ccc2c(c1)SC1=Nc3cc(-c4ccc5c(c4)N=C4Sc6cc(*)ccc6N=C4N5)ccc3NC1=N2,2.865
*CCCCCCCCCCOC(=O)CCCCCCC(=O)O*,4.298
*CCCCCCCCCOC(=O)CCCCCCCC(=O)O*,4.414
*CCCCCCCCCCOC(=O)CCCCCCCC(=O)O*,4.398
*CCCCCCCCCCOC(=O)CCCCCCCCC(=O)O*,4.645
*CCOC(=O)c1ccc(C(=O)O*)cc1,5.616
*Oc1c(Cl)cc(C(C)(C)c2cc(Cl)c(OC(=O)CCCCC(*)=O)c(Cl)c2)cc1Cl,4.914
*Oc1ccc(C(C)(C)c2ccc(OC(=O)c3ccc(C(*)=O)cc3)cc2)cc1,6.649
*Oc1ccc(C(C)(C)c2ccc(OC(=O)c3cccc(C(*)=O)c3)cc2)cc1,4.366
*CCCCCC(=O)O*,4.899
*CCCCCCCCCCCCCCC(=O)O*,4.986
*CCCCCCCCCCOC(=O)CCCCCCCCCCCCCCCCC(=O)O*,4.591
*CCCCCCCCCCCCOC(=O)CCCCC(=O)O*,4.746
*CCCCCCCCCCCCOC(=O)CCCCCCC(=O)O*,4.604
*CCCCCCCCCCCCCCOC(=O)CCCCC(=O)O*,4.812
*CCCCCCCCCCCCCCOC(=O)CCCCCCC(=O)O*,4.585
*CCCCCCCCCCCCCCCCOC(=O)CCCCCCC(=O)O*,4.752
*OC(C)COC(=O)/C=C(/CC(*)=O)c1cc(C)ccc1OC,3.631
*CCCCOC(=O)C/C(=C/C(=O)O*)c1ccc(OCC)cc1,4.386
*CCCCCCOC(=O)C/C(=C/C(=O)O*)c1ccc(OCC)cc1,5.125
*OC(C)COC(=O)/C=C(/CC(*)=O)c1ccc(OCC)cc1,4.173
*CC(CCCCCCCCCCCCCCCC)C(CCCCCCCCCCCCCCCC)COC(=O)c1ccc(C(=O)O*)cc1,4.479
*Oc1ccc(-c2ccc(OC(=O)CCCCCC(*)=O)cc2)cc1,5.18
*Oc1ccc(-c2ccc(OC(=O)CCCCCCC(*)=O)cc2)cc1,5.302
*Oc1ccc(-c2ccc(OC(=O)CCCCCCCC(*)=O)cc2)cc1,5.375
*Oc1ccc(-c2ccc(OC(=O)CCCCCCCCC(*)=O)cc2)cc1,5.385
*Oc1ccc(-c2ccc(OC(=O)CCCCCCCCCC(*)=O)cc2)cc1,5.27
*Oc1ccc(-c2ccc(OC(=O)CCCCCCCCCCC(*)=O)cc2)cc1,4.85
*Oc1ccc(-c2ccc(OC(=O)CCCCCCCCCCCC(*)=O)cc2)cc1,5.275
*CCCOC(=O)CCCCCCCCCCCCCCCCC(=O)O*,4.707
*OC(c1ccc(Cl)cc1)C(C)(C)C(*)=O,3.626
*OC(c1ccc(OC)cc1)C(C)(C)C(*)=O,3.406
*Cc1ccc(-c2ccc(C(=O)O*)cc2)cc1,6.457
*CC1CCC(COC(=O)CCCCCCCC(=O)O*)CC1,5.112
*CC1CCC(COC(=O)CCCC(=O)O*)CC1,5.299
*CC1CCC(COC(=O)c2cccc(C(=O)O*)c2)CC1,5.408
*CC1CCC(COC(=O)CCCCCC(=O)O*)CC1,4.824
*CC1CCC(COC(=O)CCCCCCCCC(=O)O*)CC1,5.049
*CCCCCCCCCCOC(=O)CCCCCNC(=O)CCCCC(=O)NCCCCCC(=O)O*,5.314
*CCCCCCCCCCOC(=O)c1ccccc1-c1ccccc1C(=O)O*,4.87
*CCCCCCCCCCOC(=O)c1ccc(NC(=O)O*)cc1,5.624
*CCCCCCCCCCOC(=O)CCCCCNC(=O)c1ccc(C(=O)NCCCCCC(=O)O*)cc1,5.165
*CCCCCCCCCCCCOC(=O)CCCCCNC(=O)CCCCC(=O)NCCCCCC(=O)O*,4.93
*CCCCCCCCCCCCOC(=O)CCCCCNC(=O)c1ccc(C(=O)NCCCCCC(=O)O*)cc1,5.174
*CCCCCCCCCCCCCCCCCCCCOC(=O)CCCCC(=O)O*,4.773
*CCCCCCCCCCCCCCCCCCCCOC(=O)CCC(C)CC(=O)O*,4.688
*CCCCCCCCCCCCCCCCCCCCOC(=O)CCCCCCCC(=O)O*,4.853
*CCCCCCCCCCCCCCCCCCCCOC(=O)c1cccc(-c2cccc(C(=O)O*)c2)c1,5.296
*CCCCCCCCCCCCCCCCCCCCOC(=O)c1ccc(-c2ccc(C(=O)O*)cc2)cc1,5.102
*CCCCCCCCCCCCCCCCCCCCOC(=O)CCCC(=O)O*,4.838
*CCCCCCCCCCCCCCCCCCCCOC(=O)c1cccc(C(=O)O*)c1,5.244
*CCCCCCCCCCCCCCCCCCCCOC(=O)CC(=O)O*,4.783
*CCCCCCCCCCCCCCCCCCCCOC(=O)C(=O)O*,4.634
*CCCCCCCCCCCCCCCCCCCCOC(=O)c1ccccc1C(=O)O*,4.695
*CCCCCCCCCCCCCCCCCCCCOC(=O)CCCCCC(=O)O*,4.517
*CCCCCCCCCCCCCCCCCCCCOC(=O)CCCCCCC(=O)O*,4.592
*OC(C)COC(=O)c1ccccc1-c1ccccc1C(*)=O,3.926
*OC(C)COC(=O)c1cccc(-c2cccc(C(*)=O)c2)c1,4.758
*OC(C)COC(=O)c1ccc(-c2ccc(C(*)=O)cc2)cc1,6.038
*CCOC(=S)c1cccc(C(=S)O*)c1,4.738
*CCCCCCOC(=O)c1ccccc1-c1ccccc1C(=O)O*,4.063
*CCCCCCOC(=O)c1cccc(-c2cccc(C(=O)O*)c2)c1,5.228
*CCCCCCOC(=O)CCCCCNC(=O)c1ccc(C(=O)NCCCCCC(=O)O*)cc1,4.954
*CCCCCCOC(=O)CCCS(=O)(=O)Cc1ccc(CS(=O)(=O)CCCC(=O)O*)cc1,5.71
*Oc1ccc(Cc2ccc(OC(=O)CCCCC(*)=O)cc2)cc1,4.286
*CCCCCOC(=O)c1ccccc1-c1ccccc1C(=O)O*,3.586
*CCCCCOC(=O)c1cccc(-c2cccc(C(=O)O*)c2)c1,5.632
*CCCCCOC(=O)c1ccccc1C(=O)O*,4.26
*CCc1ccc(CCOC(=O)CCc2ccc(CCC(=O)O*)cc2)cc1,4.968
*Oc1ccc(/C=N/c2ccc(/N=C/c3ccc(OC(=O)CCCCC(*)=O)c(OC)c3)cc2)cc1OC,4.804
*Oc1ccc(/C=N/c2ccc(/N=C/c3ccc(OC(=O)c4cccc(C(*)=O)c4)c(OC)c3)cc2)cc1OC,4.524
*Oc1ccc(/C=N/c2ccc(/N=C/c3ccc(OC(=O)CCCCCCCCC(*)=O)c(OC)c3)cc2)cc1OC,4.69
*CCc1ccc(CCOC(=O)c2ccc(C(=O)O*)cc2)cc1,4.617
*CCCCCc1ccc(CCCCCOC(=O)c2ccc(C(=O)O*)cc2)cc1,5.588
*CCCCc1ccc(CCCCOC(=O)c2ccc(C(=O)O*)cc2)cc1,5.35
*CCCc1ccc(CCCOC(=O)c2ccc(C(=O)O*)cc2)cc1,5.292
*CCC(=O)Oc1ccc(OC(=O)CCN2CCN(*)CC2)cc1,6.415
*CCCCCCCCCCCCCCOC(=O)c1ccc(C(=O)NCCCCCNC(=O)c2ccc(C(=O)O*)cc2)cc1,5.091
*CCCCCCCCCCCCCCOC(=O)c1ccc(C(=O)NCCCCCCNC(=O)c2ccc(C(=O)O*)cc2)cc1,4.741
*CCCCCCCCCCCCCCOC(=O)c1ccc(C(=O)NCCNC(=O)c2ccc(C(=O)O*)cc2)cc1,5.332
*CCCCOC(=O)CCCCCNC(=O)CCCCC(=O)NCCCCCC(=O)O*,5.18
*CCCCOC(=O)CCCCCCCC(=O)O*,4.347
*CCCCOC(=O)c1ccccc1-c1ccccc1C(=O)O*,4.071
*CCCCOC(=O)c1cccc(-c2cccc(C(=O)O*)c2)c1,5.426
*CCCCOC(=O)c1ccc(-c2ccc(C(=O)O*)cc2)cc1,5.295
*CCCCOC(=S)c1cccc(C(=S)O*)c1,4.566
*CCCCOC(=O)CCCCCNC(=O)c1ccc(C(=O)NCCCCCC(=O)O*)cc1,5.333
*CCCOC(=O)C1CCC(C(=O)O*)CC1,5.913
*CCCOC(=O)c1ccccc1-c1ccccc1C(=O)O*,4.605
*OC(C)CCOC(=O)c1ccccc1-c1ccccc1C(*)=O,4.264
*CCCOC(=O)c1cccc(-c2cccc(C(=O)O*)c2)c1,5.817
*OC(C)CCOC(=O)c1cccc(-c2cccc(C(*)=O)c2)c1,4.849
*CCCOC(=O)c1ccc(-c2ccc(C(=O)O*)cc2)cc1,6.522
*CCCOC(=O)Cc1ccc(CC(=O)O*)cc1,4.652
*Cc1ccc(COC(=O)CCCCCCCCCCC(=O)O*)cc1,4.893
*Cc1ccc(COC(=O)CCCCCCC(=O)O*)cc1,5.208
*Oc1c(C)cc(C(C)(C)c2cc(C)c(OC(=O)CCCCC(*)=O)c(C)c2)cc1C,4.034
*Oc1ccc(C(C)(C)c2ccc(OC(=O)CCCCC(*)=O)cc2)cc1,4.127
*CCC(C)CCC(=O)O*,4.29
*Oc1c(C)cc(C(C)(C)c2cc(C)c(OC(=O)CCCCCCCCC(*)=O)c(C)c2)cc1C,4.271
*Oc1ccc(C(C)(C)c2ccc(OC(=O)CCCCCCCCC(*)=O)cc2)cc1,4.204
*Oc1c(C)cc(C(C)(C)c2cc(C)c(OC(=O)CCCCCC(*)=O)c(C)c2)cc1C,4.386
*Oc1cc(CCC)cc(OC(=O)c2cccc(C(*)=O)c2)c1,4.908
*CCCCCCCCCCCCOC(=O)c1cccc(C(=O)O*)c1,5.392
*CCOC(=O)CCCCCNC(=O)c1ccc(C(=O)NCCCCCC(=O)O*)cc1,5.215
*CCCCOC(=O)c1ccc(C(C)(C)c2ccc(C(=O)O*)cc2)cc1,5.216
*Oc1cccc(OC(=O)c2ccc(C(C)(C)c3ccc(C(*)=O)cc3)cc2)c1,5.077
*Oc1ccc(C(C)(C)c2ccc(OC(=O)CN(CC(*)=O)c3ccc(/N=N/c4ccc([N+](=O)[O-])cc4)cc3)cc2)cc1,5.838
*Oc1ccc(-c2ccc(-c3cc(-c4ccccc4)c(-c4ccc(-c5ccc(OC(=O)c6ccc(C(*)=O)cc6-c6ccccc6)cc5)cc4)c(-c4ccccc4)c3-c3ccccc3)cc2)cc1,5.277
*CCOC(=O)Cc1ccc(-c2ccc(CC(=O)O*)cc2)cc1,5.871
*Oc1ccc(OC(=O)CCCCCCCCC(*)=O)cc1,4.457
*Oc1ccc(C(C)(C)c2ccc(OC(=O)C(*)=O)cc2)cc1,4.137
*Oc1ccc(C(C)(C)c2ccc(OC(=O)/C=C/C(*)=O)cc2)cc1,5.245
*Cc1ccc2nc(-c3cc(-c4nc5ccc(*)cc5c(=O)o4)cc(N4C(=O)c5ccccc5C4=O)c3)oc(=O)c2c1,4.593
*CCCCNC(=O)CCCCC(=O)N*,5.593
*CCCCCCNC(=O)CCCCC(=O)N*,5.566
*CCCCCCNC(=O)CCCCCCCCC(=O)N*,5.236
*CCCCCCCCNC(=O)CCCCCCCCCCC(=O)N*,4.961
*CCCCCCCCNC(=O)CCCCCCCCCCCCCCCCCCCCC(=O)N*,5.177
*CCCCCCCCCCCC(=O)N*,4.948
*CCCCCCCCCCCCCCNC(=O)CCCCCCCCCCCCCCCCC(=O)N*,5.235
*CCCCCCCCCCCCCCCCCCNC(=O)CCCCCCCCCCCCCCCCC(=O)N*,4.843
*CCCCCCCCCCNC(=O)CCCCCCCCC(=O)N*,4.947
*CCc1ccc(CCNC(=O)CCCCCCCCCCCCCCCCC(=O)N*)cc1,5.225
*Cc1cccc(CNC(=O)/C=C(\C)C(=O)N*)c1,4.855
*CCCCCCNC(=O)c1ccc(C(C)(CC)c2ccc(C(=O)N*)cc2)cc1,4.837
*CCCCNC(=O)c1ccc(C(C)(CC)c2ccc(C(=O)N*)cc2)cc1,4.769
*Cc1ccc(CNC(=O)CCCCCCCCCCCCCCCCC(=O)N*)cc1,5.1785
*CCCCCCCCCCCCCCCCCCNC(=O)CCc1ccc(CCC(=O)N*)cc1,5.443
*CCCCCCCCCNC(=O)CCCCCCCC(=O)N*,5.3415
*CCCCCCCCCCNC(=O)CC/C=C/CCC(=O)N*,4.971
*CCCCCCCCCCC(=O)NCCCCCC(=O)N*,5.331
*CCNC(=O)CCCCCCCCC(=O)N*,5.354
*CCCCNC(=O)CCCCCCC(=O)N*,5.293
*CCCCNC(=O)CCCCCCCCCC(=O)N*,5.168
*CCCCCNC(=O)CCCCCCCCCCCCC(=O)N*,5.13
*CCCCCCNC(=O)CCCCCCCCCCCCC(=O)N*,5.294
*CCCCCCNC(=O)CCCCCCCCCCCCCCCCC(=O)N*,4.906
*CCCCCCCNC(=O)CCCCCCCCC(=O)N*,5.036
*CCCCCCCNC(=O)CCCCCCCCCC(=O)N*,5.102
*CCCCCCCCNC(=O)CCCCCCCC(=O)N*,5.136
*CCCCCCCCNC(=O)CCCCCCCCCCCCCCCCC(=O)N*,5.021
*CCCCCCCCCNC(=O)CCCCCCCCC(=O)N*,5.185
*CCCCCCCCCNC(=O)CCCCCCCCCC(=O)N*,5.196
*CCCCCCCCCCNC(=O)CCCCCCC(=O)N*,5.622
*CCCCCCCCCCNC(=O)CCCCCCCCCCCC(=O)N*,5.114
*CCCCCCCCCCNC(=O)CCCCCCCCCCCCC(=O)N*,5.155
*CCCCCCCCCCNC(=O)CCCCCCCCCCCCCCCCCCC(=O)N*,5.432
*CCCCCCCCCCNC(=O)CCCCCCCCCCCCCCCCCCCCC(=O)N*,5.15
*CCCCCCCCCCCNC(=O)CCCCC(=O)N*,5.388
*CCCCCCCCCCCNC(=O)CCCCCCCCC(=O)N*,5.092
*CCCCCCCCCCCCNC(=O)CCCCC(=O)N*,5.2
*CCCCCCCCCCCCNC(=O)CCCCCCCCCCCCCCCCCCCCC(=O)N*,4.8135
*CCCCCCCCCCCCCCNC(=O)CCCCCCCCC(=O)N*,5.119
*CCCCCCCCCCCCCCNC(=O)CCCCCCCCCCC(=O)N*,5.13
*CCCCCCCCCCCCCCNC(=O)CCCCCCCCCCCCCCCCCCCCC(=O)N*,5.059
*CCCCCCCCCCCCCCCCCCNC(=O)CCCCCCCCC(=O)N*,4.96
*CCCCCCCCCCCCCCCCCCNC(=O)CCCCCCCCCCC(=O)N*,5.284
*CCCCCCCCCCCCCCCCCCNC(=O)CCCCCCCCCCCCCCCCCCCCC(=O)N*,4.788
*Cc1ccc(C(=O)N*)cc1,5.04
*CCCCNC(=O)c1ccc(C(=O)N*)cc1,5.036
*CCCCCCNC(=O)c1ccc(Cc2ccc(C(=O)N*)cc2)cc1,5.2
*CCCCCCNC(=O)c1ccc(C(C)(C)c2ccc(C(=O)N*)cc2)cc1,5.119
*CCCCCCNC(=O)c1ccc(C(C)c2ccc(C(=O)N*)cc2)cc1,5.31
*CCCCCCCCNC(=O)CCc1ccc(CCC(=O)N*)cc1,5.589
*CCCCCCCCCCNC(=O)c1cccc(C(=O)N*)c1,5.07
*CCCCCCCCCCNC(=O)Cc1ccc(CC(=O)N*)cc1,5.186
*CCCCCCCCCCNC(=O)CCc1ccc(CCC(=O)N*)cc1,5.582
*CCCCCCCCCCNC(=O)c1ccc(Cc2ccc(C(=O)N*)cc2)cc1,5.253
*CCCCCCCCCCCNC(=O)c1ccc(C(=O)N*)cc1,5.203
*CCCCCCCCCCCCNC(=O)Cc1ccc(CC(=O)N*)cc1,5.247
*CCCCCCCCCCCCCCNC(=O)c1ccc(C(=O)N*)cc1,5.308
*CCCCCCCCCCCCCCNC(=O)Cc1ccc(CC(=O)N*)cc1,4.91
*CCCCCCCCCCCCCCCCCCNC(=O)c1ccc(C(=O)N*)cc1,5.027
*CC1CCC(CNC(=O)CCCCC(=O)N*)CC1,5.664
*CC1CCC(CNC(=O)CCCCCCC(=O)N*)CC1,5.543
*CC1CCC(CNC(=O)CCCCCCCC(=O)N*)CC1,5.567
*Cc1ccc(CNC(=O)CCCCC(=O)N*)cc1,5.824
*CCc1ccc(CCNC(=O)CCCCCCCC(=O)N*)cc1,5.134
*CCc1ccc(CCNC(=O)CCCCCCCCCCC(=O)N*)cc1,5.165
*CCc1ccc(CCNC(=O)CCCCCCCCCCCC(=O)N*)cc1,5.137
*Cc1ccc(CNC(=O)CCCCCCCCCCCCC(=O)N*)cc1,5.059
*CCc1ccc(CCNC(=O)CCCCCCCCCCCCCCCCCCCCC(=O)N*)cc1,5.189
*CCCCCCN(C)C(=O)CCCCCCCCCCCCCCCCC(=O)N(*)C,4.764
*CCCCCCN(C)C(=O)c1ccc(C(=O)N(*)C)cc1,5.793
*CCCCCC(=O)NCc1ccc(CNC(=O)CCCO*)cc1,5.093
*CCCCCCC(=O)NCc1ccc(CNC(=O)CCCCO*)cc1,5.075
*CCCCCCCCC(=O)NCc1ccc(CNC(=O)CCCO*)cc1,5.486
*CCCCNC(=O)Cc1ccc(CNC(=O)CCCO*)cc1,5.576
*CCCCCCCCC(=O)NCc1ccc(CNC(=O)CCCCO*)cc1,5.155
*CCCCCCCCCCC(=O)NCc1ccc(CNC(=O)CCCO*)cc1,5.453
*CCCCCCCCCCC(=O)NCc1ccc(CNC(=O)CCCCO*)cc1,5.098
*CCCCCC(=O)NCc1ccc(CNC(=O)CCCCO*)cc1,5.49
*CCCCCCC(=O)NCc1ccc(CNC(=O)CCCO*)cc1,5.345
*CCCCCCCCCCC(=O)NCCCCCCNC(=O)CCCCO*,5.029
*CCCCCCCCCCC(=O)NCCCCCCNC(=O)CCCO*,5.106
*CCCCCCCCC(=O)NCCCCCCNC(=O)CCCCO*,4.935
*CCCCCCCCC(=O)NCCCCCCNC(=O)CCCO*,5.124
*CCCCCCCCCCCCCCCCCCCCCC(=O)N*,5.0205
*CCCCCCCCCCNC(=O)C(CCCCCCCCCCCC)C(=O)N*,4.68
*CCCCCCCCCCNC(=O)CCCCCCCCC(=O)NCCCCCCCCCCNC(=O)C(=O)N*,5.248
*CCCCCCNC(=O)CCCCCCCCCCCCCCCCCCCCC(=O)N*,5.165
*CCCCCCNC(=O)C(CCCCCCCCCCCCCCCCC)C(=O)N*,4.754
*CCCCCCNC(=O)C(CCCCCCCCCCCCCCCC)C(=O)N*,4.63
*CCCCCCCCCNC(=O)CCCCCCCCC(=O)NCCCCCCCCCNC(=O)C(=O)N*,5.266
*CCCCCNC(=O)CCCCCCCCCCCCCCCCC(=O)N*,5.057
*CCCCCNC(=O)CCCCCCCCCCCC(=O)N*,5.069
*CCc1ccc(CCNC(=O)CCCCCCCCCCCCCCCC(=O)N*)cc1,4.92
*CCCCCCCCCCCNC(=O)CCCCCCCCC(=O)NCCCCCCCCCCCNC(=O)C(=O)N*,5.138
*CC(C)(C)COC(=O)NC1CCC(CC2CCC(NC(=O)O*)CC2)CC1,4.791
*CCCCCCCCCCCCCNC(=O)CCCCCCCCCCCC(=O)N*,4.968
*CCCCCCCCCCCCCCNC(=O)NCCCCCCNC(=O)N*,5.602
*CCCCCCCCCCNC(=O)NCCCCCCCCNC(=O)N*,5.377
*CCCC1CC(=O)N(*)C(=O)C1,4.681
*c1ccc(Cc2ccc(-n3c(=O)c4cc5c(=O)n(*)c(=O)c5cc4c3=O)cc2)cc1,6.494
*c1cccc(N2C(=O)c3ccc(Oc4ccc(C(C)(C)c5ccc(Oc6ccc7c(c6)C(=O)N(*)C7=O)cc5)cc4)cc3C2=O)c1,7.454
*c1ccc2c(c1)C(=O)N(c1ccc(C(c3ccc(N4C(=O)c5ccc(C(*)(C(F)(F)F)C(F)(F)F)cc5C4=O)cc3)(C(F)(F)F)C(F)(F)F)cc1)C2=O,4.322
*c1ccc(N2C(=O)c3ccc(-c4cccc5c4C(=O)N(*)C5=O)cc3C2=O)cc1,8.198
*Oc1ccc(C(C)(C)c2ccc(OC(*)=O)cc2)cc1,3.913
*Oc1ccc(C(C)(C)c2ccc(OC(*)=O)c(Cl)c2)cc1Cl,4.376
*CCN*,5.213
*CCN(*)C(=O)CCCCCCCCCCCCCCCCC,4.873
*CCCN*,5.436
*c1nc(-c2ccccc2)nc(N(c2ccccc2)c2ncnc(N(*)c3ccccc3)n2)n1,4.305
*c1ccc(-c2nnc(-c3cccc(-c4nnc(*)n4-c4ccccc4)c3)n2-c2ccccc2)cc1,4.356
*C(=O)C(*)(C)C,5.239
*CCCCCCS(*)(=O)=O,6.182
*CCCCCCS(=O)(=O)CCCCCS(*)(=O)=O,6.368
*CCCNS(*)(=O)=O,7.86
*CCCS(*)(=O)=O,8.093
*CC(C)(C)CS(*)(=O)=O,4.857
*CC(C)S(*)(=O)=O,6.763
*CCc1cc(Cl)c(*)cc1Cl,1.837
*Cc1cc(*)c(N)c(C)c1N,7.029
*c1cccc(*)c1,3.763
*/C=C/c1ccc(*)cc1,7.025
*c1ccc(C2C(C(=O)OCC)C(*)C2C(=O)OCC)cc1,5.104
*c1ccc(C2C(C#N)(C(=O)OCCC)C(*)C2(C#N)C(=O)OCCC)cc1,4.256
*CCc1c(Cl)c(Cl)c(*)c(Cl)c1Cl,1.845
*CCc1c(C)c(C)c(*)c(C)c1C,3.493
*CCc1cc(*)c(C)cc1C,3.097
*C1CC2C3CCC(C3)C2C1*,4.327
*CCCCCC(*)CCCCCC,4.088
*CCCCCC(*)CCCCCCCC,4.157
*CCCCCC(*)CCCCCCCCCC,4.527
*CCCCCC(*)CCCCCCCCCCCCCC,4.634
*C1C2CCC(C2)C1*,2.68
*CCC([2H])C(*)([2H])C,4.637
*C1CC2CC1C(*)C2CCCC,2.752
*C1CC2CC1C(*)C2CCCCCC,4.078
*C1CC2CC1C(*)C2CCCCCCCCCC,5.071
*CCC1CCC(*)C1,6.078
*CCC1CC(*)C2C3CCC(C3)C12,4.948
*CC(*)c1ccc(C=C)cc1,3.19
*CC(*)c1cc(OC(C)CC)ccc1OC(C)CC,3.832
*CC(*)c1c([2H])c([2H])c([2H])c([2H])c1[2H],3.841
*CC(*)c1ccc(-c2ccc3c(c2)C(CCCCCC)(CCCCCC)c2cc(-c4ccc5c(c4)C(CCCCCC)(CCCCCC)c4ccccc4-5)ccc2-3)cc1,3.434
*CC(*)c1c(F)c(F)c(C(F)(F)F)c(F)c1F,5.665
*CC(*)c1ccccc1,3.877
*/C(C#N)=C(/*)c1ccccc1,3.156
*/C=C(/*)CCCCCCCCCCCCCCCCCCCCC(=O)O,4.908
*/C=C(/*)C#CCCCCCCCCCCCCCCCCCCCCC(=O)O,4.741
*CC(*)n1cncn1,5.017
*/C=C/CCCCCCCCCC(Cl)CCCCCCCCC*,4.274
*CCCCCCCCCCCCCCCCCCCCC(*)COCCOCCOCCOCCOCCCCCCCCCCCCCC,4.862
*CCCCCCCCCCCCCCC(*)Cl,4.858
*CCCCCCCCCCCCCCCCCCCCC(*)Cl,4.76
*/C=C/CCCCCCCC*,3.866
*c1nc2cc(-c3ccc4[nH]c(-c5ccc(*)o5)nc4c3)ccc2[nH]1,8.647
*CCCCCCCCCCCCCCCCCCCCc1nnc(*)o1,4.374
*Oc1cc(C)c(CC(*)C=C)cc1C,3.387
*Oc1ccc(/N=N/c2ccc(*)cc2)cc1,6.846
*Oc1c(C)cc(*)cc1C(C)CCCCCCCCCCCC,3.526
*C(F)(F)C(F)(F)C1(F)C(*)(F)OC(F)(F)C1(F)F,1.09
*CC(=O)c1ccc(Oc2ccc(C(=O)COc3ccc(/C=C4\CCC/C(=C\c5ccc(O*)cc5)C4=O)cc3)cc2)cc1,4.796
*c1sc(*)c2c1OCC(CCCCCCCCCCCCCCCC)O2,4.937
*CCCCCCCCCCCCCCS*,4.888
*c1cc(CCCCCCCCCCCCCC)c(*)s1,5.343
*c1nc2cc3sc(-c4cc(OCCCCCCCCCCCC)c(*)cc4OCCCCCCCCCCCC)nc3cc2s1,7.071
*c1cc(CCCCCCCCCCCCC)c(*)s1,5.229
*c1cc(CCCCCCCCCCCCCCC)c(*)s1,4.947
*/C=C/c1sc(*)c(OCCCCCCCCCCCC)c1OCCCCCCCCCCCC,4.041
*c1cc(CCCCCCCCCCCCCCCCCCCCCC)c(*)s1,4.96
*c1ccc(-c2sc(-c3cc(CCCCCCCCCCCC)c(*)s3)cc2CCCCCCCCCCCC)cc1,4.98
*c1cc(CCCCCCCCCCCCCCCCCC)c(*)s1,4.582
*c1sc(*)c2sc(CCCCCCCCC)nc12,5.493
*c1sc(*)c(OCCCCCCCCCCCC)c1C,4.834
*c1sc(*)c(OCCCCCCCCCCCCCC)c1C,4.637
*c1sc(*)c(OCCCCCCCCCCCCCCCCCCCC)c1C,4.458
*CCCCCCOC(=O)Cc1ccc(CC(=O)O*)cc1,4.908
*CCCCCCCCCCCCCCCCOC(=O)CCCCCCCCC(=O)O*,4.817
*OC1CCC(OC(=O)CCC(*)=O)CC1,5.311
*Cc1c(C)c(C)c(CSC(=O)C(=O)S*)c(C)c1C,4.378
*CCCCOC(=O)CCCCCCCCCCCCCCCCCCCCCCCCCCCCCCCCCCC(=O)O*,4.872
*CCCCCCCCCCCCCCCCCCCCCCOC(=O)CCC(=O)O*,5.037
*CCCCCCCCCCCCCCCCCCCCCCOC(=O)CCCCC(=O)O*,4.948
*CCCCCCCCCCCCCCC(=O)N*,5.081
*CCCCCCCCNC(=O)CCCCCCCCC(=O)NCCCCCCCCNC(=O)C(=O)N*,5.173
*C(=O)N(*)CCCCCCCCCCCCCCCCCC,4.576
*CCCCCCCCCCCCNC(=O)CCCCCCCCCCCCCCCCCCC(=O)N*,4.992
*CCCCCCNC(=O)CCCCCCCCCCCCCCC(=O)N*,4.975
*CCCCCCCCNC(=O)CCCCCCCCCCCCCCC(=O)N*,4.839
*CCCCCCCCCCNC(=O)CCCCCCCCCCCCCCC(=O)N*,5.187
*CCCCCCCCCCCCNC(=O)CCCCCCCCCCCCC(=O)N*,4.938
*CCCCCCCCCCCNC(=O)CCCCCCCCCCCCCCCCCCC(=O)N*,4.882
*CCCCCCCNC(=O)CCCCCCCCCCCCCCCCCCC(=O)N*,5.13
*CCCNC(=O)CCCCCCCCCCCCCCCCCCC(=O)N*,5.093
*CCCCOC(=O)NC1CCC(CC2CCC(NC(=O)O*)CC2)CC1,5.633
*CC(C)(C)C1C(=O)N(C)C(=O)C1*,4.541
*CC(C)(C)C1C(=O)N(C2CCCCC2)C(=O)C1*,3.748
*C1C(=O)N(CCCOc2ccc(-c3ccc(C#N)cc3)cc2)C(=O)C1*,7.119
*CC(CCCCCCCCCCCCCCCC)C1C(=O)N(CCCCCCCCCCCC)C(=O)C1*,4.284
*Oc1ccc2c(c1)C1(CC2(C)C)CC(C)(C)c2ccc(OC(*)=O)cc21,2.293
*Oc1ccc(C2(c3ccc(OC(=O)OC4C(C)(C)C(OC(*)=O)C4(C)C)cc3)CC3CCC2C3)cc1,3.942
*Oc1ccc(C2(c3ccc(OC(=O)OC4C(C)(C)C(OC(*)=O)C4(C)C)cc3)CCC(C(C)(C)C)CC2)cc1,3.177
*Oc1c([2H])c([2H])c(C(c2c([2H])c([2H])c(OC(*)=O)c([2H])c2[2H])(C([2H])([2H])[2H])C([2H])([2H])[2H])c([2H])c1[2H],3.702
*Oc1c(Cl)cc(C(c2cc(Cl)c(OC(*)=O)c(Cl)c2)C(Cl)(Cl)Cl)cc1Cl,3.347
*Nc1ccc(*)cc1C,4.891
*CCCCc1nc2cc3nc(*)[nH]c3cc2[nH]1,8.362
*/N=N/c1ccc(*)cc1,9.391
*/N=N/c1cc(*)ccc1C,4.681
*Nc1ccc(*)cc1CCCCCCCCCCCCCCC,4.717
*CCN(*)C(=O)CCC(F)(F)C(F)(F)C(F)(F)C(F)(F)C(F)(F)C(F)(F)C(F)(F)C(F)(F)F,2.534
*Nc1cc(OCCCCCC)c(*)cc1OCCCCCC,4.798
*Nc1cc(C)c(*)cc1C,4.612
*N=C1C=CC(=NC2=CC(=O)C(*)=CC2=O)C=C1,3.904
*Nc1ccc(*)c(Cl)c1Cl,6.418
*Nc1cc(*)ccc1N,5.288
*c1cc(CCCCCCCCCCCCCCCC)c(*)[nH]1,4.799
*CCCCCCCCCCN/C(C)=N/*,4.179
*Nc1ccc(*)cc1N,7.62
*Nc1ccc(*)cc1C(C)C,3.709
*Nc1ccc(*)cc1C(C)CC,3.876
*Nc1ccc(*)cc1OCCCCCCCCCCCCCCCC,4.989
*CCCCCCCCCCCCCCCC[N+](C)(C)CCCCCC[N+](*)(C)C,5.283
*c1ccc(C(C#N)(C#N)C(*)(C#N)C#N)cc1,2.504
*/C=C/c1cc(OC)c(*)cc1OC,4.521
*/C=C/c1cc(OCC)c(*)cc1OCC,2.902
*/C=C/c1cc(C)c(*)cc1C,5.87
*/C=C/c1cc(Cl)c(*)cc1Cl,2.881
*/C=C/c1cc(OCCCCCC)c(*)cc1OCCCCCC,5.684
*c1cccc(*)c1N,4.711
*/C=C/C=C/C=C/c1cc(CCCCCCC)c(*)cc1CCCCCCC,4.149
*/C=C/c1cc(CCCCCCC)c(*)cc1CCCCCCC,5.426
*c1cc(CCCCCCCCCCCC)c(*)cc1CCCCCCCCCCCC,4.044
*c1ccc(*)c(N(C)C)c1,8.267
*c1ccc(*)c(OC)c1N,7.217
*c1cc(OCC)c(*)cc1OC,8.043
*c1cc(OCCCCCC)c(*)cc1OC,7.318
*/C(OC)=C(\OC)c1ccc(*)cc1,3.592
*c1c(F)c(F)c(*)c(F)c1F,10.961
*/C=C/c1cc(OC(C)C)c(*)cc1OC,3.728
*c1cc(OCC)c(*)cc1OCC,6.517
*/C=C/c1cc(OCC(CC)CCCC)c(*)cc1OC,5.492
*c1cc(CCCCCC)c(*)cc1CCCCCC,4.744
*CCc1ccc(*)c(Cl)c1Cl,6.059
*/C=C/c1cc(OCCCCCCCCCCCCCCCC)c(/C=C/c2ccc(*)cc2)cc1OCCCCCCCCCCCCCCCC,4.675
*/C=C/c1cc(OCCCC)c(*)cc1OC,5.2
*/C=C/c1cc(CC(CC)CCCC)c(*)cc1CCCC,5.176
*/C=C/c1ccc(*)c(F)c1,3.241
*c1ccc(*)c(CCCCCC)c1,5.978
*/C=C/c1ccc(*)c(OC)c1,6.56
*c1cc(/N=N/c2ccc(OC)cc2)cc(*)c1O,4.138
*c1cc(/N=N/c2ccc(C#N)cc2)cc(*)c1O,4.942
*/C=C/c1cc(OCCC(C)CCCC(C)C)c(*)cc1OC,4.45
*c1ccc(-c2ccc3c(c2)C(CCCCCCC#N)(CCCCCCC#N)c2cc(*)ccc2-3)cc1,5.721
*/C=C/c1cc(OCC2CC3CC2C2CCCC32)c(*)cc1OCC1CC2CC1C1CCCC21,6.487
*c1cc(O)c(O)cc1*,0.721
*c1ccc(-c2ccc3c(c2)C(CCCCCC)(CCCCCC)c2cc(*)ccc2-3)cc1,3.839
*c1ccc2c(c1)C(CCCCCC)(CCCCCC)c1cc(-c3cc(CCCCCC)c(*)cc3CCCCCC)ccc1-2,4.77
*c1ccc2c(c1)C(CCCCCC)(CCCCCC)c1cc(-c3cc(CCCCCCCC)c(*)cc3CCCCCCCC)ccc1-2,3.816
*c1ccc2c(c1)C(CCCCCC)(CCCCCC)c1cc(-c3cc(CCCCCCCCCC)c(*)cc3CCCCCCCCCC)ccc1-2,4.09
*/C=C/c1cc(OCCCCCCCC)c(*)cc1OC,4.811
*/C=C/c1cc(OCCCCCCCCCCCC)c(*)cc1OC,5.954
*/C=C/c1cc(OCCCCCC)c(*)cc1OC,5.569
*c1ccc2c(c1)C(CCCCCC)(CCCCCC)c1cc(-c3cc(OCCCCCCCC)c(*)cc3OCCCCCCCC)ccc1-2,4.451
*CCc1c2ccccc2c(*)c2ccccc12,2.038
*CC(*)(F)C(=O)OCC(F)(F)C(F)(F)C(F)(F)C(F)(F)C(F)(F)C(F)(F)C(F)(F)C(F)(F)C(F)(F)C(F)(F)C(F)(F)F,2.053
*CC(*)(F)C(=O)OCC(F)(F)C(F)(F)C(F)(F)C(F)(F)C(F)(F)C(F)F,2.864
*CC(*)(F)C(=O)OCC(F)(F)C(F)(F)C(F)(F)C(F)(F)C(F)(F)C(F)(F)C(F)(F)C(F)F,2.515
*CC(*)(F)C(=O)OCCC(F)(F)C(F)(F)C(F)(F)C(F)(F)C(F)(F)C(F)(F)C(F)(F)C(F)(F)C(F)(F)C(F)(F)F,2.055
*CC(F)(F)C1(F)CC(C(O)(C(F)(F)F)C(F)(F)F)CC1*,3.747
*c1c(*)c2ccccc2c2ccccc12,2.091
*c1ccc2ccc3c(*)cc(C#C)c4ccc1c2c34,4.297
*c1ccc2ccc3c(*)cc(C#CC=C)c4ccc1c2c34,3.279
*C1=NC2=CC(=CC=C2N1)C1=CC2=C(NC(O2)C2=CC=C(OC3=C4C5C6=C(C=CC=C6)C(C6=C5C=CC=C6)C4=C(OC4=CC=C(*)C=C4)C4=C3C3C5=C(C=CC=C5)C4C4=C3C=CC=C4)C=C2)C=C1,5.393
FC(F)(F)C(C1=CC2=C(OC(=N2)C2=CC=C(OC3=C4C5C6=C(C=CC=C6)C(C6=C5C=CC=C6)C4=C(OC4=CC=C(*)C=C4)C4=C3C3C5=C(C=CC=C5)C4C4=C3C=CC=C4)C=C2)C=C1)(C1=CC=C2OC(*)=NC2=C1)C(F)(F)F,3.676
*C(=O)C1=CC=C(C=C1)C1(OC(=O)C2=C1C=CC=C2)C1=CC=C(C=C1)C(=O)C1=CC=C(OC2=CC=C(C=C2)C(=O)C2=CC=C(OC3=CC=C(*)C=C3)C=C2)C=C1,5.551
*C(=O)C1=CC=C(C=C1)C1(OC(=O)C2=C1C=CC=C2)C1=CC=C(C=C1)C(=O)C1=CC=C(OC2=CC=C(C=C2)C(=O)C2=CC=CC(=C2)C(=O)C2=CC=C(OC3=CC=C(*)C=C3)C=C2)C=C1,5.444
*C1=CC(C(=O)C2=CC=CC=C2)=C(*)C=C1,5.098
BrC1=C(C=CC(*)=C1)C1=NC2=C(N1)C=CC(=C2)C1=CC2=C(NC(*)=N2)C=C1,6.792
*C1=CC2=C(OC3=CC(=CC=C3O2)C2(C3=C(C=CC=C3)C3=C2C=CC=C3)C2=CC3=C(OC4=C(O3)C=CC(*)=C4)C=C2)C=C1,2.066
BrC1=CC(C2=NC3=C(N2)C=CC(=C3)C2=CC3=C(NC(*)=N3)C=C2)=C(Br)C=C1*,7.747
CC(*)C*,3.933
CC(=O)OC1OC(O*)C(OC(C)=O)C(O)C1*,4.538
*C1=CC=C(C=C1)C1(C2=C(C=CC=C2)C2=C1C=CC=C2)C1=CC=C(*)C=C1,2.79
CC(C)(*)C*,3.283
*C1=CC=C(OC2=CC=C(C=C2)C(C2=CC=CC=C2)(C2=CC=CC=C2)C2=CC=C(OC3=CC=C(*)C=C3)C=C2)C=C1,4.648
*C(=C(*)C1=CC2=C(C=C1)C1=C(C2)C=CC=C1)C1=CC=CC=C1,1.916
*C1=CC=C(OC2=CC=C(C=C2)C2(C3C=CC=CC3C3C=CC=CC23)C2=CC=C(OC3=CC=C(*)C=C3)C=C2)C=C1,4.989
CC(C)(C1=CC2N=C(*)OC2C=C1)C1=CC=C2OC(=NC2=C1)C1=CC=C(C=C1)C(=O)C1=CC=C(*)C=C1,4.958
CC(C)(C1=CC=C(O*)C=C1)C1=CC(=CC=C1)C(C)(C)C1=CC=C(OC2=CC=C(C=C2)S(=O)(=O)C2=CC=C(*)C=C2)C=C1,5.186
*C1=NC2=C(N1)C=CC(=C2)C1=CC2=C(NC(=N2)C2=CC=C(*)C=C2)C=C1,6.806
*C1=NC2=C(N1)C=CC(=C2)C1=CC2=C(NC(=N2)C2=CC=CC(*)=C2)C=C1,6.394
CC(C)C(*)=C(C)*,2.841
CC(C)C12C3=C(C=CC=C3)C(C(C)C)(C3=C1C=C1OC4=C(OC1=C3)C=C1C(=O)N(*)C(=O)C1=C4)C1=C2C=C2OC3=C(OC2=C1)C=C1C(=O)N(C(=O)C1=C3)C1=C(C)C2=C(C=C1C)C1C3=C(C=CC=C3)C2C2=C1C=C(C)C(*)=C2C,3.264
*C1=NC2=C(N1)C=CC(=C2)C1=CC2=C(NC(=N2)C2=CC=CC(*)=N2)C=C1,5.478
CC(C)C1=CC(=C(C)C=C1O*)C1(OC(=O)C2C=CC=CC12)C1=C(C)C=C(OC2=CC=C(C=C2)C(=O)C2=CC=C(*)C=C2)C(=C1)C(C)C,3.319
CC(C)CC(*)=C(C)*,2.164
CC(C)CC(*)C*,3.208
CC(C)CC(C)OC(=O)C(*)C(*)C(=O)OC(C)(C)C,2.082
CC(C)CC(C)OC(=O)C(*)C(*)C(=O)OC(C)C,2.477
CC(C)CCC(*)=C(C)*,2.425
CC(C)OC(=O)C(*)C(*)C(=O)OC(C)(C)C,2.333
CC(C*)C(=O)OC(C)C(*)=O,4.266
*C1=NN=C(N1C1=CC=CC=C1)C1=CC=CC(=C1)C1=NN=C(N1C1=CC=CC=C1)C1=CC=C(*)C=C1,3.928
CC(C*)O*,3.547
CC1(C)C2=CC=C(C=C2C(C)(C)C1(C)C)C(*)=C(*)C1=CC=CC=C1,2.782
CC1(C)CC(C)(C)C2=CC(=CC=C12)C(*)=C(*)C1=CC=CC=C1,3.203
CC1(C)CC(C)(C2=C1C=C(Br)C(*)=C2)C1=CC=C(C=C1)N1C(=O)C2=CC=C(C=C2C1=O)C(=O)C1=CC2C(C=C1)C(=O)N(*)C2=O,3.369
*C(=C(*)C1=CC2=C(C=C1)C1=C(C=CC=C1)C=C2)C1=CC=CC=C1,0.83
*CC(*)C1=CC=CC=C1,3.542
CC1(C)CC(C)(C2C=C(*)C=CC12)C1=CC=C(C=C1)C1=NN=C(*)O1,4.043
*CC(*)C1=CC=NC=C1,3.588
CC1(C)CC2(CC(C)(C)C3=C2C=C(O)C(=C3)N2C(=O)C3C=CC(=CC3C2=O)C(C2=CC=C3C(=O)N(*)C(=O)C3=C2)(C(F)(F)F)C(F)(F)F)C2=C1C=C(*)C(O)=C2,3.019
CC1(C)CC2(CC(C)(C)C3=C2C=C2C(=O)N(C(=O)C2=C3)C2=CC3=C(C=C2)C(C)(C)CC32CC(C)(C)C3=C2C=C(*)C=C3)C2=CC3=C(C=C12)C(=O)N(*)C3=O,3.124
CC1(C)CC2(CC(C)(C)C3=C2C=C2OC4=C(OC2=C3)C=C2C(=O)N(C(=O)C2=C4)C2=CC(=C(C=C2)C2=CC=C(*)C=C2C(F)(F)F)C(F)(F)F)C2=C1C=C1OC3=C(OC1=C2)C=C1C(=O)N(*)C(=O)C1=C3,1.167
CC1(C)CC2(CC(C)(C)C3=C2C=C2OC4=C(OC2=C3)C=C2C(=O)N(C(=O)C2=C4)C2=CC(=C(C=C2)C2=CC=C(*)C=C2C(F)(F)F)C(F)(F)F)C2=CC3=C(OC4=CC5=C(C=C4O3)C(=O)N(*)C5=O)C=C12,1.602
CC1(C)CC2(CC(C)(C)C3=C2C=C2OC4=C(OC2=C3)C=C2C(=O)N(C(=O)C2=C4)C2=CC=CC3=C2C=CC=C3*)C2=C1C=C1OC3=C(OC1=C2)C=C1C(=O)N(*)C(=O)C1=C3,1.34
CC1(C)CC2(CC(C)(C)C3=C2C=C2OC4=C(OC2=C3)C=C2C(=O)N(C(=O)C2=C4)C2=CC=CC3=C2C=CC=C3*)C2=CC3=C(OC4=CC5=C(C=C4O3)C(=O)N(*)C5=O)C=C12,1.503
CC1(C)CC2(CC(C)(C)C3=CC=C(OC(=O)O*)C=C23)C2C=C(*)C=CC12,2.646
CC1=C(C)C(N2C(=O)C3=C(C=C(C=C3)C(C3=CC=C4C(=O)N(*)C(=O)C4=C3)(C(F)(F)F)C(F)(F)F)C2=O)=C(C)C(C)=C1*,2.683
CC1=C(C)C(N2C(=O)C3=C(C=C(OC4=CC(C)=C(OC5=CC=C6C(=O)N(*)C(=O)C6=C5)C(C)=C4C)C=C3)C2=O)=C(C)C(*)=C1,4.962
CC1=C(C)C(N2C(=O)C3=CC4=C(C=C3C2=O)C2(CC(C)(C)C3=CC5=C(C=C23)C(=O)N(*)C5=O)CC4(C)C)=C(C)C(C)=C1*,2.259
CC1=C(C)C(N2C(=O)C3=CC4=C(OC5=CC6=C(C=C5O4)C(C)(C)CC64CC(C)(C)C5=CC6=C(OC7=CC8=C(C=C7O6)C(=O)N(*)C8=O)C=C45)C=C3C2=O)=C(C)C(C)=C1*,1.31
CC1=C(C)C(N2C(=O)C3=CC=C(C=C3C2=O)C(C2=CC3C(C=C2)C(=O)N(*)C3=O)(C(F)(F)F)C(F)(F)F)=C(C)C(C)=C1*,1.864
CC1=CC(=C2C=CC=CC2=C1*)C1=C2C=CC=CC2=C(N2C(=O)C3=CC4=C(OC5=C(O4)C=C4C(=C5)C5(C)CCC4(C)C4=C5C=C5OC6=C(OC5=C4)C=C4C(=O)N(*)C(=O)C4=C6)C=C3C2=O)C(C)=C1,3.023
*C(=C(*)C1=CC=C(C=C1)C1=CC=CC=C1)C1=CC=CC=C1,1.815
CC1=CC(=CC(C)=C1*)C1=CC(C)=C(C=C1C)C1=CC(C)=C(*)C(C)=C1,8.851
CC1=CC(=CC(C)=C1*)C1=CC(C)=C(N2C(=O)C3=CC4=C(C=C3C2=O)S(=O)(=O)C2=CC3=C(C=C2S4(=O)=O)C(=O)N(*)C3=O)C(C)=C1,5.458
CC1=CC(=CC(C)=C1O*)C(C)(C)C1=CC(C)=C(OC(=O)C2=CC(=CC(=C2)C(*)=O)C(C)(C)C)C(C)=C1,3.311
CC1=CC(=CC(C)=C1O*)C(C1=CC(C)=C(OC(*)=O)C(C)=C1)(C(F)(F)F)C(F)(F)F,2.547
*CC*,5.176
CC1=CC(C)=C(N2C(=O)C3=C(C=C(C=C3)C(C3=CC4=C(C=C3)C(=O)N(*)C4=O)(C(F)(F)F)C(F)(F)F)C2=O)C(C)=C1*,3.469
CC1=CC(C)=C(N2C(=O)C3=C(C=C4C(=O)N(*)C(=O)C4=C3)C2=O)C(C)=C1*,3.639
CC1=CC(C2=CC(C)=C(*)C3=C2C=CC=C3)=C2C=CC=CC2=C1N1C(=O)C2=CC3=C(C=C2C1=O)C1(C)C2=CC4=C(C=C2C3(C)C2=C1C=CC=C2)C(=O)N(*)C4=O,1.558
*CC1CC(*)OCO1,5.209
CC1=CC2=C(C3C4=C(C=CC=C4)C2C2=C3C(C)=C(N3C(=O)C4=C(C=C5C(=O)N(*)C(=O)C5=C4)C3=O)C(C)=C2)C(C)=C1*,3.656
CC1=CC2=C(C3C4=C(C=CC=C4)C2C2=C3C(C)=C(N3C(=O)C4=CC=C5C(=O)N(*)C(=O)C6=C5C4=C(C=C6)C3=O)C(C)=C2)C(C)=C1*,2.598
CC1=CC2=C(C3C4=C(C=CC=C4)C2C2=C3C(C)=C(N3C(=O)C4C(C5C=CC4C4C5C(=O)N(*)C4=O)C3=O)C(C)=C2)C(C)=C1*,2.881
CC1=CC2=C(C=C1*)S(=O)(=O)C1=CC(N3C(=O)C4=CC5=C(C=C4C3=O)S(=O)(=O)C3=CC4=C(C=C3S5(=O)=O)C(=O)N(*)C4=O)=C(C)C=C21,3.588
CC1=CC2=C(C=C1*)S(=O)(=O)C1=CC(N3C(=O)C4=CC=C(C=C4C3=O)C3=CC4=C(C=C3)C(=O)N(*)C4=O)=C(C)C=C21,6.364
*CCCC*,4.654
CC1=CC2=C(C=C1OC1=CC=C(*)C=C1)C(C)(C)CC1(CC(C)(C)C3=CC(OC4=CC=C(*)C=C4)=C(C)C=C3O1)O2,3.803
CC1=CC2C(C=C1*)S(=O)(=O)C1=C2C=C(C)C(=C1)N1C(=O)C2=CC=C(C=C2C1=O)C(C1=CC2=C(C=C1)C(=O)N(*)C2=O)(C(F)(F)F)C(F)(F)F,3.045
*CCCC=C*,3.691
CC1CC(*)C(Br)C(C)C1O*,4.76
CC1CC(*)C(C(C)C1O*)S(O)(=O)=O,3.989
CCC(C)OC(=O)C(*)C(*)C(=O)OC(C)(C)C,1.851
CCC(C)OC(=O)C(*)C(*)C(=O)OC(C)C,2.903
*CCCCCC\C=C\*,3.987
CCCC(*)=C(C)*,2.507
CCCCCC(*)=C(C)*,2.915
CCCCCCCC(*)=C(C)*,3.719
CCCCCCCCCCCCC1=C(*)SC(*)=C1,4.77
CCN1C2C=CC(*)=CC2C2=C1C=CC(=C2)N1C(=O)C2=CC=C(C=C2C1=O)C(C1=CC2=C(C=C1)C(=O)N(*)C2=O)(C(F)(F)F)C(F)(F)F,4.099
CCOC1C(*)C(COC(=O)NC(C)(C)C)OC(O*)C1OCC,4.36
CCOCC1OC(CO*)C(OCC)C(OCC)C1*,3.721
CCOCC1OC(O*)C(OCC)C(OCC)C1*,3.898
CCOCCOCCOC(=O)C(C)(*)C*,5.043
CN1C(*)=CC=C1*,4.125
CN1C(*)=NC2=C1C=CC(=C2)C1=CC2=C(C=C1)N(C)C(=N2)C1=CC(=CC(*)=C1)C(C)(C)C,4.073
*CCSS*,4.667
*C\C=C/C*,3.189
*C(=C(*)C1=CC=C2C3=C(C=CC=C3)C3(CC3)C2=C1)C1=CC=CC=C1,1.833
C\C(C*)=C\C*,3.708
ClC(*)CCCC(*)S(Cl)(=O)=O,5.359
ClC(Cl)(*)C*,3.929
ClC1=CC(C*)=C(Cl)C=C1C*,1.731
FC(*)C*,5.129
FC(F)(*)C(F)(F)*,0.887
FC(F)(*)C1(F)OC(F)(F)C(F)(F)C1(F)C(F)(F)*,1.094
FC(F)(F)C(*)(C1=CC=CC=C1)C1=CC=C(C=C1)C1=CC=C(*)C=C1,4.214
FC(F)(F)C(C1=CC2=C(C=C1)C(=O)N(*)C2=O)(C1=CC=C2C(=O)N(C(=O)C2=C1)C1=CC(*)=CC=C1)C(F)(F)F,4.523
FC(F)(F)C(C1=CC2=C(C=C1)C(=O)N(*)C2=O)(C1=CC=C2C(=O)N(C(=O)C2=C1)C1=CC=CC(*)=C1)C(F)(F)F,4.694
*N1C(=O)C2=C(C=C(C=C2)C2=CC=C3C(=O)N(C(=O)C3=C2)C2=CC=C(OC3=CC=C(*)C=C3)C=C2)C1=O,8.19
*C(=C(*)C1=CC=C2CCCC2=C1)C1=CC=CC=C1,2.74
FC(F)(F)C(C1=CC=C(OC2=CC=C(*)C=C2)C=C1)(C1=CC=C(OC2=CC=C(C=C2)N2C(=C)C3=CC=C4C(=C)N(*)C(=C)C5=C4C3=C(C=C5)C2=C)C=C1)C(F)(F)F,4.849
FC(F)(F)C(C1=CC=C2C(=O)N(*)C(=O)C2=C1)(C1=CC=C2C(=O)N(C(=O)C2=C1)C1=CC=C(OC2=CC=C(*)C=C2)C=C1)C(F)(F)F,6.323
FC(F)(F)C(C1CC=C(*)C=C1)(C1=CC=C(C=C1)C1=NN=C(*)O1)C(F)(F)F,4.187
FC(F)(F)C(F)(F)C(F)(F)C(F)(F)C(F)(F)C(F)(F)C(F)(F)COC(=O)C(*)C*,1.892
FC(F)(F)C(F)(F)C(F)(F)C(F)(F)C(F)(F)C(F)(F)CCOC(=O)C1=CC(=CC(*)=C1)N1C(=O)C2=CC=C(C=C2C1=O)C(C1=CC2=C(C=C1)C(=O)N(*)C2=O)(C(F)(F)F)C(F)(F)F,4.64
FC(F)(F)C1(C(*)CC(\C=C\*)C1(F)F)C(F)(F)F,3.293
FC(F)(F)C1=C(OC2=CC=C(C=C2)C(C2=CC=C(OC3=C(C=C(C=C3)N3C(=O)C4=CC=C(C=C4C3=O)C(C3=CC=C4C(=O)N(*)C(=O)C4=C3)(C(F)(F)F)C(F)(F)F)C(F)(F)F)C=C2)(C(F)(F)F)C(F)(F)F)C=CC(*)=C1,4.311
FC(F)(F)C1=CC(*)=CC(=C1)N1C(=O)C2=CC=C(C=C2C1=O)C(C1=CC2C(C=C1)C(=O)N(*)C2=O)(C(F)(F)F)C(F)(F)F,3.716
*N1C(=O)C2=C(C=C(OC3=CC=C(OC4=CC=C5C(=O)N(C(=O)C5=C4)C4=CC=C(OC5=CC=C(*)C=C5)C=C4)C=C3)C=C2)C1=O,7.785
*\C=C\C1CC(*)C2C1C(=O)N(C1CCCC1)C2=O,5.105
[H]C(*)=C(*)C(C)(C)C,3.437
[H]C1=C([H])C2([H])C3C(C(=O)N(*)C3=O)C1([H])C1C2C(=O)N(C1=O)C1=CC2=C(C=C1O)C1(CC(C)(C)C3=C1C=C(O)C(*)=C3)CC2(C)C,2.324
*C(=C(*)C1=CC=CC=C1)C1=CC=CC=C1,3.121
*N1C(=O)C2=C(C=C3C(=C2)S(=O)(=O)C2=C(C=C4C(=O)N(C(=O)C4=C2)C2=CC=C(OC4=CC=C(*)C=C4)C=C2)S3(=O)=O)C1=O,6.727
*N1C(=O)C2=C(C=C3C(=O)N(C(=O)C3=C2)C2=CC=C(OC3=CC=C(*)C=C3)C=C2)C1=O,6.936
*N1C(=O)C2=C(C=C3C(=O)N(C(=O)C3=C2)C2=CC=CC(OC3=CC(*)=CC=C3)=C2)C1=O,2.918
[H]C1=CC=C(C=C1)N(C1=CC=C(*)C=C1)C1=CC=C(C=C1)N1C(=O)C2=C(C=C(C=C2)C(C2=CC=C3C(=O)N(*)C(=O)C3=C2)(C(F)(F)F)C(F)(F)F)C1=O,6.49
[H]C1CC(*)CC1\C=C\*,5.521
*N1C(=O)C2=C(C=C3SC4=C(SC3=C2)C=C2C(=O)N(C(=O)C2=C4)C2=CC=C(OC3=CC=C(*)C=C3)C=C2)C1=O,6.787
*N1C(=O)C2=CC3=C(C=C2C1=O)C(=O)N(C3=O)C1=CC=C(OC2=CC=C(*)C=C2)C=C1,7.39
*C(=O)C1=CC=C(C=C1)C1(OC(=O)C2=C1C=CC=C2)C1=CC=C(C=C1)C(=O)C1=CC=C(OC2=CC=C(C=C2)C(=O)C2=CC=C(C=C2)C(=O)C2=CC=C(OC3=CC=C(*)C=C3)C=C2)C=C1,6.06
*N1C(=O)C2=CC=C(C=C2C1=O)C1=CC=C2C(=O)N(C(=O)C2=C1)C1=CC=C(OC2=CC=C(*)C=C2)C=C1,8.769
*C1=NC2=CC(=CC=C2N1)C1=CC2=C(NC(O2)C2=CC=C(OC3=CC=C(OC4=CC=C(*)C=C4)C4=C3C3C5=C(C=CC=C5)C4C4=C3C=CC=C4)C=C2)C=C1,5.032
FC(F)(F)C(C1=CC2=C(OC(=N2)C2=CC=C(OC3=CC=C(OC4=CC=C(*)C=C4)C4=C3C3C5=C(C=CC=C5)C4C4=C3C=CC=C4)C=C2)C=C1)(C1=CC=C2OC(*)=NC2=C1)C(F)(F)F,4.082