SMILES,DC
*CS*,12.781933
*/C=C/*,2.432924
*/C=C/*,2.491955
*c1c(F)c(F)c(*)c(F)c1F,1.905956
*C(F)(F)C(*)(F)Cl,1.836467
*CCC(Cl)C(*)Cl,2.539531
*C(F)(F)C(*)(F)OC(F)C(F)F,2.162313
*/C=C(/*)c1cccc(Cl)c1,2.499953
*/C=C(/*)c1ccc(Cl)cc1,2.690631
*/C(Cl)=C(/*)c1ccccc1,2.165238
*CC(*)Cl,2.736389
*/C=C(/*)c1ccccc1,2.336858
*c1ccc(*)c2nccnc12,2.610707
*OC(*)CCC#N,3.868086
*/C(C#N)=C(/*)c1ccccc1,2.448177
*c1cccc(*)c1,2.668191
*CC(*)(C#N)C(=O)OC,2.519938
*CC(*)n1ccnc1,2.866943
*CC(*)c1ccccn1,2.558107
*C1C(=O)OC(=O)C1*,2.504479
*CC(*)CC,2.124364
*CC(C)S(*)(=O)=O,2.738124
*C1CCC1*,2.106737
*CCC([2H])C(*)([2H])C,2.088312
*c1cc(O)c(O)cc1*,2.82072
*CC(*)CCC,2.056313
*CCC(*)(C)C,2.230535
*CC(*)C(C)=O,3.037263
*CC(*)(CF)C(=O)OC,2.141507
*CC(*)C(C)C,2.000252
*CC(*)C(=O)OC,2.600275
*CC(*)(C)C(=O)OC,2.168216
*CC(*)(C)CC,2.095574
*C1C=CC(*)C1,2.33648
*CC(*)c1ccccc1Cl,2.668682
*CC(*)c1ccc(Cl)c(Cl)c1,2.650638
*C1CCC(*)C1,2.185643
*CC(*)C(=O)O,3.134852
*c1cccc(*)c1N,3.242677
*CC(*)c1cccc(Cl)c1,2.743238
*CC(*)c1ccccc1,2.43639
*CC(*)c1c(F)c(F)c(F)c(F)c1F,2.203047
*CCCN*,3.513828
*CC(*)(C)C(N)=O,2.830639
*CC(*)C1CCC1,2.105074
*CC(*)c1ccccc1F,2.646557
*CC(*)c1cccc(F)c1,2.775882
*CC(*)c1ccc(Cl)c(F)c1,2.558284
*CC(*)O,3.670285
*CCN*,3.442845
*CC(*)c1cc(F)ccc1F,3.404102
*CC1CCC(*)C1,2.260558
*C([2H])([2H])C(*)([2H])c1c([2H])c([2H])c([2H])c([2H])c1[2H],2.460212
*C(F)(F)C(*)(F)c1ccccc1,1.757467
*CC(*)c1ccc(Cl)cc1Cl,3.186192
*CC(*)(C#N)C(=O)OCC,2.318727
*CC(*)C(=O)OCCC#N,3.714911
*CC(*)C=C(C)C,2.1658
*CC(*)c1c([2H])c([2H])c([2H])c([2H])c1[2H],2.4292
*CC(*)c1ccccc1,2.427518
*/C=C(/*)c1ccc(C#C)cc1,2.583263
*/C=C(/*)c1cccc(C#C)c1,2.503748
*CC(*)c1cc(Cl)ccc1Cl,2.100685
*/C=C(/*)c1ccccc1C,2.1955
*C(F)(F)C(F)(F)C1(F)C(*)(F)OC(F)(F)C1(F)F,1.573387
*C1Cc2ccccc2C1*,2.344564
*CC(*)C(=O)OC(F)(C(F)(F)F)C(F)(F)F,2.045339
*C1C2CCC(C2)C1*,2.004105
*C(c1ccccc1)C(*)(C#N)C#N,2.435638
*CCc1ccc(*)c(F)c1,3.93881
*CC(*)CCCC,2.042486
*CC(*)CC(C)C,2.011782
*CC(*)C(C)CC,2.062305
*CC(*)CC(C)C(F)(F)F,2.32177
*/C=C(/*)c1ccc(OC)cc1,2.696245
*CC(*)(C)CCC,1.994893
*CC(*)c1ccc(C#C)cc1,2.537884
*CC(*)c1ccc(C=O)cc1,3.457895
*/C=C(/*)c1ccc(NC=O)cc1,3.06422
*CC(*)c1ccc(Cl)cc1C,2.695645
*CC(=O)C(*)c1ccc(F)cc1,2.98666
*CC(*)c1cc(C)ccc1F,2.604586
*CC(*)C(=O)Oc1c(Cl)c(Cl)c(Cl)c(Cl)c1Cl,2.411584
*CC(C)C(*)(C)C,2.214474
*CC(*)Cc1ccccc1,2.404525
*CC(*)c1cccc(C)c1,2.326234
*CC(*)c1ccc(C)cc1,2.351728
*CC(*)c1ccc(Cl)c(C)c1,2.706171
*CC(*)c1ccc(F)cc1C,2.782393
*CC(*)c1ccccc1C,2.327045
*CC(*)C(=O)Oc1ccccc1Cl,2.670764
*CC(*)(C)c1ccccc1,2.263905
*CC(*)OC(=O)c1ccccc1,2.678762
*CCCC(*)(C)C(=O)O,2.559885
*CC(*)c1c(F)c(F)c(C(F)(F)F)c(F)c1F,2.152479
*CC(*)C1CCCC1,2.101948
*CC(*)C(=O)Oc1ccccc1,2.663052
*CC(*)C(=O)c1ccccc1O,2.77479
*CC1(*)CCCCC1,2.034206
*CC(c1ccccc1)S(*)(=O)=O,2.616772
*CC(*)(C)C(=O)OCCC#N,3.584187
*CC(*)C(=O)NC(C)C,2.823967
*CC(*)c1ccccc1OC,2.513802
*CC(*)OC(=O)c1ccc(C#N)cc1,3.648009
*CC(*)C(=O)OCCSCC#N,8.884598
*CC(*)(C)c1ccc(F)cc1,2.515131
*CC(*)C(=O)Oc1ccc(C#N)cc1,3.809495
*CCC1CCC(*)C1,2.189577
*CC(*)C1CC=CCC1,2.159126
*C1C(=O)N(c2ccccc2)C(=O)C1*,2.531066
*CC(*)(C)C(=O)Oc1c(Cl)c(Cl)c(Cl)c(Cl)c1Cl,2.318099
*CC(*)(C)C(=O)OC(F)(C(F)(F)F)C(F)(F)Cl,1.787818
*CC(*)(C)C(=O)OC(F)(C(F)(F)F)C(F)(F)F,1.703749
*CC(*)c1ccc(CC)cc1,2.327226
*CC(*)(C)C(=O)OC(C(F)(F)F)C(F)(F)F,1.909444
*CC(*)c1cccc2ccccc12,2.593401
*CC(*)c1cc(C)cc(C)c1,2.304552
*CC(*)CCc1ccccc1,2.430859
*CC(*)(Cl)C(=O)OCCCC,2.271826
*CC(*)c1ccc(C)cc1C,2.308533
*CC(*)c1cc(C)ccc1C,2.267045
*CC(*)(C)C(=O)OC(C)C(F)(F)F,2.160116
*CC(*)(C)C(=O)Oc1ccccc1,2.702173
*CC(*)c1cccc(CC)c1,2.29314
*CC(*)CCCCC,2.078199
*CC(*)c1ccc(C)c(C)c1,2.306315
*CC(*)c1ccccc1CC,2.248475
*CC(*)C(C)c1ccccc1,2.272355
*CC(*)C1CCCCC1,1.986433
*CC(*)CC1CCCC1,2.083661
*CC(*)c1ccc(C(=O)OC)cc1,3.124238
*CC(*)c1ccc(S(=O)(=O)O)cc1,3.690291
*CC(*)CCC(C)C,2.066164
*CC(*)CC(C)CC,2.039604
*CCCCCCS(*)(=O)=O,3.467614
*CC(*)(Cl)C(=O)OC(C)CC,2.165693
*CC(*)C(CC)CC,1.994079
*CC(*)c1ccc(OC(C)=O)cc1,4.439298
*CC(*)CNc1ccc([N+](=O)[O-])cn1,3.199175
*CC(*)C(=O)Oc1cccc(C)c1,2.564326
*CC(*)(C)c1ccc(C)cc1,2.191443
*CC(*)CC(C)(C)C,2.012328
*CC1(*)CCC(C)CC1,1.983826
*CC(*)(CC(=O)OC)C(=O)OC,2.315216
*CC(*)(C(=O)OC)c1ccccc1,2.236258
*CCCC(*)(C)CC,2.081421
*CC(*)(C#N)C(=O)OCCCC,2.304809
*CC(*)c1ccc(C(=O)O)c(C(=O)O)c1,3.383699
*OC(*)CCCCCC,2.175374
*CCc1cc(*)c(C)cc1C,2.415036
*CC(*)c1ccc(OCC)cc1,2.525293
*CC(*)c1ccccc1COC,3.029994
*CC(*)C(=O)OCc1ccc(C#N)cc1,3.553998
*CC(*)c1ccc(COC)cc1,3.547334
*CC(*)c1cccc(OC(C)=O)c1,3.899656
*CC(*)(C)C(=O)Oc1ccc(C#N)cc1,3.342975
*CC(*)C(=O)N1CCCCC1,2.512726
*CC(*)C(=O)Oc1ccc(OC)cc1,2.690523
*CCC/C=C(/*)c1ccc(Cl)cc1,2.72285
*CC(*)OC(=O)/C=C/c1ccccc1,2.816624
*/C=C(/*)c1ccccc1C(C)C,2.03982
*CC(*)CCC(C)CC,2.083767
*CC(*)CCCCCC,2.045746
*CC(*)CCCC(C)C,2.110735
*CC(*)CC(CC)CC,2.044986
*CC(*)c1ccc(N(C)C)cc1,2.587506
*CC(*)CCC(C)(C)C,2.009416
*CC(*)CC(C)(C)CC,2.083584
*CC(*)C(=O)C1CCCCC1,2.301968
*CC(*)(C)C(=O)OC(C(F)(F)F)(C(F)(F)F)C(F)(F)F,1.677342
*CC(*)c1ccc(CCC#C)cc1,2.47557
*CC(*)c1cc(OC)ccc1OC,2.583405
*CC(*)(C)C(=O)OC(C)CC,2.083241
*CC(*)c1ccc(C(C)C)cc1,2.277323
*CC(*)(C)C(=O)OC(C)(C)C,2.005079
*CC(*)c1ccc(CCC)cc1,2.328132
*CC(*)(C)C(=O)Oc1ccc([N+](=O)[O-])cc1,2.833213
*CC(*)c1cc(C)c(C)cc1C,2.232245
*CC(*)c1c(C)cc(C)cc1C,2.245119
*CC(*)OC(=O)C1(F)C(F)(F)C(F)(F)C(F)(F)C(F)(F)C1(F)F,1.923993
*CC(*)c1ccccc1C(=O)OCC,2.659227
*CC(*)CC1CCCCC1,1.957899
*CC(*)Cc1cc(C)ccc1C,2.244676
*CC(*)CCc1ccc(C)cc1,2.374792
*CC(*)Cc1cc(C)cc(C)c1,2.332768
*CC(*)Cc1ccc(C)c(C)c1,2.332441
*CC(*)C1CCCC(C)C1,1.926505
*CC(*)CCc1ccccc1C,2.402496
*CC(*)C1CCC(C)CC1,2.000377
*C1CC2C3CCC(C3)C2C1*,1.815601
*CC(*)(C)C(=O)OCc1ccccc1Cl,3.115265
*OC(c1ccc(Cl)cc1)C(C)(C)C(*)=O,2.444962
*CC(*)C(=O)Oc1cccc2ccccc12,2.715594
*CC(*)(C)C(=O)Oc1cccc(C)c1,2.341961
*CC(*)(Cl)C(=O)OC1CCCCC1,2.10819
*CC(*)c1ccc(-c2ccccc2)cc1,2.678455
*CC(*)(C)C(=O)Oc1ccc(C)cc1,2.390921
*CC(*)c1ccccc1COCC,2.859887
*/C=C(/*)CNS(=O)(=O)c1ccc(C)cc1,3.192166
*CC(*)c1ccc(OCCC)cc1,2.52009
*CC(*)n1c2ccccc2c2ccccc21,2.698733
*CC(*)CNc1ccc([N+](=O)[O-])c(C(F)(F)F)c1,3.359598
*CC(*)c1ccccc1C(=O)N(C)C,2.412899
*CC(*)C(=O)OCCCSCCC#N,5.099555
*CC(*)(C)C(=O)Oc1ccc(CC#N)cc1,3.156536
*C1C(=O)N(c2ccccc2C(=O)OC)C(=O)C1*,2.51189
*C(c1ccccc1)C(*)(C#N)C(=O)OCC,2.595516
*C1C(=O)N(C2CCCCC2)C(=O)C1*,1.99191
*/C=C(/*)c1c(F)c(F)c(CCCC)c(F)c1F,2.22608
*CC(*)CCCCCCC,2.087938
*CC(*)CCCC(C)(C)C,2.057085
*CC(*)c1ccc(C(C)CC)cc1,2.238334
*CC(*)(C)C(=O)OCC(F)(F)C(F)(F)C(F)(F)C(F)F,2.147888
*CC(*)c1ccc(C(C)(C)C)cc1,2.189678
*CC(*)c1ccc(CCCC)cc1,2.309802
*CC(*)c1ccc(OCCCC)cc1,2.531378
*CC(*)C(=O)Oc1ccccc1-c1ccccc1,2.553019
*CC(*)(C)c1ccc(C(C)C)cc1,2.109018
*Oc1cc(C)c(CC(*)C=C)cc1C,2.549988
*CC(*)(C)C(=O)OCc1cccc([N+](=O)[O-])c1,2.766333
*CC(*)c1ccccc1COCCC,2.803782
*CC(*)c1ccccc1C(=O)Oc1ccccc1,2.631971
*CC(*)c1ccccc1COC(C)C,2.900579
*CC(CC(*)(C#N)C(=O)OC)c1ccccc1,2.534228
*CC(*)c1ccc(COCCC)cc1,3.511712
*CC(*)CCC1CCCCC1,2.081301
*CC(*)C(=O)N(C(C)C)C(C)C,2.194813
*CC(*)(CC(=O)OCC)C(=O)OCC,2.262856
*CC(*)CCCCCCCC,2.053448
*CC(*)(C)C(=O)OC(C)C(C)(C)C,2.007799
*CC(*)C(=O)NCCCCCC(=O)O,2.918335
*CC(*)(OC(C)=O)c1ccc(OC(=O)OC)cc1,2.356498
*C1CC2CC1C(*)C2CCCC,1.959628
*CC(*)c1ccccc1C(=O)Nc1ccccc1,2.603883
*CC(*)CCCC1CCCCC1,2.11946
*CC(*)c1cc(C(C)(C)C)ccc1C,2.218345
*CC(*)OC(=O)c1ccc(OC(=O)CCC)cc1,3.471211
*CCC1CC(*)C2C3CCC(C3)C12,2.136722
*CC(*)OCC(C)(C)CC(C)C,2.147678
*CC(*)C(=O)OCC(F)(F)C(F)(F)OC(F)(F)C(F)(F)C(F)(F)C(F)(F)F,1.932839
*CC(*)(C)C(=O)OC1CCCCC1C,1.999088
*CC(*)c1ccc(OCCC(C)C)cc1,2.505807
*CC(*)C(=O)OCCCCCCSCC#N,5.218515
*Oc1ccc(C(C)(c2ccc(*)cc2)C(F)(F)F)cc1,2.575689
*CC(*)CCCCCCCCC,2.066949
*CC(*)c1ccccc1COCCCC,2.789842
*CC(*)c1ccc(C(=O)N2CCCCC2)cc1,2.72507
*/C=C(/*)c1c(C)cc(C(C)(C)C)cc1C,2.059883
*CC(*)c1ccccc1COCc1ccccc1,2.771373
*Oc1ccc(C(C)(C)c2ccc(OC(*)=O)c(Cl)c2)cc1Cl,2.908409
*CC(*)(C#N)C(=O)OCCCCCC,1.458512
*Oc1cc(Cl)c(C(C)(C)c2c(Cl)cc(OC(*)=O)cc2Cl)c(Cl)c1,3.122706
*CC(CCl)(CCl)COC(=O)c1ccccc1C(=O)O*,2.694652
*CC(*)C(=O)N(CC=C)c1c(C)cccc1C,2.461416
*CC(*)c1ccc(CCCCCC)cc1,2.26185
*CC(*)c1cc(C(C)C)ccc1C(C)C,2.081733
*CC(*)c1ccc(C(C)C)cc1C(C)C,2.172974
*CC(*)C(=O)N(CCCC)CCCC,2.460438
*CC(*)C(=O)Oc1ccc(C(=O)OCCCC)cc1,2.591336
*Oc1c([2H])c([2H])c(C(c2c([2H])c([2H])c(OC(*)=O)c([2H])c2[2H])(C([2H])([2H])[2H])C([2H])([2H])[2H])c([2H])c1[2H],2.767238
*Oc1ccc(C(C)(C)c2ccc(OC(*)=O)c(Cl)c2)cc1,2.713311
*c1ccc(*)c2nc(-c3ccccc3)c(-c3ccccc3)nc12,2.297319
*CC(*)c1ccccc1COCCC(C)C,2.759466
*CC(*)c1ccccc1COCCCCC,2.686101
*OC(=O)c1ccc(C(C)(C)c2ccc(C(*)=O)cc2)cc1,2.941385
*CC(*)(OC(C)=O)c1ccc(OC(=O)CCC)cc1,2.692861
*CC(*)c1ccccc1COCCc1ccccc1,2.773888
*CC(*)c1cccc(-c2ccc(-c3ccccc3)cc2)c1,2.736854
*CC(*)CCCCCCCCCC,2.086588
*C1CC2CC1C(*)C2CCCCCC,2.112189
*CC(*)(C)C(=O)OCC(F)(F)C(F)(F)C(F)(F)C(F)(F)C(F)(F)C(F)(F)C(F)(F)F,1.806821
*CC(*)C(=O)Oc1ccc(C(=O)OCc2ccccc2)cc1,2.737479
*CC(*)(C)C(=O)OC(F)(F)C(F)(F)C(F)(F)C(F)(F)C(F)(F)C(F)(F)C(F)(F)C(F)(F)F,1.66533
*CC(*)(C)C(=O)OC12CC3CC(CC(C3)C1)C2,1.996032
*CC(C(=O)Oc1ccccc1)C(C(=O)O)C(*)(C)C,2.459394
*CC(*)c1ccc(COCCCCCC)cc1,3.03946
*CC(*)(C)C(=O)OC1CC2CCC1(C)C2(C)C,2.010251
*CC(*)(C)C(=O)OC1CC(C)CC(C)(C)C1,1.889796
*Oc1ccc(C(C)c2ccc(OC(*)=O)c(C)c2)cc1C,2.584831
*CC(*)c1ccc(C(=O)CCCCCCC)cc1,2.835156
*CC(*)CCCCCCCCCCC,2.09661
*Oc1ccc(C(CCC)c2ccc(OC(*)=O)cc2)cc1,2.640102
*CC(*)C(=O)OC12CC3CC(C)(CC(C)(C3)C1)C2,2.14278
*CC(*)c1ccc(C(=O)CCN2CCCCC2)cc1,2.74862
*CC(*)(C)C(=O)OCC(CC)CCCC,2.141201
*CC(C)(C)C1C(=O)N(C2CCCCC2)C(=O)C1*,2.17474
*CC(*)(C)C(=O)OCC(F)(F)C(F)(F)C(F)(F)C(F)(F)C(F)(F)C(F)(F)C(F)(F)C(F)F,1.893837
*CC(*)C(=O)OCc1ccc(OC(=O)OC(C)(C)C)cc1,2.577632
*CC(*)c1ccc(CCCCCCCC)cc1,2.259867
*Oc1ccc(C(C)(C)c2ccc(OC(*)=O)c(Cl)c2)cc1C,2.578858
*CC(*)(C)C(=O)OC1CCC(C(C)(C)C)CC1,2.042986
*c1ccc(C2C(C(=O)OCC)C(*)C2C(=O)OCC)cc1,2.747069
*c1ccc(*)c2nc(-c3ccc(C)cc3)c(-c3ccc(C)cc3)nc12,2.00383
*CC(*)CCCN(CC(C)C)CC(C)C,2.094654
*Oc1ccc(C2(c3ccc(OC(*)=O)cc3)CCCCC2)cc1,2.641539
*Oc1ccc(C(C)(c2ccccc2)c2ccc(OC(*)=O)cc2)cc1,2.689433
*CC(*)(CC(=O)OCc1ccccc1)C(=O)OCc1ccccc1,2.486509
*CC(O)COc1c(Cl)cc(C(C)(C)c2cc(Cl)c(O*)c(Cl)c2)cc1Cl,2.624974
*C1C(=O)N(CCCOc2ccc(-c3ccc(C#N)cc3)cc2)C(=O)C1*,3.034854
*Oc1ccc(Cc2ccc(OC(=O)CCCCC(*)=O)cc2)cc1,4.247988
*CC(*)c1ccc(COc2ccc(-c3ccc(C#N)cc3)cc2)cc1,3.293405
*CC(*)CCCCCCCCCCCC,2.097597
*CC(*)(C)C(=O)OC12CC3CC(C)(CC(C)(C3)C1)C2,2.078144
*CC(*)(C)C(=O)OCC(C)(C)C1OCC(C)(C)CO1,2.109739
*CC(*)c1cc(OC(C)CC)ccc1OC(C)CC,2.223784
*CC(*)c1ccc(CCCCCCCCC)cc1,2.195598
*Oc1ccc(C2(c3ccc(OC(*)=O)c(Cl)c3)CC3CCC2C3)cc1Cl,2.484689
*CC(*)c1ccc(COCC(CC)CCCC)cc1,2.469043
*CC(*)CCCCCCCCCCCCC,2.053089
*CC(*)c1cccc(N(c2ccc(C)cc2)c2ccc(C)cc2)c1,2.497056
*CC(*)c1ccc(CCCCCCCCCC)cc1,2.246133
*c1ccc(-c2ccc(-c3ccc(C(*)c4c(F)c(F)c(F)c(F)c4F)cc3)cc2)cc1,2.412641
*CC(*)C(=O)NCCCCCCCCCCCC,2.311454
*CC(COc1c(Cl)cc(C(C)(C)c2cc(Cl)c(O*)c(Cl)c2)cc1Cl)OC(C)=O,2.787077
*NC(=O)Nc1ccc(Cc2ccc(NC(=O)Nc3cccc(*)n3)cc2)cc1,3.158469
*CC(*)CCCCCCCCCCCCCC,2.109058
*CC(*)(C)C(=O)OCCCCCCCCCCCC,2.17016
*CC(*)c1ccc(CCCCCCCCCCCC)cc1,2.232035
*CC(*)C(=O)OCCCCCCCCCCCCCC,2.165339
*Nc1cc(*)ccc1CCCCCCCCCCCC,2.342008
*CC(*)C(=O)OC(CCC(CC)CCCC)CC(C)C,2.140522
*CC(*)CCCCCCCCCCCCCCCC,2.072644
*CC(*)(CC(=O)OCC1CCCCC1)C(=O)OCC1CCCCC1,2.113501
*CC(*)C(=O)OCCCCCCOc1ccc(C(=O)Oc2ccc(C#N)cc2)cc1,2.913359
*CC(*)OC(=O)CCCCCCCCCCCCCCC,2.157293
*CC(*)(C)C(=O)OCCCCCCCCCCCCCC,2.15131
*Oc1ccc(C2(c3ccc(OC(*)=O)cc3)CC(C)CC(C)(C)C2)cc1,2.278988
*Oc1ccc(C(*)=O)cc1CCCCCCCCCCCCCC,2.335953
*CC(*)(C)C(=O)OCCN(CC)S(=O)(=O)C(F)(F)C(F)(F)C(F)(F)C(F)(F)C(F)(F)C(F)(F)C(F)(F)C(F)(F)F,1.988535
*c1ccc2c(c1)C(=O)N(C1CCC(N3C(=O)c4ccc(C(*)(C(F)(F)F)C(F)(F)F)cc4C3=O)CC1)C2=O,2.196956
*c1ccc(*)c2nc(CCCCCCC)c(CCCCCCC)nc12,2.366929
*CC(*)C(=O)OCCCCCCCCCCCCCCCC,2.286665
*c1ccc(-c2ccc(-c3ccc(C(*)(c4ccc(N(C)C)cc4)C(F)(F)F)cc3)cc2)cc1,2.463022
*Oc1ccc(C2(c3ccc(OC(=O)CCCC(*)=O)cc3)c3ccccc3-c3ccccc32)cc1,3.226171
*CC(*)C(=O)NCCCCCCCCCCCCCCCC,2.251069
*CC(*)CCCCCCCCCCCCCCCCCC,2.105646
*CC(*)C(=O)OCCCCCCCCCCCCCCCCCC,2.168155
*CC(*)c1ccc(-c2ccc3c(c2)C(CCCCCC)(CCCCCC)c2ccccc2-3)cc1,2.403884
*CC(*)(Cl)Cl,2.442994
*C(F)(F)C(*)(F)OC(F)(F)F,1.580183
*CC(*)(Cl)C#N,2.837022
*CC(*)(F)Cl,2.284354
*C(OC(F)(F)F)C(*)(F)F,1.758959
*C(F)C(*)(F)F,1.883849
*C(F)(F)C(*)(F)C(F)(F)F,1.57618
*C(F)C(*)(F)OC(F)(F)F,1.763949
*C([2H])([2H])C(*)([2H])Cl,2.573814
*C(F)C(*)C(F)(F)F,1.886252
*/C=C(/*)C#N,2.664393
*CC(*)(F)C(F)(F)F,1.846259
*CC(*)(F)C#N,2.724397
*C1C=CC(*)S1,2.776137
*/C=C(/*)F,2.149459
*/C=C(/*)C(C)=O,2.27398
*CC(*)C(F)(F)F,1.996009
*c1cccc(*)n1,2.54512
*/C([2H])=C(/*)[2H],2.477993
*CC(*)SC,3.405746
*/C=C(/*)F,2.089608
*C([2H])([2H])C(*)(F)F,2.178009
*c1ccc(*)nc1,2.933404
*c1ccc(*)cc1,3.444868
*CC(*)OC=O,2.878325
*/C([2H])=C(/*)[2H],2.442258
*CC(*)(F)C(C)=O,2.383435
*OC(*)C,2.69894
*CC(Cl)C(Cl)C(*)Cl,2.329968
*CC(*)C(F)(F)C(F)(F)F,1.770624
*OC(*)(C)C,2.546177
*CC(*)(Cl)C(=O)OC,2.38397
*ON(C(F)(F)F)C(F)(Cl)C(*)(F)F,1.860971
*CCC(F)(F)C(*)(F)Cl,2.023433
*C1CCOC1*,2.378295
*CC(*)S(=O)(=O)O,3.508374
*CC(*)NC=O,3.429425
*CCN(*)C,2.612415
*CC(*)C(=O)OCF,3.163431
*C(C)C(*)[N+](=O)[O-],3.094259
*CC(*)(F)C(=O)OC,2.347078
*CC(*)OC(C)=O,2.504252
*CC(*)CC(F)(F)F,2.44676
*CC(*)CO,3.902931
*C(F)(F)C1(*)OC(F)(F)C(F)(F)O1,1.720164
*OC(CC(*)=O)C(Cl)Cl,2.586119
*CC(*)C(N)=O,3.970557
*CC(*)(C)C(=O)O,2.555936
*c1cnc(*)c(C)c1,2.461859
*CC(*)CN,3.571933
*C(F)(F)C(*)(F)OC(F)(F)C(F)(F)F,1.547342
*CC(*)N,4.580714
*/C=C(/*)C(=O)CC,2.163897
*CC(*)C(=O)OC([2H])([2H])[2H],3.016218
*CC(*)SCC,2.899088
*C1C=C(C)C(*)S1,2.573095
*CC1(*)CC(=O)OC1=O,2.745231
*C(C)C(*)OC,2.272946
*CC(*)OCCCl,6.47696
*C(F)(F)C1(F)C(F)(F)C(*)(F)C1(F)F,1.654625
*CC(*)OCC(F)(F)F,3.854257
*CC(*)/C=C/C,2.147014
*OC(*)CCC,2.447248
*CC(CC(Cl)(Cl)Cl)O*,3.276999
*CC(CCl)(CCl)O*,2.840003
*CC(CC)S*,2.80686
*Oc1ccc(C(*)=O)cc1,2.768692
*CC/C(C)=C(/*)Cl,3.164656
*CC(*)OC(=O)OC([2H])([2H])[2H],2.334804
*C(=S)N(*)c1ccccc1,3.236696
*CC(*)OCC(=O)O,3.272729
*C1(F)OC(C(F)(F)F)(C(F)(F)Cl)OC1(*)F,1.549642
*c1cc(*)c(O)c(C=O)c1,2.958478
*c1cc(C=O)cc(*)c1O,3.742037
*CC(*)C(=O)NC,4.389795
*C1OC(C(F)(F)F)(C(F)(F)F)OC1(*)F,1.582417
*CC(*)C(F)(F)C(F)(F)C(F)(F)F,1.645799
*C/C=C/CS(*)(=O)=O,6.077166
*C1C=CC(*)CC1,2.318074
*C1C=C(C)C(*)C1,2.202207
*CC(*)CCC(F)(F)F,2.328981
*CC(*)c1ccncc1,2.536169
*CC(*)C(=O)OCC(F)(F)F,3.059409
*OC(C(*)=O)C(C)C,2.274437
*OC(=O)c1ccc(C(*)=O)cc1,2.885487
*CCCC(Cl)C(*)Cl,2.872772
*C1CCOC1(*)C,2.277898
*C(F)(F)C1(*)OC(F)(F)C(F)(C(F)(F)F)O1,1.623306
*CC(*)OCC(N)=O,3.646374
*C(c1ccoc1)C(*)[N+](=O)[O-],3.009549
*C(F)(F)C1(*)OC(F)(F)C(F)(C(F)(F)F)O1,1.58349
*C(F)(F)CC(F)(F)C(*)(F)C(F)(F)F,1.817218
*CCC(Cl)C(*)C,2.530687
*CCCN(*)C,2.587803
*C(F)(F)C(F)(F)C(F)(F)C(*)(F)C(F)(F)F,1.574298
*CC(*)C(=O)NCO,4.274986
*CC(*)C(C)C(F)(F)F,1.981792
*C(F)(F)C(*)(F)c1c(F)c(F)c(F)c(F)c1F,1.751594
*C1Oc2ccccc2C1*,2.485392
*C(C)C(*)C(=O)OC,2.30909
*C([2H])([2H])C(*)(C(=O)OC([2H])([2H])[2H])C([2H])([2H])[2H],2.096454
*CCCCS(*)(=O)=O,3.251043
*CC(*)c1c(Cl)cccc1Cl,3.820684
*CC1CC(*)C(=O)OC1=O,2.9353
*C1OCOC(C(*)(F)F)C1(F)F,1.96564
*CC(*)C(=O)NC(C)=O,2.906964
*CC(*)c1ccc(Cl)cc1,2.78493
*CC(*)OC(F)(C(F)(F)F)C(F)(F)F,1.768498
*CC(*)(F)C(=O)OCC(F)(F)F,2.73124
*CC(*)c1ccc(F)cc1,2.926708
*CC(*)C1=NCCN1,3.903289
*CC(*)(F)C(=O)OCC,2.305329
*C(C)C(*)OCC,2.290371
*CC(*)OCCC,2.372377
*CC(*)C(=O)OCCO,4.427887
*OC(*)CCCC,2.184186
*/C=C/C(C*)CC,3.078471
*CC(S*)C(C)C,2.640756
*C(F)(F)C1(F)C(F)(F)C(*)(F)C(F)(F)C1(F)F,1.06176
*c1cccc2c(*)cccc12,2.273361
*/C=C(/*)c1ccc([N+](=O)[O-])cc1,3.035497
*CC(*)OC(=O)CCC#N,4.203096
*c1ccc(*)c2ccccc12,2.382582
*/C=C(/*)c1cc(C(F)(F)F)oc1C(F)(F)F,2.013652
*CC(*)c1ccc(C#N)cc1,3.7821
*CC(*)(C)C(=O)OCC#N,4.241305
*c1ccc2ccc(*)cc2c1,2.627803
*CC(*)OC(=O)OCC(F)(F)F,2.673506
*C(=O)NNC(=O)c1cnc(*)cn1,2.620886
*CC(*)C(=O)NCC(F)(F)F,2.91995
*CCCCCSS*,4.183625
*c1cc2cccccc-2c1*,2.551851
*C1CCCCC1*,2.107992
*CC(*)(C)C(=O)OCC#C,2.252825
*CCS/C(=N\CC)S*,2.952959
*CC(*)c1cccc(O)c1,2.673381
*Oc1ccc(/C=C/C(*)=O)cc1,3.145045
*CC(*)OCC(=O)OC,3.239978
*CC(*)c1ccccc1O,2.648916
*C/C=C(\C)CS(*)(=O)=O,3.561633
*CC(*)(C)c1ncncn1,2.260329
*CC(*)C(=O)NCC,2.961976
*CC(*)OC(=O)CC(C)=O,3.358652
*N1CCOC1(*)CC,2.008463
*CC(*)C(=O)c1ccc(Cl)cc1,2.776416
*CC(*)C(=O)OC(F)(C(F)(F)Cl)C(F)(F)Cl,2.032284
*CC(*)OC(=O)C(F)(F)C(F)(F)C(F)(F)F,1.984296
*CC(*)C(=O)OC(C(F)(F)F)C(F)(F)F,2.060163
*CC(*)C(=O)NCCO,5.415884
*CC(*)OC(=O)c1ccncc1,2.430127
*Cc1cc(*)c(O)cc1C,2.53903
*C(=O)NNC(=O)c1ccc(*)nc1,3.077062
*CC(*)c1cccc(C)n1,2.459919
*C(c1ccccc1)C(*)[N+](=O)[O-],3.031152
*CC(*)C(=O)OC(F)(C(F)(F)F)C(F)(F)Cl,1.97897
*CC(*)c1ccc(C)nc1,2.520785
*CC(*)C(=O)OC(C)C,2.413931
*CC(*)c1nc(N)nc(N)n1,5.200006
*CC(*)N1CCCC1=S,2.249787
*CC(*)(C)C(=O)OCC(F)(F)F,2.641444
*CC(F)(F)CC(*)(C(F)(F)F)C(F)(F)F,1.912752
*CC(*)c1ccc(Cl)c([N+](=O)[O-])c1,3.004956
*CC(CO)(CO)CO*,3.472165
*CC(*)C(=O)SC(C)C,2.354679
*CC(*)C(=O)SCCC,2.446145
*CC(*)(CC(=O)OC)C(=O)O,2.470075
*/C=C(/*)CNS(=O)(=O)CC,3.63536
*C(F)(F)C1(*)OC(F)(C(F)(F)F)C(F)(C(F)(F)F)O1,1.641256
*C(F)(F)C(*)(F)OC(F)(F)C(F)(F)C(F)(F)C(F)(F)F,1.534136
*CC(*)(F)C(=O)OCC(F)(F)C(F)F,2.5783
*c1ccc(-c2ccc(*)nc2)cn1,2.747902
*Cc1ccccc1CSS*,2.941486
*CC(*)SCCCC,2.556279
*CC(*)OC(=O)c1ccccc1Cl,3.043674
*CC(*)OCC(C)C,2.307312
*C(C)C(*)OCCC,2.237485
*CC(*)OCCCC,2.299471
*CC(*)c1ccccc1C(=O)O,2.669238
*C(C)C(*)OC(C)C,2.115922
*CC(*)OC(=O)c1ccc(Cl)cc1,2.84282
*CC1CC(*)(C)C(=O)OC1=O,2.54759
*CC(*)(C#N)C(=O)OC(C)C,2.534359
*CC(*)c1nc(C)nc(C)n1,2.295317
*Cc1ccc(CSSS*)cc1,7.17202
*CC(*)C(=O)OCCOC,4.226869
*CC(S*)C(C)(C)C,2.482355
*CC(OC)C1C(=O)OC(=O)C1*,2.64171
*CC(*)c1ccc(CCl)cc1,3.753415
*CC(*)c1ccccc1C(F)(F)F,2.232778
*CC(*)C(=O)Oc1c(F)c(F)c(F)c(F)c1F,2.179435
*C1CCCC(S(*)(=O)=O)C1,2.466256
*CC(*)S(=O)(=O)c1ccccc1,3.773875
*C(Cl)C(*)OCCCC,2.220201
*CC(*)(C)C(=O)OCC=C,2.253854
*/C=C(/*)C(C)(C)CC,2.007776
*CC(*)(C)C(=O)NCC,2.334215
*CC(*)C(=O)OCC(C)O,3.497094
*Oc1ccc2cc(C(*)=O)ccc2c1,2.888221
*OC(*)CCCCC,2.241538
*/C=C/C1CC(*)C2(Cl)OC(=O)OC12Cl,2.914843
*C(O)C(C)C1C(=O)OC(=O)C1*,2.933752
*C(C)/C=C/C(C)S(*)(=O)=O,2.816999
*CC(*)OCc1ccccc1,2.561381
*C1Nc2ccc(C)cc2C1*,2.442253
*CC(*)c1ccc(OC)cc1Cl,3.060599
*CC(*)c1c(F)c(F)c(OC)c(F)c1F,2.8176
*C1c2cccc3cccc(c23)C1*,2.469287
*/C=C(/*)c1ccc2ccccc2c1,2.586658
*CC(*)(C)c1ccc(C#N)cc1,3.214707
*/C=C(/*)c1cccc2ccccc12,2.35523
*C1C2CC(C)C(C2)C1*,1.987491
*CC(*)C(=O)Nc1ccccc1Cl,2.766306
*CC(*)C(=O)N1CCCC1,2.764854
*C1CCC2C(*)CCC12,2.158666
*CC(*)C(=O)Nc1cccc(Cl)c1,3.263359
*C1CCc2ccccc2C1*,2.258377
*/C=C/C1CCCCC1*,2.168212
*CC(*)C(=O)Nc1ccc(Cl)cc1,3.245034
*CCN(*)C(=O)c1ccc(F)c(F)c1F,2.563491
*CC(C)(N=C=O)C1C(=O)OC(=O)C1*,2.387819
*CNC(=O)CCCC(=O)N*,3.675784
*CCN(*)C(=O)c1cc(F)cc(F)c1,3.523732
*CC(*)c1ccc(C(=O)C(F)(F)F)cc1,2.739707
*CC(=O)C(*)Cc1c(F)c(F)c(F)c(F)c1F,2.392891
*CC(*)C(=O)OC(C(F)(F)F)(C(F)(F)F)C(F)(F)F,1.893003
*CC(Cl)(C#N)C1C=CC(*)CC1,2.515547
*CC(*)C(=O)SCC(C)C,2.390452
*CC(*)(C)C(=O)OCC(F)(F)C(F)(F)F,2.208763
*CC(*)C(=O)OCC(F)(F)C(F)C(F)(F)F,2.56929
*C1C2C/C(=C\C)C(C2)C1*,2.038371
*/C=C/C1C/C(=C\C)C(*)C1,2.466193
*CC(*)C(=O)OC(C)(C)C,2.466008
*CC(*)(C)C(=O)OCCCCl,3.194682
*CC(*)(CCC)C(=O)OC,2.000118
*CC(*)OC(=O)c1cccc([N+](=O)[O-])c1,3.124788
*CC(*)C(=O)N(O)c1ccc(Cl)cc1,3.328802
*CC(*)C(=O)N(O)c1cccc(Cl)c1,3.321224
*CC(*)c1ccc2ccccc2c1,2.632032
*CC(*)Cc1ccc(C)cc1,2.266877
*CC(*)C(=O)Oc1ccc([N+](=O)[O-])cc1,3.463875
*CC(*)(C)C(=O)OC(C)C,2.018894
*CC(*)Cc1cccc(C)c1,2.336905
*C(C)C(*)OCCCC,2.207924
*C(C)C(*)C(=O)OC(C)C,2.068581
*C(C)C(*)OCC(C)C,2.184329
*CC(*)Cc1ccccc1C,2.374146
*CC(*)OC(=O)c1cccc(C)c1,2.76098
*CCN(*)Cc1ccccc1,2.552131
*CC(*)(C)C(=O)OCCO[N+](=O)[O-],4.27004
*CC(*)(C)C(=O)OCC(F)(F)C(F)F,2.513244
*CC(*)OCC(C)(C)C,2.119879
*CC(*)(F)C(=O)OCC(F)(F)C(F)(F)C(F)(F)F,2.041328
*CC(*)OCCCCC,2.423512
*CC(*)(CC(=O)OCC)C(=O)O,2.390866
*CC1(C)CC(*)(C)C(=O)OC1=O,2.512162
*CC(*)C(=O)OCCOCC(F)(F)F,3.243969
*CC(*)C(=O)OCCCOC,4.427664
*C(C)C(*)OC(C)(C)C,2.051297
*NC(=O)/C=C/C(=O)Nc1nc(*)nc(N)n1,3.636893
*CC(C)(C)C1C(=O)OC(=O)C1*,2.259889
*CC(*)(C#N)C(=O)OCC(C)C,2.263412
*OC(CC(*)=O)C(C)(C)C,2.280669
*CCNC(=O)c1ccc(O*)cc1,3.143434
*CC(OC)C(C(=O)O)C(*)C(=O)O,2.631459
*CC(*)(C)C(=O)OCC(C)O,2.92791
*CC(*)C(=O)Oc1ccc(C(=O)O)cc1,2.745085
*CC(OC(C)=O)C1C(=O)OC(=O)C1*,2.51922
*CC(*)C(=O)OCCOC(F)(F)C(F)F,3.208956
*CC(*)c1cc(C(F)(F)F)cc(C(F)(F)F)c1,2.12552
*CCC(*)(C)c1ccccc1,2.287491
*CC(*)C(=O)OC(OCC)C(F)(F)F,2.358287
*CC(*)(C)C(=O)Oc1c(F)c(F)c(F)c(F)c1F,2.034564
*CS(=O)(=O)C1CCC(*)S(=O)(=O)C1,2.885122
*/C=C/C1CC(*)C2CC=CC12,2.780581
*C1C(*)C2CC1C1C=CCC12,1.977473
*CCC1C(=O)N(CC)C(=O)C1*,2.267768
*c1ccc(-c2nc3ccccc3o2)c(*)c1,2.71905
*C1C(=O)N(C(C)(C)C)C(=O)C1*,2.044978
*c1c(*)c2ccccc2c2ccccc12,2.480713
*C1C(=O)N(C(C)CC)C(=O)C1*,2.047433
*c1cc(*)cc(-c2nc3ccccc3o2)c1,2.907276
*CC(*)OC(=O)c1cccc(OC)c1,2.600932
*C1C(=O)OC(=O)C1C(C)(C)C(*)O,3.114894
*C1C(=O)N(Nc2ccccc2)C(=O)C1*,2.426965
*C1C(=O)N(c2ccccc2C)C(=O)C1*,2.464242
*CC(*)OC1CCCCC1,2.236057
*CC(*)(C)C(=O)OCC(O)CO,3.959625
*CCCOC(=O)c1ccc(O*)cc1,3.132964
*CC(*)C(=O)Nc1ccccc1C(=O)O,2.871727
*CC(*)N1CCCCCC1=O,2.340608
*c1nc(-c2ccccc2)nc(N(*)C)n1,2.838944
*C1OCCCC1C1C(=O)OC(=O)C1*,2.670788
*CC(*)(C)C(=O)OCC(F)(F)C(F)(F)C(F)(F)F,2.000181
*C1C(=O)N(c2cccc(C(=O)O)c2)C(=O)C1*,2.72245
*CC(*)C(=O)OCC(F)(F)C(F)(F)C(F)(F)C(F)F,2.279533
*Sc1ccc(Nc2ccc(*)cc2)cc1,3.528552
*CC1(C(=O)O)COCC(*)(C(=O)O)C1,2.580999
*CC(F)(F)C1(F)C(*)CC(O)(C(F)(F)F)C1(F)F,2.275922
*CC(*)OC(=O)C(F)(F)C(F)(F)C(F)(F)C(F)(F)C(F)(F)F,1.879669
*CC(*)(C)c1ccc2ccccc2n1,2.517185
*C12CC3CC(C1)CC(*)(C3)C2,2.029736
*C1C(*)C2CC1C1CCCC21,2.082858
*CC(*)(C)C(=O)Oc1ccccc1[N+](=O)[O-],2.942385
*C(=O)NNC(=O)C(=O)NNC(=O)c1cncc(*)n1,3.092928
*c1ncc(-c2cnc(*)c(C)c2)cc1C,2.362307
*C1C(=O)N(c2ccccc2OC)C(=O)C1*,2.488234
*CC(*)OCCCCCC,2.187505
*CC(*)OC(=O)c1ccc(CC)cc1,2.610571
*CC(*)OCC(C)(C)CC,2.246592
*CC(*)c1ccc(C(=O)OCC)cc1,2.602932
*CC(*)(F)C(=O)OCC(F)(F)C(F)(F)C(F)(F)C(F)(F)F,2.003761
*CC(*)OC(=O)c1ccccc1OC(C)=O,4.268725
*Oc1ccc(Oc2cccc(*)n2)c(C)c1,2.6959
*CC(*)C(=O)Oc1ccccc1C(=O)OC,2.908995
*CC(*)C(=O)Oc1cccc(C(=O)OC)c1,2.787294
*CCNC(=O)c1cccc(C(=O)N*)c1,3.280267
*CC(*)C(=O)Oc1ccc(C(=O)OC)cc1,3.258144
*Oc1ccc(Oc2ccc(OC(*)=O)cc2)cc1,2.747733
*Oc1ccc(Sc2ccc(OC(*)=O)cc2)cc1,3.245557
*CC(*)OC(=O)c1ccc(OC(C)=O)cc1,3.446134
*CC(*)C(=O)OCC(F)(F)C(F)(F)OC(F)(F)C(F)(F)F,2.099891
*CC(*)(C)C(=O)OCc1cccc(Cl)c1Cl,2.703575
*OC(*)CCCCCCC,2.214545
*CC(*)(C)c1ccc2ccccc2c1,2.379322
*CC(*)(C)C(=O)OCc1cc(Cl)cc(Cl)c1,2.961386
*CC(*)(C)C(=O)OCc1cccc(Cl)c1,2.650883
*CC(*)C1CCCCC1C,2.01748
*CC(*)(C)C(=O)OC(OCC)C(F)(F)F,2.581979
*CC(*)c1cc(OC)c(O)c(OC)c1,3.01471
*CC(*)(C)C(=O)OCc1ccc(Cl)cc1Cl,3.078807
*CC(*)(C)C(=O)OCc1ccc(Cl)c(Cl)c1,2.647322
*CC(*)(C)C(=O)OCc1c(Cl)cccc1Cl,3.231964
*CC(*)(C)C(=O)OCc1ccc(F)cc1F,3.996694
*OC(c1ccccc1)C(C)(C)C(*)=O,2.356051
*CC(*)(C)C(=O)OCc1cc(Cl)ccc1Cl,2.708097
*CC(*)(C)C(=O)OC(C)OCCCl,3.359063
*c1ccc(-c2ccc(-c3ccc(*)n3C)o2)o1,3.06504
*CC(*)C1CCCCCC1,2.014362
*CC(*)(C)C(=O)OC1CCCC1,2.114809
*CC(*)C(=O)NC(C)(C)CC,2.465997
*CC(*)(C)C(=O)Oc1ccc(C(=O)O)cc1,2.620304
*CC(*)C(=O)N1CCN(C)CC1,2.527973
*CCCN(*)C(=O)C(C)(C)C,3.155218
*CCC1C(=O)N(CCC)C(=O)C1*,2.288772
*CC(*)C(=O)NC(CO)(CO)CO,4.652762
*c1ccc(-c2nc3cc(C)ccc3o2)c(*)c1,2.63802
*/C=C/C(C)C(*)C(=O)OC(C)C,2.451372
*CC(OC)C1(C)C(=O)OC(=O)C1(*)C,2.20517
*CC(c1ccccc1)C1C(=O)OC(=O)C1*,2.429491
*CC(*)(C)C(=O)OCCOCCO,4.139601
*CC(*)n1c2ccc(Cl)cc2c2cc(Cl)ccc21,3.287601
*Oc1ccc(NC(=O)c2ccc(*)cc2)cc1,3.327125
*/C=C(/*)C1(O)c2ccccc2-c2ccccc21,2.488923
*CC(*)(C)c1ccc(C(O)C(F)(F)F)cc1,2.960313
*c1ccc2c(c1)C(*)(C)CC2(C)C,2.164657
*CCOC(=O)Nc1ccc(NC(=O)O*)cc1,2.899836
*CC(C)(C)C1CC=C(*)CC1,2.113943
*CC(*)(C)C(=O)OC1CCOCC1,2.196625
*c1ccc([N+](=O)[O-])c2c1C(=O)c1c([N+](=O)[O-])ccc(*)c1C2=O,2.777855
*CC(*)C(=O)NC(C)(C)CS(=O)(=O)O,2.979297
*c1ccc(*)c2nc(CC)c(CC)nc12,2.293385
*CC(c1ccccc1)C1C(=O)NC(=O)C1*,2.429589
*/N=C(/*)c1ccc(N2C(=O)c3ccccc3C2=O)nc1,2.987184
*CC(CC(*)(C#N)C#N)c1ccc(CCl)cc1,3.061982
*CC(*)C(=O)OCC(F)(F)C(F)(F)C(F)(F)C(F)(F)C(F)(F)F,2.124381
*CC(COc1ccc(O*)cc1)OC(C)=O,2.911497
*CC(*)OC(=O)c1nn(C(C)=O)c2ccccc12,2.553914
*CC(*)(C)C(=O)Oc1cccc2cccnc12,2.604848
*C(C(=O)OC)C(*)C(=O)OC(C)(C)C,2.12636
*C1C=C(CCCCCC)C(*)S1,2.259547
*CC(*)c1ccc(Oc2ccccc2)cc1,2.617504
*CC(F)(F)C(F)(F)C(F)(F)COc1c(F)c(F)c(O*)c(F)c1F,2.096071
*CC(*)C(=O)NC(C)(C)CS(N)(=O)=O,2.916318
*Oc1ccc(S(=O)(=O)c2ccc(OC(*)=O)cc2)cc1,3.430815
*CC(*)C(=O)Oc1ccc2c(C)cc(=O)oc2c1,2.961019
*CC(*)c1ccc(C(=O)c2ccccc2)cc1,3.050465
*OC1C(CO)OC(*)C(NC(C)=O)C1O,2.623225
*c1cccc(-n2c(=O)c3cc4c(=O)n(*)c(=O)c4cc3c2=O)n1,2.925878
*CCCNC(=O)c1cccc(C(=O)N*)c1,3.218157
*OC(*)CCCCCCCC,2.193917
*CC(*)c1ccc(C(=O)CCC)cc1,2.306723
*CC(*)C(=O)OCCOCC(F)(F)C(F)(F)C(F)(F)F,2.805141
*CC(*)P(=O)(Oc1ccccc1)N(C)C,2.462752
*CC(*)(F)C(=O)OCCC(F)(F)C(F)(F)C(F)(F)C(F)(F)F,2.208348
*CC(*)C(=O)Oc1cccc(C(=O)OCC)c1,2.659775
*CC(*)C(=O)Oc1ccc(C(=O)OCC)cc1,2.659559
*CC(*)(C)C(=O)Oc1ccc(C(=O)OC)cc1,2.63154
*Oc1ccc(OC(=O)Oc2ccc(C(*)=O)cc2)cc1,3.053893
*Sc1ccc(Cc2ccc(SC(*)=O)cc2)cc1,3.218214
*CC(*)C(=O)n1c2ccccc2c2ccccc21,2.840091
*/C=C(/*)c1ccc(C(=O)c2ccc([N+](=O)[O-])cc2)cc1,2.918283
*CC(*)(C)C(=O)OC1CCCCC1Cl,2.146166
*/C=C(/*)c1ccc2ccc3cccc4ccc1c2c34,2.710741
*CC(*)(OC(C)=O)c1ccc(OC(C)=O)cc1,3.474524
*/C=C(/*)CNS(=O)(=O)c1cccc2ccccc12,3.049534
*CC(*)(CC(=O)OC1CCCC1)C(=O)O,2.316712
*CC(OCC)C(C#N)(C#N)C(*)(C#N)C(=O)OC,2.164802
*CC=C1c2ccccc2C(*)c2ccccc21,2.603668
*CC(*)(C)C(=O)OC1CCC(Cl)CC1,2.049271
*C1C=C(C(*)(C)C)C2CC=CCC12,2.061792
*CC(*)C(=O)OCC(F)(F)C(F)(F)OC(F)(F)C(F)(F)C(F)(F)F,1.977175
*CC(*)CCC(C)C=C(C)C,2.094157
*c1cccc(-n2c(=O)c3cc4c(=O)n(*)c(=O)c4cc3c2=O)c1,2.948959
*CC(c1ccccc1)C(C(=O)O)C(*)C(=O)O,2.523537
*CC(*)(C)C(=O)Oc1ccc(C(C)=O)c(O)c1,2.625641
*CC(*)(C)C(=O)OCC(=O)Nc1cc(C)on1,4.470209