SMILES,DIF
*CCC(Cl)C(*)Cl,0.0217
*CC(*)C#N,0.00337
*CCS*,0.418
*CCc1ccc(*)s1,0.0603
*c1cccc(*)c1,0.000258
*CC(*)(C)C#N,0.00281
*/C=C/*,0.00145
*Oc1cccc(*)c1,0.0383
*SC(*)(F)F,0.000633
*CCc1ccc(*)o1,0.0106
*/C=C/CC*,0.0122
*/C=C/CC*,0.0718
*CC(*)n1cncn1,0.0451
*/C=C/CCC*,0.015
*CCC(*)=O,0.216
*CC(*)n1ccnc1,0.0667
*CC(*)C(C)=O,0.0581
*CC(*)O[N+](=O)[O-],0.0778
*C*,0.348
*CC(*)CC,0.618
*CC(C)(C)O*,0.173
*CC(*)OCC,0.328
*CC(*)OC,0.0218
*CC(*)C,0.0221
*CO*,0.0488
*CCN*,0.000824
*C(F)(F)C(*)(F)OC(F)C(F)F,0.00899
*CC(*)(C)C,78.9552
*CC(*)O,0.464
*c1ccc(C(Cl)(Cl)C(*)Cl)cc1,0.0396
*/C=C/c1ccc(*)cc1,0.00983
*/C(Cl)=C(/*)c1ccccc1,0.00141
*Sc1c(C)cc(*)cc1C,0.367
*Oc1c(C)cc(*)cc1C,0.0476
*CC(*)C(=O)c1ccc(Br)cc1,20.2314
*C1CCC(*)C1,0.000219
*Nc1ccc(*)cc1C,0.0886
*CC(*)OC(=O)CC,0.043
*c1ccc(C(F)(F)C(*)(F)F)cc1,0.0555
*CC(*)CCC,3.8
*C1Cc2ccccc2C1*,0.283
*/C=C(/*)c1ccccc1C(F)(F)F,3.44
*CC(O*)c1ccccc1,0.00184
*CCC([2H])C(*)([2H])C,0.241
*C(F)(F)C(*)(F)c1ccccc1,1.83
*OC1CCCCC1*,0.0282
*CC(C)(C)CS(*)(=O)=O,0.0122
*CC(*)CCCC,0.314
*CC(*)CC(C)C,0.17
*CC(*)OC(C)C,0.00706
*CC(*)C(C)C,0.806
*CCCC(*)(C)C,0.102
*CC(*)N1CCCC1=O,0.252
*CC(*)OC(=O)c1ccccc1,0.00856
*C1C2CCC(C2)C1*,0.285
*CC/C=C(/*)c1ccccc1,0.0966
*CCCCCC(=O)O*,0.187
*CC(*)n1cc2ccccc2n1,0.0147
*/C(CC)=C(/*)c1ccccc1,0.00697
*/C=C/C(*)(C)c1ccccc1,0.00959
*CC1(*)CCCCC1,0.0191
*C1CCCCC1S(*)(=O)=O,0.014
*CC(*)C(=O)c1ccc(C)cc1,0.00835
*/C=C/CCCCCC*,0.0298
*CC/C=C(/*)C(C)(C)C,6.65
*CC(COc1ccccc1)O*,0.614
*CCCC(*)(C)C(=O)O,0.102
*CC(*)CCCCC,0.133
*CCC(C)CCC(=O)O*,0.188
*CC(*)CC(C)(C)C,0.223
*CC(*)CNc1ccc([N+](=O)[O-])cn1,0.0759
*CCC/C=C(/*)c1ccc(Cl)cc1,0.383
*CCc1ccc(*)c2ccccc12,0.0316
*CCC/C=C(/*)c1ccccc1,0.008
*/C=C/CC(C*)c1ccccc1,0.526
*CC(*)OC(=O)/C=C/c1ccccc1,0.0254
*c1cc(/N=N/c2ccc(C#N)cc2)cc(*)c1O,0.0118
*CC(*)C(=O)c1ccc(CC)cc1,0.235
*Oc1c(C)cc(*)cc1-c1ccccc1,8.89
*CCCC1CC(=O)N(*)C(=O)C1,0.925
*CC(*)CNc1ccc([N+](=O)[O-])cc1,0.876
*CC(*)CC1CCCCC1,0.0602
*CC/C=C(/*)C(C)(C)C,0.783
*CC(*)CNc1ccc([N+](=O)[O-])cc1[N+](=O)[O-],0.253
*CC(*)OC(=O)C1(F)C(F)(F)C(F)(F)C(F)(F)C(F)(F)C1(F)F,0.049
*CC(*)OC(=O)CC1CCCC1,0.00801
*Oc1c(Cl)cc(C(c2cc(Cl)c(OC(*)=O)c(Cl)c2)C(Cl)(Cl)Cl)cc1Cl,0.192
*c1ccc(Cc2ccc(S(*)(=O)=O)cc2)cc1,0.727
*/C=C(/*)c1c(F)c(F)c(CCCC)c(F)c1F,0.00192
*Oc1ccc(Cc2ccc(OC(*)=S)cc2)cc1,0.0254
*CC(*)n1c2ccccc2c2ccccc21,0.316
*OC(=O)c1ccc(Cc2ccc(C(*)=O)cc2)cc1,0.0161
*Oc1ccc(C(C)(C)c2ccc(OC(*)=O)c(Cl)c2)cc1Cl,0.0453
*CC(*)CNc1ccc([N+](=O)[O-])cc1C,0.0705
*Oc1ccc(C(C)c2ccc(OC(*)=S)cc2)cc1,0.589
*Oc1ccc(C(C)(C)c2cc(Cl)c(OC(*)=O)c(Cl)c2)cc1,0.00704
*CCC/C=C(/*)c1ccc(OC)cc1,0.0111
*Oc1cc(Cl)c(C(C)(C)c2c(Cl)cc(OC(*)=O)cc2Cl)c(Cl)c1,0.0275
*CC(*)C(=O)c1ccc(C(C)(C)C)cc1,2
*CC(*)OC(=O)c1ccc(OC(=O)CCC)cc1,0.00192
*CC(C)(C)C1C(=O)N(C)C(=O)C1*,0.398
*Oc1ccc(C(C)(C)c2ccc(OC(*)=S)cc2)cc1,0.275
*Oc1ccc(C(C)(C)c2ccc(OC(*)=O)c(Cl)c2)cc1,6.7
*C1C(=O)N(C2CCCCC2)C(=O)C1*,0.00749
*CC1CCC(COC(=O)O*)CC1,0.189
*C1C(=O)N(c2ccccc2C(=O)OC)C(=O)C1*,1.24
*/C=C/c1cc(OCCCC)c(*)cc1OC,0.00728
*Oc1ccc(C(C)(C)c2ccc(OC(*)=O)cc2)cc1,0.0712
*CCCCCCCC(*)C,0.0361
*CC(*)CCCCCCC,0.00716
*Oc1ccc(C(CC)c2ccc(OC(*)=O)cc2)cc1,0.0121
*Cc1cccc(CNC(=O)/C=C(\C)C(=O)N*)c1,2.66
*Oc1ccc(C(CC)c2ccc(OC(*)=S)cc2)cc1,0.129
*/C=C(/*)c1c(C)cc(C(C)(C)C)cc1C,0.00641
*CC(*)CNc1ccc([N+](=O)[O-])c(C(F)(F)F)c1,0.0337
*/C(CCCCCC)=C(/*)c1ccccc1,0.0187
*CCCOC(=O)C1CCC(C(=O)O*)CC1,0.194
*c1cc(/N=N/c2ccc(OC)cc2)cc(*)c1O,0.00531
*Oc1ccc(Cc2ccc(OC(*)=O)cc2)cc1,0.294
*CCC1CC(*)C2C3CCC(C3)C12,0.0214
*C1CC2CC1C(*)C2CCCC,0.352
*Oc1ccc(Cc2ccc(OC(*)=O)c(C)c2)cc1C,0.0383
*Oc1ccc(C(C)c2ccc(OC(*)=O)cc2)cc1,0.789
*CCCCNC(=O)CCCCC(=O)N*,2.4
*CC(*)CCCCCCCC,0.0625
*Oc1cc(CCC)cc(OC(=O)c2cccc(C(*)=O)c2)c1,0.024
*COc1ccc(C(C)(C)c2ccc(O*)cc2)cc1,0.0469
*/C=C/CCCCCCCCCC*,0.0103
*CC(O)CN(*)c1ccc(/N=N/c2ccc(Cl)cc2)cc1,0.0465
*OC(=O)c1ccc(C(C)(C)c2ccc(C(*)=O)cc2)cc1,0.0898
*C1CC2CC1C(*)C2CCCCCC,0.138
*/C=C/c1cc(OCCc2ccccc2)c(*)cc1OC,0.0263
*CCCCCCCCCCC(Cl)C(*)Cl,0.373
*Oc1ccc(C(CCC)c2ccc(OC(*)=S)cc2)cc1,0.0129
*Oc1ccc(C(C)(CC)c2ccc(OC(*)=O)c(Cl)c2)cc1Cl,2.05
*Oc1ccc(C(CCC)c2ccc(OC(*)=O)cc2)cc1,0.123
*Oc1ccc(C(C)(CC)c2ccc(OC(*)=S)cc2)cc1,0.164
*Oc1ccc(C(CC)(CC)c2ccc(OC(*)=S)cc2)cc1,0.0196
*Oc1ccc(C(c2ccc(OC(*)=O)cc2)C(C)C)cc1,0.0208
*Oc1ccc(C(C)(CCC#N)c2ccc(OC(*)=O)cc2)cc1,0.0147
*Oc1c(C)cc(C(C)(C)c2cc(C)c(OC(*)=O)c(Cl)c2)cc1Cl,2.54
*Oc1ccc(C(C)(C)c2ccc(OC(*)=O)c(Cl)c2)cc1C,0.025
*c1ccc(-c2ccc(C3(*)CCCCC3)cc2)cc1,0.181
*Oc1ccc(C(C)(CC)c2ccc(OC(*)=O)cc2)cc1,1.18
*Oc1ccc(C2(c3ccc(OC(*)=O)cc3)CCCC2)cc1,0.0158
*/C=C/c1cc(OCCCCCC)c(*)cc1OC,0.157
*Oc1c(Cl)cc(C2(c3cc(Cl)c(OC(*)=O)c(Cl)c3)CCCCC2)cc1Cl,0.0664
*CC(*)OCCOc1ccc(/N=N/c2ccc(C#N)cc2)cc1,0.0127
*CC(*)OCCOc1ccc(/C=C(\C#N)C(=O)OC)cc1,0.0336
*CCCCOC(=O)c1ccc(-c2ccc(C(=O)O*)cc2)cc1,0.079
*CC(*)CCCCCCCCCC,0.265
*Oc1ccc(C(C)(C)c2ccc(OC(*)=O)c(C)c2)cc1C,0.0754
*Oc1ccc(C(C)(CCC)c2ccc(OC(*)=O)cc2)cc1,0.0163
*Oc1ccc(OC(=O)c2ccc(C(*)=O)cc2Sc2ccc(C)cc2)cc1,0.0525
*Oc1ccc(C2(c3ccc(OC(*)=O)c(Cl)c3)CCCCC2)cc1Cl,0.0191
*CCCCCC(*)CCCCCC,0.0164
*CCCCCCCCCCCC(=O)N*,0.0629
*Oc1ccc(C(C)(c2ccccc2)c2ccc(OC(*)=O)cc2)cc1,0.0275
*Oc1ccc(OC(=O)c2ccc(C(*)=O)cc2Sc2ccccc2)cc1C,0.00704
*CCCCCCCCCCN/C(C)=N/*,0.372
*Oc1ccc(OC(=O)CCCCCCCCC(*)=O)cc1,0.107
*CC1CCC(COC(=O)c2cccc(C(=O)O*)c2)CC1,0.052
*c1ccc(N2C(=O)c3ccc(-c4cccc5c4C(=O)N(*)C5=O)cc3C2=O)cc1,0.802
*CCCCOC(=O)CCCCCCCC(=O)O*,0.175
*CC(C)(C)C1C(=O)N(C2CCCCC2)C(=O)C1*,0.0194
*Oc1ccc(C2(c3ccc(OC(*)=O)cc3)CCCCC2)cc1,0.283
*Oc1ccc(C(c2ccc(OC(*)=S)cc2)C(C)C)cc1,0.542
*CC/C=C(/*)CCCCCCCCCC,0.0197
*CC(O)CN(*)c1cc(C)c(/N=N/c2ccc(Cl)cc2)c(C)c1,0.346
*Oc1ccc(Cc2ccc(OC(=O)CCCCC(*)=O)cc2)cc1,0.0309
*CC(O)COc1c(Cl)cc(C(C)(C)c2cc(Cl)c(O*)c(Cl)c2)cc1Cl,0.0165
*CC(O)COc1ccc(C(C)(C)c2ccc(O*)c(Cl)c2)cc1Cl,0.0847
*c1ccc(-c2ccc(C3(*)c4ccccc4-c4ccccc43)cc2)cc1,0.0295
*Oc1ccc(C2(c3ccc(OC(*)=O)c(Cl)c3)CC3CCC2C3)cc1Cl,0.0794
*CC(O)CN(*)c1cc(C)c(/N=N/c2ccc(C#N)cc2)c(C)c1,0.0113
*CC(*)CCCCCCCCCCCC,0.915
*CC1CCC(CNC(=O)CCCCC(=O)N*)CC1,0.257
*C1C(=O)N(CCCOc2ccc(-c3ccc(C#N)cc3)cc2)C(=O)C1*,0.219
*Oc1ccc(C(c2ccc(OC(*)=S)cc2)C(CC)CC)cc1,5.44
*Oc1ccc(C(C)(CC(C)C)c2ccc(OC(*)=S)cc2)cc1,0.278
*Oc1ccc(C(C)(CCC#N)c2ccc(OC(*)=O)c(C)c2)cc1C,0.0182
*Oc1ccc(C(C)(CC)c2ccc(OC(*)=O)c(C)c2)cc1C,0.0138
*/C=C/c1cc(OCCCCCCCC)c(*)cc1OC,0.389
*CCCCCC(*)CCCCCCCC,0.0189
*/C=C/c1cc(OCC(CC)CCCC)c(*)cc1OC,0.0785
*Oc1c(Cl)cc(C(C)(C)c2cc(Cl)c(OC(=O)CCCCC(*)=O)c(Cl)c2)cc1Cl,0.0246
*c1ccc(-c2nnc(-c3cccc(-c4nnc(*)n4-c4ccccc4)c3)n2-c2ccccc2)cc1,0.349
*c1nc(-c2ccccc2)nc(N(c2ccccc2)c2ncnc(N(*)c3ccccc3)n2)n1,0.0428
*CC(COc1c(Cl)cc(C(C)(C)c2cc(Cl)c(O*)c(Cl)c2)cc1Cl)OC(C)=O,0.00367
*Oc1ccc(C2(c3ccc(OC(*)=O)cc3)c3ccccc3-c3ccccc32)cc1,0.0503
*Oc1ccc(C(C)(C)c2ccc(OC(=O)SCCCSC(*)=O)cc2)cc1,0.015
*Oc1ccc(C(C)(C)c2ccc(OC(*)=O)c(CC)c2)cc1CC,0.459
*OS(=O)(=O)c1cccc(S(=O)(=O)Oc2ccc(C(C)(C)c3ccc(*)cc3)cc2)c1,0.509
*Oc1cccc(OC(=O)c2ccc(C(C)(C)c3ccc(C(*)=O)cc3)cc2)c1,0.0112
*c1nc(C)nc(N(CCCCCCN(*)c2ccccc2)c2ccccc2)n1,0.00615
*Oc1ccc(C(CCC)(CCC)c2ccc(OC(*)=O)cc2)cc1,0.0342
*Oc1ccc(C2(c3ccc(OC(*)=O)cc3)CC(C)CC(C)(C)C2)cc1,1
*CCCCOC(=O)Nc1ccc(Cc2ccc(NC(=O)O*)cc2)cc1,0.0555
*Nc1ccc(*)cc1OCCCCCCCCCCCC,0.00884
*CCCCCCOc1ccc(C(C)(C)c2ccc(O*)cc2)cc1,0.183
*Oc1ccc(C(C)(C)c2ccc(OC(*)=O)c(C(C)C)c2)cc1C(C)C,0.0751
*/C=C/c1cc(OCCC(C)CCCC(C)C)c(*)cc1OC,1.21
*CCCCCCCCCCCCCCC(=O)O*,0.874
*Oc1ccc(C(CCCC)(CCCC)c2ccc(OC(*)=O)cc2)cc1,1.3
*CCOC(=O)c1ccc(C(C)(CC)c2ccc(C(=O)O*)cc2)cc1,0.0997
*Oc1ccc(C2(c3ccc(OC(*)=O)c(C)c3)CC3CCC2C3)cc1C,0.332
*/C=C/c1cc(OCC2CC3CC2C2CCCC32)c(*)cc1OC,0.793
*CCCCOC(=O)c1ccc(C(C)(C)c2ccc(C(=O)O*)cc2)cc1,0.161
*CC(COc1ccc(C(C)(C)c2ccc(O*)cc2)cc1)OC(=O)CCl,8.03
*CC(COc1ccc(C(C)(C)c2ccc(O*)cc2)cc1)OC(C)=O,0.0233
*/C=C/c1cc(OCC(CC)CCCC)c(*)cc1-c1ccc(F)c(C(F)(F)F)c1,0.0872
*CC(COc1ccc(C(C)(C)c2ccc(O*)cc2)cc1)OC(=O)CC,0.013
*Oc1ccc(C(CCC)(CCC)c2ccc(OC(*)=O)c(C)c2)cc1C,2.56
*CC(O)COc1c(C)cc(C(C)(C)c2cc(C)c(O*)c(C)c2)cc1C,0.0112
*Oc1ccc(C2(c3ccc(OC(*)=O)cc3)CC3CC2C2CCCC32)cc1,0.289
*CCCCCCOC(=O)Nc1ccc(Cc2ccc(NC(=O)O*)cc2)cc1,0.00584
*/C=C/C(C)C(*)C(=O)OCCN(C)c1ccc(N(C)C)cc1,0.128
*CCCCCCCCCCCCCCC(=O)N*,0.533
*CC(O)COc1ccc(C(C)(CC)c2ccc(O*)cc2)cc1,0.104
*CCCCCCCCCCC(=O)NCCCCCC(=O)N*,0.134
*Oc1ccc(C(C)(C)c2ccc(OC(=O)CCCCC(*)=O)cc2)cc1,0.155
*/C=C/C(C)C(*)C(=O)OCCCN(C)c1ccc(N(C)C)cc1,1.76
*CCCCNC(=O)c1ccc(C(C)(CC)c2ccc(C(=O)N*)cc2)cc1,0.449
*c1ccc2c(c1)C(=O)N(C1CCC(N3C(=O)c4ccc(C(*)(C(F)(F)F)C(F)(F)F)cc4C3=O)CC1)C2=O,0.0069
*CCCCCCCCOC(=O)Nc1ccc(C)c(NC(=O)O*)c1,4.73
*CC(*)CCCCCCCCCCCCCC,0.0636
*CCCCCC(*)CCCCCCCCCC,0.0222
*Oc1ccc(C2(c3ccc(OC(*)=O)c(C)c3)CCCCC2)cc1C,0.383
*CCCCCCCCCCOC(=O)CCCCCCC(=O)O*,0.468
*/C=C/c1ccc(*)c(-c2ccc(OCC(CC)CCCC)c3ccccc23)c1,0.102
*Oc1ccc(C(c2ccc(OC(*)=O)cc2)C2C3CCC(C3)C2c2ccccc2)cc1,0.273
*OS(=O)(=O)c1cccc(S(=O)(=O)Oc2ccc(C3(c4ccc(*)cc4)CCCCC3)cc2)c1,0.119
*CCCCCCCCOc1ccc(C(c2ccc(O*)cc2)(C(F)(F)F)C(F)(F)F)cc1,0.0435
*CCCCCCCOC(=O)Nc1ccc(Cc2ccc(NC(=O)O*)cc2)cc1,65.8694
*CCCCCCCCOc1ccc(C(C)(C)c2ccc(O*)cc2)cc1,0.0927
*/C=C/c1ccc(*)c(-c2c(OCC(CC)CCCC)ccc3ccccc23)c1,0.114
*CCCCCCNC(=O)c1ccc(C(C)(CC)c2ccc(C(=O)N*)cc2)cc1,0.0335
*/C=C/c1ccc(*)c(-c2c(OCC(CC)CCCC)ccc3cc(-c4ccccc4)ccc23)c1,0.0564
*/C=C/c1cc(OCCCCCCCCCCCC)c(*)cc1OC,0.05
*Oc1ccc(C(C)(C)c2ccc(OC(=O)CCCCCCCCC(*)=O)cc2)cc1,3.59
*CCCCOC(=O)CCCCC(=O)OCCCCOC(=O)c1ccc(C(=O)O*)cc1,0.00813
*Oc1c(C)cc(C(C)(C)c2cc(C)c(OC(=O)CCCCC(*)=O)c(C)c2)cc1C,0.424
*Oc1c(C)cc(*)cc1C(C)CCCCCCCCCCCC,0.139
*c1ccc(-c2ccc3c(c2)C(CCCCCCBr)(CCCCCCBr)c2cc(*)ccc2-3)cc1,0.397
*CCCCCCCCOC(=O)Nc1ccc(Cc2ccc(NC(=O)O*)cc2)cc1,0.295
*/C=C/c1ccc(*)c(-c2cc(OCCC(C)C)c(OCCC(C)C)cc2-c2ccccc2)c1,0.125
*c1ccc(-c2ccc3c(c2)C(CCCCCCC#N)(CCCCCCC#N)c2cc(*)ccc2-3)cc1,0.00667
*c1ccc2c(c1)C(=O)N(c1ccc(C(c3ccc(N4C(=O)c5ccc(C(*)(C(F)(F)F)C(F)(F)F)cc5C4=O)cc3)(C(F)(F)F)C(F)(F)F)cc1)C2=O,0.0652
*Oc1ccc(C(C)(c2ccccc2)c2ccc(OC(=O)OC3C(C)(C)C(OC(*)=O)C3(C)C)cc2)cc1,0.364
*CCCCCCCCCCNC(=O)c1ccc(Cc2ccc(C(=O)N*)cc2)cc1,0.22
*c1ccc2c(c1)C(=O)N(c1cccc(C(c3cccc(N4C(=O)c5ccc(C(*)(C(F)(F)F)C(F)(F)F)cc5C4=O)c3)(C(F)(F)F)C(F)(F)F)c1)C2=O,0.293
*Oc1c(C)cc(C(C)(C)c2cc(C)c(OC(=O)CCCCCC(*)=O)c(C)c2)cc1C,0.864
*Nc1ccc(*)cc1OCCCCCCCCCCCCCCCC,0.206
*/C=C/C(C)C(*)C(=O)OCCCCCCN(C)c1ccc(N(C)C)cc1,0.0161
*c1ccc(-c2ccc3c(c2)C(CCCCCC)(CCCCCC)c2cc(*)ccc2-3)cc1,0.00439
*CC(CCCCCCOc1ccc(/N=N/c2ccc(C)cc2)cc1)COC(=O)CCCCC(=O)O*,0.382
*CCCCCCCCCOC(=O)Nc1ccc(Cc2ccc(NC(=O)O*)cc2)cc1,2.9
*Oc1c(C)cc(C(C)(C)c2cc(C)c(OC(=O)CCCCCCCCC(*)=O)c(C)c2)cc1C,0.593
*CC1CC(*)C(OC(=O)CCCCCCCCCCOc2ccc(-c3ccc(C#N)cc3)cc2)C1,0.0116
*CC(CCCCCCOc1ccc(/N=N/c2ccc(C(F)(F)F)cc2)cc1)COC(=O)CCCCC(=O)O*,0.118
*Oc1ccc(C(C)(CC)c2ccc(OC(=O)OC3C(C)(C)C(OC(*)=O)C3(C)C)cc2)cc1,0.325
*CCCCCCCCCCOC(=O)CCCCCCCCC(=O)O*,0.612
*CCN(*)C(=O)CCCCCCCCCCCCCCCCC,0.829
*CCCCCCCCCCCNC(=O)CCCCCCCCC(=O)N*,0.0586
*CCCCCCCCCCNC(=O)CCCCCCCCC(=O)N*,1.27
*Oc1ccc(C2(c3ccc(OC(=O)OC4C(C)(C)C(OC(*)=O)C4(C)C)cc3)CC3CCC2C3)cc1,0.0684
*CC(CCCCCCOc1ccc(/N=N/c2ccc(Cl)cc2)cc1)COC(=O)CCCCC(=O)O*,0.0587
*CCCCCCCCCCCCCCCCOC(=O)CCCCCCC(=O)O*,0.385
*CCCCCCNC(=O)CCCCCCCCCCCCCCC(=O)N*,0.0678
*CCCCCCCCCCCCOC(=O)Nc1ccc(Cc2ccc(NC(=O)O*)cc2)cc1,0.019
*CCCCCCCCCCCCCCCCCCCCOC(=O)CC(=O)O*,0.032
*CC(CCCCCCOc1ccc(/N=N/c2ccc(OC)cc2)cc1)COC(=O)CCCCC(=O)O*,0.0346
*CCCCCCCCCCCCNC(=O)NCCCCCCNC(=O)N*,2.64
*Cc1ccc(CNC(=O)CCCCCCCCCCCCCCCCC(=O)N*)cc1,1.24
*Oc1ccc(C(c2ccccc2)(c2ccccc2)c2ccc(OC(=O)OC3C(C)(C)C(OC(*)=O)C3(C)C)cc2)cc1,0.0376
*CCCCCCCCCCOC(=O)Nc1ccc(Cc2ccc(NC(=O)O*)cc2)cc1,0.641
*CCCCCCCCCCCCCCNC(=O)NCCCCCCNC(=O)N*,0.211
*CCC1CC(OC(=O)CCCCCCCCCCOc2ccc(-c3ccc(C#N)cc3)cc2)CC1*,0.00408
*CCCCCCNC(=O)CCCCCCCCCCCCCCCCC(=O)N*,1.66
*CCCCCCCCNC(=O)CCCCCCCCCCCCCCC(=O)N*,1.03
*CCc1ccc(CCNC(=O)CCCCCCCCCCCCCCCCC(=O)N*)cc1,0.79
*Oc1ccc(C2(c3ccc(OC(=O)OC4C(C)(C)C(OC(*)=O)C4(C)C)cc3)CCC(C(C)(C)C)CC2)cc1,0.688
*CCCCCNC(=O)CCCCCCCCCCCCCCCCCCC(=O)N*,0.938
*/C=C/c1cc(OCC(CC)CCCC)c(*)cc1-c1ccc(N(c2ccc(OC)cc2)c2ccc(OC)cc2)cc1,0.085
*CCCCCCCCCCCCNC(=O)CCCCCCCCCCCCC(=O)N*,0.823
*CCCCCCCCNC(=O)CCCCCCCCCCCCCCCCC(=O)N*,0.378
*CCCCCCCCCCNC(=O)CCCCCCCCCCCCCCC(=O)N*,0.469
*CCCCCCCCCCCCCNC(=O)CCCCCCCCCCCC(=O)N*,0.224
*CCCCCCCCCCCCCCCCOC(=O)Nc1ccc(Cc2ccc(NC(=O)O*)cc2)cc1,0.0511
*c1ccc2c(c1)C(CCCCCC)(CCCCCC)c1cc(-c3cc(OCc4ccccc4)c(*)cc3OCc3ccccc3)ccc1-2,0.0385
*CCCCCCCCCCc1ccc(-c2c(-c3ccccc3)cc(-c3cccc(-c4cc(-c5ccccc5)c(-c5ccc(*)cc5)c(-c5ccccc5)c4-c4ccccc4)c3)c(-c3ccccc3)c2-c2ccccc2)cc1,0.162
*/C=C/c1ccc(*)c(OCc2cc(OCCC(C)CCCC(C)C)cc(OCC(CC)CCCC)c2)c1,1.64
*CCCCCCCNC(=O)CCCCCCCCCCCCCCCCCCC(=O)N*,0.475
*c1ccc(-c2sc(-c3cc(CCCCCCCCCCCC)c(*)s3)cc2CCCCCCCCCCCC)cc1,0.204
*CC(CCCCCCOc1ccc(/N=N/c2ccc(C#N)cc2)cc1)COC(=O)CCCCCCCCCCCCC(=O)O*,0.005
*CCCCCCCCCCCCCCc1ccc(-c2c(-c3ccccc3)cc(-c3ccc(-c4cc(-c5ccccc5)c(-c5ccc(*)cc5)c(-c5ccccc5)c4-c4ccccc4)cc3)c(-c3ccccc3)c2-c2ccccc2)cc1,0.124
*CCCCCCCCCCCCCCCCCCNC(=O)NCc1ccc(CNC(=O)N*)cc1,0.973
*c1ccc(N2C(=O)c3ccc(C(c4ccc5c(c4)C(=O)N(c4ccc(N6C(=O)c7ccc(-c8ccc9c(c8)C(=O)N(*)C9=O)cc7C6=O)cc4)C5=O)(C(F)(F)F)C(F)(F)F)cc3C2=O)cc1,0.0297
*c1ccc(-c2cc(-c3ccc(OCCCCCC)cc3)cc(-c3ccc(-c4ccc5c(c4)C(CCCCCC)(CCCCCC)c4cc(*)ccc4-5)cc3)c2-c2ccc(OCCCCCC)cc2)cc1,0.0638
*CCCCCCCCCCOC(=O)CCCCCCCCCCCCCCCCC(=O)O*,0.026
*CCCCCCCCCCCNC(=O)CCCCCCCCCCCCCCCCCCC(=O)N*,652.5893
*Oc1ccc(-c2ccc(-c3cc(-c4ccccc4)c(-c4ccc(-c5ccc(OC(=O)c6ccc(C(*)=O)cc6-c6ccccc6)cc5)cc4)c(-c4ccccc4)c3-c3ccccc3)cc2)cc1,0.0313
*CCCCCCCCCCCCCCNC(=O)CCCCCCCCCCCCCCCCC(=O)N*,0.125
*CCC1CC2C(CC(*)C2OC(=O)CCCCCCCCCCOc2ccc(-c3ccc(C#N)cc3)cc2)C1OC(=O)CCCCCCCCCCOc1ccc(-c2ccc(C#N)cc2)cc1,0.0942
*c1ccc2c(c1)C(CCCCCC)(CCCCCC)c1cc(-c3cc(CCCCCCCC)c(*)cc3CCCCCCCC)ccc1-2,0.00642
*c1ccc2c(c1)C(CCCCCC)(CCCCCC)c1cc(-c3cc(OCCCCCCCC)c(*)cc3OCCCCCCCC)ccc1-2,0.0315
*c1ccc2c(c1)C(=O)N(c1cc(OCCN(CC)c3ccc(/N=N/c4ccc([N+](=O)[O-])cc4)cc3)cc(N3C(=O)c4ccc(C(*)(C(F)(F)F)C(F)(F)F)cc4C3=O)c1)C2=O,0.687
*c1ccc2c(c1)C(CCCCCC)(CCCCCC)c1cc(-c3cc(CCCCCC)c(*)cc3CCCCCC)ccc1-2,0.0345
*CC(CCCCCCCCCCCCCCCC)C1C(=O)N(CCCCCCCCCCCC)C(=O)C1*,0.0505
*CCCCCCCCCCCCCCCCCCNC(=O)CCc1ccc(CCC(=O)N*)cc1,1.05
*CCCCCCCCCCCCNC(=O)CCCCCCCCCCCCCCCCCCC(=O)N*,2.46
*/C=C/CCCCCCCCCC(CCCCCCCCC*)COCCOCCOCCOCCOCCCCCC,0.284
*CCCCOC(=O)CCCCCCCCCCCCCCCCCCCCCCCCCCCCCCCCCCC(=O)O*,0.0099
*/C=C/c1cc(OCCCCCCCCCCCCCCCC)c(/C=C/c2ccc(*)cc2)cc1OCCCCCCCCCCCCCCCC,0.523
*CC(CCCCCCCCCCCCCCCC)C(CCCCCCCCCCCCCCCC)COC(=O)c1ccc(C(=O)O*)cc1,0.0274
*CCCCCCCCNC(=O)CCCCCCCCCCCCCCCCCCCCC(=O)N*,3.62
*CC1CC(*)C(OC(=O)CCCCCCCCCCOc2ccc(-c3ccc(C#N)cc3)cc2)C1OC(=O)CCCCCCCCCCOc1ccc(-c2ccc(C#N)cc2)cc1,0.00537
*CC(*)OC(C)=O,1703.6559
*CC(*)OC(=O)c1ccc(C(C)(C)C)cc1,2902.3338
*CC(*)OC(=O)c1ccc(CC)cc1,5497.4977
*CC(*)OC(=O)C(F)(F)F,2.78
*C(F)C(*)(F)OC(F)(F)F,25.4865
*CC(*)OC(=O)c1ccc(C(C)C)cc1,2605.5317
*/C=C/C(C)C(*)C(=O)OC,1390.9292
*CC(*)OC=O,167.2334
*CC(*)OCCCCC,134.5927
*CC(*)OCCCC,1163.0869
*CC(*)C(=O)c1ccc(Cl)cc1,2564.9451
*CC(*)OC(C)CC,549.5912
*/C=C/C(C*)OC,483.4923
*CC(*)(C)OC,202.816
*C(OC(F)(F)F)C(*)(F)F,87.098
*CC(*)(F)C(C)=O,3374.6669
*CC(*)OCCCCCC,679.8087
*CC(*)C(=O)c1ccccc1,1420.6184
*CC(*)OCC(C)C,1684.3618
*CC(*)OC(=O)c1ccccc1Cl,2662.6176
*CC(*)OC(=O)c1ccccc1OC(C)=O,517.7833
*CC(*)OC(=O)c1ccc(OC(C)=O)cc1,24.5039
*CC(*)OCC(C)(C)CC,1480.8522
*CC(*)C(=O)c1ccc(OC)cc1,5.86
*CC(*)OC(=O)CCCC(=O)c1ccccc1,985.4307
*CC(*)OC(=O)c1ccc(Br)cc1,8681.3983
*C(F)(F)C(*)(F)OC(F)(F)C(F)(F)C(F)(F)C(F)(F)F,20.8443
*CC(*)OC(=O)c1cccc(Cl)c1,4062.2715
*CC(*)OC(=O)c1ccc(Cl)cc1,5315.0125
*CC(*)OC(=O)C1CCCCC1,3962.2405
*CC(*)OC(=O)CC1CCCCC1,2765.7853
*CC(*)OC(=O)c1ccc(OCC)cc1,191.0485
*CC(*)OC(=O)CCCC1CCCCC1,3701.296
*CC(*)OC(=O)C(F)(F)C(F)(F)C(F)(F)F,22.6749
*CC(*)OC(=O)C(F)(F)C(F)(F)F,316.3601
*CC(*)OC(=O)C(F)(F)C(F)(F)C(F)(F)C(F)(F)C(F)(F)C(F)(F)C(F)(F)F,17.1087
*CC(*)OC(=O)C(F)(F)C(F)(F)C(F)(F)C(F)(F)F,293.4005
*CC(*)OC(=O)C(F)(F)C(F)(F)C(F)(F)C(F)(F)C(F)(F)C(F)(F)C(F)(F)C(F)(F)C(F)(F)F,104.4715
*CC(*)OC(=O)C(F)(F)C(F)(F)C(F)(F)C(F)(F)C(F)(F)F,37.8435
*CC(*)OC(=O)C(C)(CC)C(C)(C)C,2670.4283
*CC(*)OC(=O)c1ccc(C)cc1,576.4164
*CC(*)OC(=O)c1ccncc1,115.5423
*CC(*)OC(=O)c1cccc(C)c1,134.0411
*CC(*)NC(=O)OC(C)(C)C,4536.013
*CC(*)OC(=O)c1cccc(OC)c1,174.8313
*CC(*)OC(=O)c1ccccc1C,724.9109
*CC(*)OC(=O)c1ccc(OC)cc1,714.1084
*CC(*)OC(=O)c1ccccc1OC,2029.1132
*CC(*)OC(=O)C(C)(C(C)C)C(C)C,2.74
*CC(*)OC(=O)CC(C)(C)c1ccccc1,530.2591
*CC(*)OC(=O)C(C)(C)CCC,6400.1715
*CC(*)OC(=O)C(C)(C)C(C)(C)CC,499.6654
*CC(*)OC(=O)C(C)(C)C(C)C(C)C,1198.7579
*CC(*)OC(F)(C(F)(F)F)C(F)(F)F,135.1025
*CC(*)OC(=O)C(C)(C)CC(C)(C)C,494.2196
*CC(*)OC(=O)CCl,1828.43
*CC(*)OC(=O)c1cccnc1,64.2269
*CC(*)OC(=O)c1cccc([N+](=O)[O-])c1,792.5907
*CC(*)OC(=O)C1CCCC1,1767.2147
*CC(*)OC(=O)C1(C)CCCCC1,3995.4814
*CC(OC)C(C(=O)O)C(*)C(=O)O,528.4923
*CC(OC)C1C(=O)OC(=O)C1*,1270.0029
*CC(*)P(=O)(Oc1ccccc1)N(C)C,440.7097
*CC(*)(Cl)Cl,55.4303
*CC(*)(F)F,131.337
*C(F)C(*)(F)F,8.08
*CC(*)C=C,50.8293
*CCO*,85.0727
*CC(CCl)(CCl)CO*,3145.1903
*CCCCO*,245.0348
*CCCCCCCCO*,95.021
*Oc1c(OC)cc(*)cc1OC,112.0593
*CCCCOCO*,135.4347
*CCOCO*,25.9717
*CC(*)(F)C(F)(F)F,43.9324
*CC(F)(F)/C(F)=C(/*)Cl,286.4276
*CC(*)C(F)(F)F,24.8015
*CC(*)C(F)(F)C(F)(F)C(F)(F)F,121.0237
*CC(F)(F)CC(*)(C(F)(F)F)C(F)(F)F,319.1854
*CCC(F)(F)C(*)(F)F,11.8995
*/C=C(\F)C(F)(F)C*,209.1789
*CC(*)C(F)(F)C(F)(F)F,294.5779
*CC(CCl)O*,240.8407
*OC(*)C,636.8603
*OC(*)CCC,2032.388
*CC(C)O*,26.3327
*CC(CCCC)O*,293.5048
*CC(CC)O*,604.202
*CC(O*)C(C)(C)C,231.785
*CC(COCC=C)O*,725.5511
*CC(COCC)O*,276.4132
*CC(COCCCC)O*,10.182
*CC(CCCCCC)O*,759.1707
*CC(C)(C)CO*,401.7653
*CC(COC)O*,417.7605
*CC(COCCCCCC)O*,2765.6464
*CC(CO)(CO)CO*,708.1106
*CCCCCOCO*,192.2955
*C(F)(F)C1(F)C(F)(F)C(*)(F)C1(F)F,11.9395
*OC(F)(F)C(F)(F)C(F)(F)C(*)(F)F,3.77
*CC(CC(Cl)(Cl)Cl)O*,1844.3537
*CC(O)COc1ccc(Cc2ccc(O*)cc2)cc1,282.5269
*CC(COC(F)(C(F)(F)F)C(F)(F)F)O*,149.7124
*CCC(C)O*,60.8253
*CC(CC)(CCl)CO*,5672.7775
*CCOCC(CCl)O*,18.6865
*CC(O*)C1CC(F)(F)C1(F)F,55.366
*CC(C)CO*,387.489
*Oc1ccc(-c2ccc(OC(*)(Oc3ccccc3)Oc3ccccc3)c(C)c2)cc1C,345.8881
*Oc1ccc(CC(Cc2ccc(*)cc2)(C(=O)OCC)C(=O)OCC)cc1,3287.7751
*Oc1ccc(-c2ccc(OC(*)(Oc3ccccc3)Oc3ccccc3)cc2)cc1,413.2141
*CC(COc1ccc(C(C)(C)c2ccc(O*)cc2)cc1)OC(=O)c1ccccc1,931.701
*Oc1ccc(CC(C#N)(C#N)Cc2ccc(*)cc2)cc1,148.4776
*Oc1ccc(C(C)(C)c2ccc(OC(*)(Oc3ccccc3)Oc3ccccc3)cc2)cc1,266.0828
*CC1CC(*)OC(CCC)O1,791.7043
*CC(COc1ccc(C(C)(c2ccccc2)c2ccc(O*)cc2)cc1)OC(C)=O,916.8495
*CC(O)COc1ccc(C(C)CC(C)(C)c2ccc(O*)cc2)cc1,129.6392
*CC(O)COc1ccc(O*)cc1,14.3805
*CC1CC(*)OCO1,352.0883
*CC(O)COc1ccc(C2CC(C(C)C)CCC2(C)c2ccc(O*)cc2)cc1,1977.6796
*CC(O)COc1ccc(C(C)(c2ccccc2)c2ccc(O*)cc2)cc1,8648.6967
*CC(COc1ccc(O*)cc1)OC(C)=O,645.9439
*CC(COc1ccc(C(C)(c2ccccc2)c2ccc(O*)cc2)cc1)OC(=O)c1ccccc1,1336.0775
*CCOCCOCCOc1ccc(/C=C(\C)c2ccc(O*)cc2)cc1,142.5936
*CCOCCOCCOCCOc1ccc(/C=C(\C)c2ccc(O*)cc2)cc1,48.4641
*CC(O)COc1ccc(C(C)(C)C2CCC(C)(c3ccc(O*)cc3)CC2)cc1,997.9425
*CC(COc1ccc(C2CCCC(CC)(c3ccc(O*)cc3)C2)cc1)OC(C)=O,804.4909
*CC(O)COc1ccc(C2(C)CC(C)(C)c3cc(O*)ccc32)cc1,1772.435
*CC(O)COc1ccc(C2CCCC(CC)(c3ccc(O*)cc3)C2)cc1,3408.0761
*OC(CCl)C(*)CCl,5618.3668
*CCCCOc1ccc(-c2ccc(O*)c3ccccc23)c2ccccc12,212.1377
*CCCCCCOc1ccc(-c2ccc(O*)c3ccccc23)c2ccccc12,727.4792
*CC(CC)(CC)CO*,731.7462
*CCCOc1ccc(-c2ccc(O*)c3ccccc23)c2ccccc12,151.134
*CCOCCOCCOCCOCCOc1ccc(/C=C(\C)c2ccc(O*)cc2)cc1,514.7475
*CCCCCOc1ccc(-c2ccc(O*)c3ccccc23)c2ccccc12,19.4603
*CC(O)CO*,203.7844
*CC(CO*)C(C)(C)C,75.133
*CC(C)(CC)CO*,355.8358
*CC(C)(CO)CO*,4500.1705
*Oc1ccc(C(=O)c2ccccc2)c(-c2cc(Oc3ccc(-c4ccc(*)cc4)cc3)ccc2C(=O)c2ccccc2)c1,918.9667
*Oc1ccc(Oc2ccc(C(=O)c3ccccc3)c(-c3cc(*)ccc3C(=O)c3ccccc3)c2)cc1,1126.1654
*Oc1ccc(C(=O)c2ccccc2)c(-c2cc(Oc3ccc(C(c4ccc(*)cc4)(C(F)(F)F)C(F)(F)F)cc3)ccc2C(=O)c2ccccc2)c1,3561.0761
*Oc1ccc(C(=O)c2ccccc2)c(-c2cc(Oc3ccc(C(C)(C)c4ccc(*)cc4)cc3)ccc2C(=O)c2ccccc2)c1,113.9674
*C1OC(C(F)(F)F)(C(F)(F)F)OC1(*)F,62.1608
*CCOC(=O)c1ccc(C(=O)O*)cc1,237.9196
*CCCCOC(=O)c1ccc(C(=O)O*)cc1,320.7001
*CCOC(=O)c1ccc2cc(C(=O)O*)ccc2c1,290.7057
*Oc1cc(Oc2ccc(C(C)(C)c3ccc(*)cc3)cc2)cc([N+](=O)[O-])c1,304.1224
*CC(COCC=C)S*,165.3152
*CCOC(=O)CCC(=O)O*,194.9381
*CCCOC(=O)CCCCC(=O)O*,138.8637
*CCCOC(=O)CCCC(=O)O*,949.6864
*CC(=O)O*,64.5833
*CCCCOC(=O)CCC(=O)O*,228.352
*CCCOC(=O)CCCCCCC(=O)O*,383.1417
*CCCC(=O)O*,487.9724
*CCOC(=O)CCCCC(=O)O*,430.0236
*CCCOC(=O)CCC(=O)O*,12.0152
*CCOC(=O)c1cccc(C(=O)O*)c1,20.249
*CCOC(=O)CCCCCCCC(=O)O*,241.9849
*CCCCC(=O)O*,248.6987
*CCOC(=O)CCCCCCCCC(=O)O*,1020.8729
*CCCCOC(=O)CCCCCCCCC(=O)O*,457.5904
*CCCCCCOC(=O)CCCCCCCCC(=O)O*,42.2606
*CCCCCCCCCCOC(=O)CCCCC(=O)O*,912.5805
*CCCCOC(=O)c1cccc(C(=O)O*)c1,601.3961
*CCCCCCCCCCC(=O)O*,476.7158
*CCCCCOC(=O)c1ccc(C(=O)O*)cc1,432.4529
*CCCCCCCCCCOC(=O)c1ccc(C(=O)O*)cc1,1762.8724
*CCCCCCOC(=O)c1ccc(C(=O)O*)cc1,1391.2149
*CC1CCC(COC(=O)c2ccc(C(=O)O*)cc2)CC1,1837.9929
*Oc1ccc(C(C)(C)c2ccc(OC(=O)C3CCC(C(*)=O)CC3)cc2)cc1,1168.3262
*Oc1ccc(C(C)(C)c2ccc(OC(=O)c3ccc(C(*)=O)cc3)cc2)cc1,104.5697
*CCCCCCCCCCCCC(=O)O*,259.205
*CCCCCCC(=O)O*,779.5473
*Oc1ccc(Cc2ccc(OC(=O)c3cccc(C(*)=O)c3)cc2)cc1,694.1572
*CCOC(=O)c1ccc2ccc(C(=O)O*)cc2c1,0.00268
*CCCOC(=O)c1ccc(C(=O)O*)cc1,280.3214
*Oc1ccc(C(C)(C)c2ccc(OC(=O)c3cccc(C(*)=O)c3)cc2)cc1,769.5756
*CCCCCC(=O)S*,789.1326
*CCCCCCOC(=O)CCC(=O)O*,4088.7225
*CCC(=O)O*,214.4604
*CCCCOC(=O)CCCCC(=O)O*,28.1696
*CCCCCOC(=O)CCCCC(=O)O*,671.1872
*CCOC(=O)c1cccc2c(C(=O)O*)cccc12,36.8098
*Oc1ccc(C2(c3ccc(OC(=O)c4cccc(C(*)=O)c4)cc3)c3ccccc3-c3ccccc32)cc1,278.6779
*Oc1cccc(OC(=O)c2cccc(C(*)=O)c2)c1,2481.3398
*CC#CCOC(=O)CCCCCCCCC(=O)O*,56.8885
*CCOC(=O)c1ccccc1C(=O)O*,225.3292
*CCOC(=O)c1ccc(C(=O)O*)c2ccccc12,44.627
*c1ccc(OC(=O)c2cccc(C(=O)Oc3ccc(C4(*)OC(=O)c5ccccc54)cc3)c2)cc1,241.7102
*c1ccc(OC(=O)c2ccc(C(=O)Oc3ccc(C4(*)OC(=O)c5ccccc54)cc3)cc2)cc1,345.5955
*Oc1ccc(C(C)(C)c2ccc(OC(=O)c3ccc(C(*)=O)cc3)c(C)c2)cc1C,1535.7266
*OC1CCC(OC(=O)CCCCC(*)=O)CC1,2798.6736
*CCOC(=O)/C=C/C(=O)O*,21.6997
*CCCCCCOC(=O)CCCCC(=O)O*,259.0088
*CC(CCCCCC)C(CCCCCC)COC(=O)c1ccc(C(=O)O*)cc1,1334.7968
*CC(C)C(C)COC(=O)c1ccc(C(=O)O*)cc1,317.7825
*CCCCCCCCCCOC(=O)c1cccc(C(=O)O*)c1,2330.2993
*CC(CCC)C(CCC)COC(=O)c1ccc(C(=O)O*)cc1,656.9685
*CC(CCCC)C(CCCC)COC(=O)c1ccc(C(=O)O*)cc1,779.9875
*Oc1ccc(OC(=O)c2ccc(C(*)=O)cc2)cc1C1CCCCC1,3817.6471
*CCCCCOC(=O)c1cccc(C(=O)O*)c1,78.5271
*CCCCCCOC(=O)c1cccc(C(=O)O*)c1,76.0501
*CC(C(C)C)C(COC(=O)c1ccc(C(=O)O*)cc1)C(C)C,1731.1821
*CC(CC)C(CC)COC(=O)c1ccc(C(=O)O*)cc1,225.4307
*Oc1ccc(OC(=O)c2ccc(C(*)=O)cc2)cc1C1CC2CCC1C2,1412.2278
*CCOC(=O)CCCCCC(=O)O*,420.9717
*CCCCCCCOC(=O)c1ccc(C(=O)O*)cc1,394.2415
*Oc1ccc(C(*)=O)cc1,56.2488
*OC(CC(*)=O)C(Cl)(Cl)Cl,1314.2579
*CCCCCCOC(=O)C(=O)O*,665.5681
*OC(C)C(*)=O,78.2112
*Oc1ccc(-c2ccc(OC(=O)CCCCCCCCCCCCC(*)=O)cc2)cc1,5671.2622
*CC1CCC(COC(=O)CCC(=O)O*)CC1,620.6648
*OC(C)CC(*)=O,95.3365
*CC(C)(C)C(=O)O*,1608.8532
*CC(CC)(CC)C(=O)O*,2434.2983
*OC(CC)CC(*)=O,326.4036
*CC(C)C(=O)O*,286.837
*CC(C)(CC)C(=O)O*,316.332
*CC(C)(CCC)C(=O)O*,2344.9705
*Oc1ccc(OC(=O)CCCCC(*)=O)cc1,887.818
*CCCCCCCCCOC(=O)c1ccc(C(=O)O*)cc1,265.5004
*CCCCCCCCOC(=O)c1ccc(C(=O)O*)cc1,281.635
*OC(CC(*)=O)C(C)(Cl)Cl,3598.7945
*SC(C)C(*)=O,854.8562
*OC(C)COC(=O)c1cccc(C(*)=O)c1,197.791
*CC1CCC(COC(=O)C2CCC(C(=O)O*)CC2)CC1,1329.0483
*Oc1ccc(CC(*)=O)cc1,128.3789
*CCOC(=O)C1CCC(C(=O)O*)CC1,239.5743
*CCOC(=O)c1ccc(-c2ccc(C(=O)O*)cc2)cc1,59.7433
*Oc1cccc(C(*)=O)c1,95.938
*CCCCCCCCCCOC(=O)c1ccc(-c2ccc(C(=O)O*)cc2)cc1,997.1273
*CCCCCCOC(=O)c1ccc(-c2ccc(C(=O)O*)cc2)cc1,235.7911
*Oc1ccc(OC(=O)c2ccc(C(*)=O)cc2)cc1,568.3875
*CC(F)(F)C(F)(F)C(F)(F)COC(=O)CCCCC(=O)O*,600.2776
*Oc1cccc(OC(=O)CCC(*)=O)c1,78.2269
*CCCCCCCCOC(=O)c1ccc(-c2ccc(C(=O)O*)cc2)cc1,799.0003
*CC(C)(C)COC(=O)CCCCC(=O)O*,75.068
*CC(C)(C)COC(=O)CCC(=O)O*,1251.7527
*CC(C)(C)COC(=O)c1ccc(C(=O)O*)cc1,0.267
*CCCCCOC(=O)c1ccc(-c2ccc(C(=O)O*)cc2)cc1,155.1266
*CCCOC(=O)c1cccc(C(=O)O*)c1,66.8174
*OC(C)CCOC(=O)c1ccc(-c2ccc(C(*)=O)cc2)cc1,536.0367
*Oc1c(C)cc(-c2cc(C)c(OC(=O)CCCCC(*)=O)c(C)c2)cc1C,1176.5857
*CCCCOC(=O)CCCC(=O)O*,227.1336
*Cc1ccc(COC(=O)c2cccc(C(=O)O*)c2)cc1,8.64
*Oc1c(-c2ccccc2)cc(Cc2cc(-c3ccccc3)c(OC(=O)CCCCC(*)=O)c(-c3ccccc3)c2)cc1-c1ccccc1,357.6709
*CC(F)(F)C(F)(F)C(F)(F)COC(=O)c1cc(C(=O)O*)cc(C(F)(F)C(F)(F)C(F)(F)C(F)(F)C(F)(F)C(F)(F)C(F)(F)F)c1,117.1795
*Oc1cc(CCCC)cc(OC(=O)c2cccc(C(*)=O)c2)c1,1812.2444
*Oc1cc(CC)cc(OC(=O)c2cccc(C(*)=O)c2)c1,1133.0841
*CC(F)(F)C(F)(F)C(F)(F)COC(=O)c1cccc(C(F)(F)C(F)(F)C(F)(F)c2cccc(C(=O)O*)c2)c1,71.7946
*CC(F)(F)C(F)(F)C(F)(F)COC(=O)c1cccc(C(F)(F)C(F)(F)C(F)(F)C(F)(F)C(F)(F)c2cccc(C(=O)O*)c2)c1,219.1372
*CC(F)(F)C(F)(F)C(F)(F)COC(=O)c1cccc(-c2cccc(C(=O)O*)c2)c1,2362.2978
*OC(C)CCCC(C)C(*)=O,93.68
*CC(F)(F)C(F)(F)C(F)(F)COC(=O)c1cccc(C(=O)O*)c1,1212.6172
*CCCCCCCCCCOC(=O)c1ccc2cc(C(=O)O*)ccc2c1,313.2322
*Oc1cc(CCCCCC)cc(OC(=O)c2cccc(C(*)=O)c2)c1,674.581
*Oc1ccc(-c2ccc(OC(=O)c3cccc(C(*)=O)c3)cc2)cc1,152.9337
*Oc1c(C)cc(C(C)(C)c2cc(C)c(OC(=O)c3cccc(C(*)=O)c3)c(C)c2)cc1C,1421.8231
*Oc1ccc(C(C)(C)c2ccc(OC(=O)c3cccc(C(*)=O)c3)c(C)c2)cc1C,88.2854
*Oc1ccc(C2(c3ccc(OC(=O)c4cccc(C(*)=O)c4)cc3)CCCCC2)cc1,8302.8753
*Oc1c(C)cc(-c2cc(C)c(OC(=O)CCCCCCCCC(*)=O)c(C)c2)cc1C,141.3534
*OC1C(C)(C)C(OC(=O)c2ccc(C(*)=O)cc2)C1(C)C,185.9897
*OC1C(C)(C)C(OC(=O)C2CCC(C(*)=O)CC2)C1(C)C,913.4993
*CCCCCCOC(=O)c1ccc2cc(C(=O)O*)ccc2c1,23.5743
*CCCCCOC(=O)c1ccc2cc(C(=O)O*)ccc2c1,1319.1461
*CCCOC(=O)c1ccc2cc(C(=O)O*)ccc2c1,116.8515
*CCCCOC(=O)c1ccc2cc(C(=O)O*)ccc2c1,927.6226
*CCCCOC(=O)C1CCC(C(=O)O*)CC1,78.2536
*Oc1cc(C)cc(OC(=O)c2cccc(C(*)=O)c2)c1,1073.0249
*Oc1cc(CCCCCCCCC)cc(OC(=O)c2cccc(C(*)=O)c2)c1,3239.9876
*Oc1cc(CCCCCCCC)cc(OC(=O)c2cccc(C(*)=O)c2)c1,3677.1843
*CC(C)(C)COC(=O)C1CCC(C(=O)O*)CC1,1328.2643
*Oc1ccc(-c2ccc(OC(=O)c3cc(CCCCC)cc(C(*)=O)c3)cc2)cc1,1720.499
*CC(F)(F)C(F)(F)C(F)(F)COC(=O)c1cccc(C(=O)O*)c1OCCCCC,3960.0572
*CC(F)(F)C(F)(F)C(F)(F)COC(=O)c1ccc(OCCCCC)c(C(=O)O*)c1,639.7275
*Oc1cccc(C(F)(F)C(F)(F)C(F)(F)c2cccc(OC(=O)c3cccc(C(F)(F)C(F)(F)C(F)(F)c4cccc(C(*)=O)c4)c3)c2)c1,131.0487
*CC(F)(F)C(F)(F)C(F)(F)COC(=O)c1cc(OCCCCC)cc(C(=O)O*)c1,4291.6058
*CCCCCCNC(=O)CCCCC(=O)N*,585.9207
*Oc1ccc(C2(c3ccc(OC(=O)CCCCCCCCC(*)=O)cc3)c3ccccc3-c3ccccc32)cc1,4262.9313
*Oc1ccc(C(C)(C)c2ccc(OC(=O)c3cccc(C(F)(F)C(F)(F)C(F)(F)c4cccc(C(*)=O)c4)c3)cc2)cc1,2475.7193
*Oc1c(-c2ccccc2)cc(Cc2cc(-c3ccccc3)c(OC(=O)CCCCCC(*)=O)c(-c3ccccc3)c2)cc1-c1ccccc1,270.7795
*Oc1c(C)cc(-c2cc(C)c(OC(=O)CCCCCC(*)=O)c(C)c2)cc1C,721.6466
*Oc1ccc(Cc2ccc(OC(=O)c3cc(OCCCCC)cc(C(*)=O)c3)cc2)cc1,9662.0961
*Oc1c(-c2ccccc2)cc(-c2cc(-c3ccccc3)c(OC(=O)CCCCCCCCC(*)=O)c(-c3ccccc3)c2)cc1-c1ccccc1,627.8446
*Oc1ccc(C(C)(C)c2ccc(OC(=O)c3ccc(C(C)(CC)c4ccc(C(*)=O)cc4)cc3)cc2)cc1,60.5486
*Oc1cccc(OC(=O)c2cc(OCCCCC)cc(C(*)=O)c2)c1,8631.3412
*Oc1ccc(C(C)(C)c2ccc(OC(=O)c3ccc(C(*)=O)cc3)c(C(C)CC)c2)cc1C(C)CC,984.3613
*Oc1ccc(C(C)(C)c2ccc(OC(=O)c3ccc(C(*)=O)cc3)c(C(C)C)c2)cc1C(C)C,279.3084
*Oc1ccc(C(C)(C)c2ccc(OC(=O)c3ccc(C(*)=O)cc3)c(CCCC)c2)cc1CCCC,2836.0076
*Oc1ccc(C2(c3ccc(OC(=O)c4ccc(C(*)=O)cc4)cc3)c3ccccc3-c3ccccc32)cc1,56.8511
*Oc1cc(CCCCCCCCCCC)cc(OC(=O)c2cccc(C(*)=O)c2)c1,5542.9588
*Oc1c(C)cc(C(C)(C)c2cc(C)c(OC(=O)c3ccc(C(*)=O)cc3)c(C)c2)cc1C,6963.7509
*Oc1cc(CCCCCCCCCCCCC)cc(OC(=O)c2cccc(C(*)=O)c2)c1,383.4628
*c1ccc(OC(=O)c2cc(C(=O)Oc3ccc(C4(*)OC(=O)c5ccccc54)cc3)cc(C(C)(C)C)c2)cc1,1776.4408
*Oc1ccc(C2(c3ccc(OC(=O)c4ccc(C(*)=O)cc4)cc3)CCc3ccccc32)cc1,1238.4626
*c1ccc(OC(=O)c2cc(Cl)cc(C(=O)Oc3ccc(C4(*)OC(=O)c5ccccc54)cc3)c2)cc1,1171.1431
*OC(C)COC(=O)c1ccccc1C(*)=O,715.6737
*OC(C)COC(=O)c1ccc(C(*)=O)cc1,904.3587
*Oc1ccc(-c2ccc(OC(=O)c3ccc(C(*)=O)cc3)cc2)cc1-c1ccccc1,1252.8379
*OC1CCC(OC(=O)CCCCCCCCC(*)=O)CC1,1338.627
*Oc1ccc(OC(=O)c2ccc(C(C)(C)c3ccc(C(*)=O)cc3)cc2)cc1,881.4523
*CCCCCCCOC(=O)c1ccc(-c2ccc(C(=O)O*)cc2)cc1,27.2812
*Oc1ccc(OC(=O)/C=C/c2ccc(/C=C/C(*)=O)cc2)cc1,538.838
*Oc1ccc(-c2ccc(OC(=O)/C=C/c3ccc(/C=C/C(*)=O)cc3)cc2)cc1,108.7436
*Oc1ccc(-c2cc(-c3ccccc3)c(-c3ccc(OC(=O)c4ccc(C(*)=O)cc4-c4ccccc4)cc3)c(-c3ccccc3)c2-c2ccccc2)cc1,393.7525
*CCC(=O)N*,4471.8596
*CCCCCCNC(=O)CCCCCCCCC(=O)N*,506.9712
*CCCCCCNC(=O)CCCCCCCC(=O)N*,977.4525
*CCCCCCNC(=O)CCCCCCCCCCC(=O)N*,500.6382
*CCCC1(CCCNC(=O)CCCCC(=O)N*)c2ccccc2-c2ccccc21,2774.2293
*CCCCCCCCC(=O)N*,628.7381
*CCCCCCCCCCNC(=O)CCCCCCCCCCC(=O)N*,26.532
*CCCCCCC(=O)N*,682.3073
*CCCCCCCCCCC(=O)N*,1869.278
*Cc1cc(C)c(CNC(=O)CCCCC(=O)N*)cc1C,813.0142
*CCCCCCCCCC(=O)N*,480.9399
*Cc1cccc(CNC(=O)c2cc(C(=O)N*)cc(C(C)(C)C)c2)c1,2129.8618
*CCCCCCCCCCNC(=O)CCCCC(=O)N*,2763.9588
*CCCCCCCCCNC(=O)CCCCC(=O)N*,2739.4346
*Cc1ccc(CNC(=O)c2cc(C(=O)N*)cc(C(C)(C)C)c2)cc1,9402.0678
*CCCCCCNC(=O)c1cc(C(=O)N*)cc(C(C)(C)C)c1,2481.0768
*CCCCCCNC(=O)Cc1ccc(C(=O)N*)cc1,3269.8179
*CCCC1(CCCNC(=O)c2ccccc2-c2ccccc2C(=O)N*)c2ccccc2-c2ccccc21,126.8593
*CC(C)CCC(C)CNC(=O)c1cc(C(=O)N*)cc(C(C)(C)C)c1,4311.8648
*CCC(C)C(C)CCNC(=O)c1cc(C(=O)N*)cc(C(C)(C)C)c1,4884.9399
*CCc1ccc(CCNC(=O)CCCCCCCCC(=O)N*)cc1,474.1192
*CC1CCC(CNC(=O)c2cc(C(=O)N*)cc(C(C)(C)C)c2)CC1,1136.8295
*CCc1ccc(CCNC(=O)CCCCCCCCCCCCC(=O)N*)cc1,514.9018
*CCc1ccc(CCNC(=O)CCCCCCCCCC(=O)N*)cc1,106.3131
*CCCC(C)(C)CNC(=O)CCCC(=O)N*,1535.0165
*CCCCCCNC(=O)c1cccc(C(=O)N*)c1,489.7005
*CCCC(C)(C)CNC(=O)c1cccc(C(=O)N*)c1,557.7558
*CCCCCCCCNC(=O)c1cccc(C(=O)N*)c1,987.9491
*Cc1cccc(CNC(=O)c2cccc(C(=O)N*)c2)c1,310.6961
*CC1CCC(CNC(=O)c2cccc(C(=O)N*)c2)CC1,4913.7796
*CCC(C)C(C)CCNC(=O)c1cccc(C(=O)N*)c1,2428.1256
*CCCC1(CCCNC(=O)c2cccc(C(=O)N*)c2)c2ccccc2-c2ccccc21,282.215
*CCCCCCCCCCNC(=O)/C=C(\C)C(=O)N*,1772.8823
*Cc1cc(CNC(=O)c2cccc(C(=O)N*)c2)cc(C(C)(C)C)c1,865.0557
*CCCCCCNC(=O)/C=C(\C)C(=O)N*,6009.9821
*CCCC1(CCCNC(=O)CCCCCCCCC(=O)N*)c2ccccc2-c2ccccc21,591.1059
*CCCCCCNC(=O)c1ccccc1-c1ccccc1C(=O)N*,1154.9445
*Cc1cc(CNC(=O)CCCCC(=O)N*)cc(C(C)(C)C)c1,903.5017
*CC1CC(CNC(=O)c2cccc(C(=O)N*)c2)CC(C(C)(C)C)C1,375.665
*CCCCNC(=O)Cc1ccc(C(=O)N*)cc1,71.413
*CCCCCNC(=O)Cc1ccc(C(=O)N*)cc1,117.2282
*CC1CCCC(CNC(=O)c2cc(C(=O)N*)cc(C(C)(C)C)c2)C1,9358.2508
*CCCCCCNC(=O)CCC(C)CC(=O)N*,603.4269
*CCCNC(=O)Cc1ccc(C(=O)N*)cc1,962.888
*CC1CCCC(CNC(=O)c2cccc(C(=O)N*)c2)C1,4385.9758
*CCCCCCNC(=O)CCC1(CCC(=O)N*)c2ccccc2-c2ccccc21,842.8459
*CCCCCNC(=O)c1ccc(C(=O)N*)cc1,1238.358
*CCCCCCCCNC(=O)Cc1ccc(CC(=O)N*)cc1,816.4765
*Cc1cccc(CNC(=O)CCCCC(=O)N*)c1,925.1325
*Cc1cccc(CNC(=O)c2ccccc2-c2ccccc2C(=O)N*)c1,1250.8734
*Cc1ccc(CNC(=O)CC(C)(C)CC(C)C(=O)N*)cc1,200.1365
*Cc1ccc(CNC(=O)CCCCCCCCCCC(=O)N*)cc1,1570.964
*Cc1ccc(CNC(=O)CCCCCCCCCC(=O)N*)cc1,99.3793
*Cc1ccc(CNC(=O)CCCCCCCCC(=O)N*)cc1,106.642
*Cc1cccc(CNC(=O)CCC2(CCC(=O)N*)c3ccccc3-c3ccccc32)c1,41.3755
*CCCC(C)(C)CNC(=O)CCCCC(=O)N*,2878.1644
*Cc1ccc(CNC(=O)CCCCCCCCCCCC(=O)N*)cc1,3873.7841
*CCC(C)(C)CC(C)CNC(=O)CCCCC(=O)N*,203.6383
*CCCC(C)(C)CNC(=O)CCCCCCCC(=O)N*,1570.9179
*CCCC(C)(C)CNC(=O)c1ccc(C(=O)N*)cc1,2273.0949
*CCCC(C)(C)CNC(=O)C(=O)N*,2339.2782
*CCCC(C)(C)CNC(=O)CCCCCC(=O)N*,22.8737
*CCCCCCCCCCCCNC(=O)CCc1ccc(CCC(=O)N*)cc1,2350.1527
*CCCC(CCNC(=O)c1ccc(C(=O)N*)cc1)C(C)C,983.3241
*CCCCCCCNC(=O)c1ccc(C(=O)N*)cc1,796.6333
*CCC(C)(C)CC(C)CNC(=O)c1ccc(C(=O)N*)cc1,3709.0558
*CCCCCCCCCNC(=O)c1ccc(C(=O)N*)cc1,69.925
*CCCCCCCCCCCCNC(=O)c1ccc(C(=O)N*)cc1,3398.9262
*CCCC(C)(C)CCCNC(=O)c1ccc(C(=O)N*)cc1,333.4459
*Cc1cc(C)c(CNC(=O)c2ccc(C(=O)N*)cc2)cc1C,5756.9655
*CCC(C)CC(C)(C)CNC(=O)c1ccc(C(=O)N*)cc1,3471.6018
*CCCCCCN(C(=O)C(F)(F)C(F)(F)C(F)(F)C(=O)N(*)C(C)C)C(C)C,7097.1361
*CCCCCCNC(=O)c1ccc(C(=O)N*)cc1,2249.3779
*CCCC(CC)CCNC(=O)c1ccc(C(=O)N*)cc1,6823.74