SMILES,POISSON
CC1(C)CC(CC(C)(C*)C1)N1C(=O)C2=CC=C(C=C2C1=O)C1=CC2=C(C=C1)C(=O)N(*)C2=O,0.305
*N1C(=O)C2=C(C=C(C=C2)C2=CC=C3C(=O)N(C(=O)C3=C2)C2=C3C=CC=C(*)C3=CC=C2)C1=O,0.301
*N1C(=O)C2=C(C=C(C=C2)C(=O)C2=CC=C3C(=O)N(C(=O)C3=C2)C2=CC=C3OCCOCCOC4=C(OCCOCCOC3=C2)C=CC(*)=C4)C1=O,0.325
FC(F)(F)C(C1=CC2=C(OC(=N2)C2=CC=C(OC3=C4C5C6=C(C=CC=C6)C(C6=C5C=CC=C6)C4=C(OC4=CC=C(*)C=C4)C=C3)C=C2)C=C1)(C1=CC=C2OC(*)=NC2=C1)C(F)(F)F,0.33
CC1(C)CC(C)(C2=CC(=CC=C12)N1C(=O)C2=CC=C(C=C2C1=O)C(=O)C1=CC2=C(C=C1)C(=O)N(*)C2=O)C1=CC=C(*)C=C1,0.276
*C*,0.376
*CC(*)C,0.323
*CC(*)CC,0.329
*CC(*)CCC,0.334
*CC(*)C(C)C,0.332
*CC(*)CCCC,0.301
*CC(*)CC(C)C,0.307
*CC(*)CCCCC,0.309
*CC(*)CCC(C)C,0.307
*CC(*)CCC(C)CC,0.295
*CC(*)CCCCCCC,0.332
*CC(*)CCCCCCCC,0.344
*CC(*)(C)C,0.181
*CC(*)(C)CC,0.239
*CCC(*)(C)C,0.339
*CCCC(*)(C)C,0.31
*CCCC(*)(C)CC,0.337
*CCCCCCCC(*)C,0.378
*CC(*)C1CC1,0.321
*CC(*)CC1CCCCC1,0.297
*CC1CCC(*)C1,0.338
*CC(*)CCCCCCCCCC,0.357
*CC(*)CCCCCCCCCCCC,0.343
*CC(*)CCCCCCCCCCCCCCCC,0.366
*CC(*)C(C)CC,0.325
*CC(*)CC(C)CC,0.293
*CC(*)CC(C)(C)C,0.201
*/C=C/CCC*,0.353
*/C=C/CC*,0.355
*/C=C/CC*,0.332
*/C=C/CCCCCCCC*,0.369
*CC(*)CCCCCCCCCCCCCCCCCCCC,0.371
*/C=C/CCCCCCCCCC*,0.401
*CC(*)CCCCCCCCCCCCCC,0.335
*/C=C/CCCCCC*,0.377
*CC(*)CCCCCCCCCCCCC,0.353
*CC(*)CCCCCCCCCCC,0.352
*CC(*)CCCCCCCCC,0.35
*CC(*)C1CC=CCC1,0.133
*C1CCC1*,0.276
*/C=C/*,0.328
*/C=C/CCCCC*,0.391
*/C=C/C(C*)C(C)CC,0.328
*/C=C/CCCCCCCCCC*,0.391
*/C=C/*,0.365
*CC1(*)CCCCC1,0.303
*CC/C=C(/*)C(C)(C)C,0.252
*CC(*)c1ccccc1,0.21
*CC(*)c1ccccc1C,0.263
*CC(*)c1ccccc1CC,0.232
*CC(*)c1ccccc1COC,0.29
*CC(*)c1ccccc1COCC,0.303
*CC(*)c1ccccc1COCCC,0.31
*CC(*)c1ccccc1COC(C)C,0.282
*CC(*)c1ccccc1COCCCC,0.31
*CC(*)c1ccccc1COCCCCC,0.289
*CC(*)c1ccccc1COCCC(C)C,0.325
*CC(*)c1ccccc1COCc1ccccc1,0.288
*CC(*)c1ccccc1COCCc1ccccc1,0.294
*CC(*)c1ccccc1C(=O)NC,0.311
*CC(*)c1ccccc1C(=O)N(C)C,0.282
*CC(*)c1ccccc1C(=O)Nc1ccccc1,0.323
*CC(*)c1ccccc1C(=O)O,0.295
*CC(*)c1ccccc1C(=O)OC,0.321
*CC(*)c1ccccc1C(=O)OCC,0.333
*CC(*)c1ccccc1C(=O)OCCC,0.311
*CC(*)c1ccccc1C(=O)OC(C)C,0.281
*CC(*)c1ccccc1C(=O)OCCCC,0.305
*CC(*)c1ccccc1C(=O)OCC(C)C,0.311
*CC(*)c1ccccc1C(=O)OCCCCC,0.306
*CC(*)c1ccccc1C(=O)OCCC(C)C,0.326
*CC(*)c1ccccc1C(=O)OCCCCCC,0.318
*CC(*)c1ccccc1C(=O)Oc1ccccc1,0.299
*CC(*)c1ccccc1C(=O)OCCN(C)C,0.327
*CC(*)c1ccc(C(=O)OCCN(C)C)cc1,0.297
*CC(*)c1cccc(C)c1,0.308
*CC(*)c1cccc(CC)c1,0.256
*CC(*)c1cccc(-c2ccc(-c3ccccc3)cc2)c1,0.304
*CC(*)c1cccc(Cl)c1,0.259
*CC(*)c1cccc(F)c1,0.151
*CC(*)c1ccc(C)cc1,0.209
*CC(*)c1ccc(C(C)C)cc1,0.311
*CC(*)c1ccc(CCCC)cc1,0.272
*CC(*)c1ccc(C(C)(C)C)cc1,0.289
*CC(*)c1ccc(C(C)CC)cc1,0.309
*CC(*)c1ccc(CCCCCC)cc1,0.31
*CC(*)c1ccc(CCCCCCCC)cc1,0.31
*CC(*)c1ccc(CCCCCCCCC)cc1,0.328
*CC(*)c1ccc(CCCCCCCCCC)cc1,0.319
*CC(*)c1ccc(CCCCCCCCCCCC)cc1,0.345
*CC(*)c1ccc(CCCCCCCCCCCCCC)cc1,0.333
*CC(*)c1ccc(CCCCCCCCCCCCCCCC)cc1,0.331
*CC(*)c1ccc(CCCCCCCCCCCCCCCCCC)cc1,0.345
*CC(*)c1ccc(-c2ccccc2)cc1,0.289
*CC(*)c1ccc(Cl)cc1,0.255
*CC(*)c1ccc(/C(C)=N/O)cc1,0.314
*CC(*)c1ccc(C(C)(C)O)cc1,0.287
*CC(*)c1ccc(COC)cc1,0.254
*CC(*)c1ccc(COCCC)cc1,0.273
*CC(*)c1ccc(COCCCCCC)cc1,0.297
*CC(*)c1ccc(COCCOCCCC)cc1,0.288
*CC(*)c1ccc(C(=O)N(C)C)cc1,0.273
*CC(*)c1ccc(C(=O)N(CC)CC)cc1,0.274
*CC(*)c1ccc(C(=O)N2CCCCC2)cc1,0.291
*CC(*)c1ccc(C(=O)CCN2CCCCC2)cc1,0.349
*CC(*)c1ccc(C(=O)N2CCOCC2)cc1,0.318
*CC(*)c1ccc(C(=O)OC)cc1,0.289
*CC(*)c1ccc(F)cc1,0.176
*CC(*)c1ccc(I)cc1,0.243
*CC(*)c1ccc(N(C)C)cc1,0.284
*CC(*)c1ccc(OCC)cc1,0.292
*CC(*)c1ccc(OCCC)cc1,0.267
*CC(*)c1ccc(OCCCC)cc1,0.272
*CC(*)c1ccc(OCCC(C)C)cc1,0.283
*CC(*)c1ccc(C)cc1C,0.328
*CC(*)c1ccc(C(C)C)cc1C(C)C,0.265
*CC(*)c1ccc(F)cc1C,0.306
*CC(*)c1ccc(Cl)cc1C,0.284
*CC(*)c1ccc(Cl)cc1Cl,0.302
*CC(*)c1cc(C)ccc1C,0.24
*CC(*)c1cc(C(C)(C)C)ccc1C,0.28
*CC(*)c1cc(C(C)C)ccc1C(C)C,0.224
*CC(*)c1cc(Cl)ccc1Cl,0.329
*CC(*)c1cc(F)ccc1F,0.244
*CC(*)c1cc(C)ccc1F,0.258
*CC(*)c1cc(Br)ccc1OCCCC,0.272
*CC(*)c1cc(Br)ccc1OCC,0.223
*CC(*)c1cc(C)cc(C)c1,0.276
*CC(*)c1c(F)c(F)c(F)c(F)c1F,0.243
*CC(*)(C)c1ccccc1,0.122
*CC(*)(C)c1ccc(C(C)C)cc1,0.313
*C(F)(F)C(*)(F)c1ccccc1,0.337
*CC(*)c1cccc2ccccc12,0.303
*CC(*)c1ccc(C(C)=O)cc1,0.287
*CC(*)(C(=O)OC)c1ccccc1,0.184
*CC(*)(C)c1ccc(C)cc1,0.293
*CC(*)n1cc2ccccc2n1,0.488
*CC(c1ccccn1)C(c1ccccc1)C(*)c1ccccn1,0.169
*CC(*)c1ccc(O)cc1,0.194
*CC(*)c1ccc(OC(C)=O)cc1,0.259
*CC(*)c1ccc(CCC)cc1,0.292
*CC(*)c1ccc(COCCCCCCOc2ccc(-c3ccc(OC)cc3)cc2)cc1,0.322
*CC(*)c1ccc(COCC(CC)CCCC)cc1,0.297
*CC(*)c1ccc(COCCOCCCCCCCC)cc1,0.334
*CC(CC(*)(C#N)C(=O)OC)c1ccccc1,0.237
*CC(*)c1ccc(C(=O)O)c(C(=O)O)c1,0.285
*C([2H])([2H])C(*)([2H])c1c([2H])c([2H])c([2H])c([2H])c1[2H],0.204
*CC(*)O,0.322
*CC(*)C=O,0.299
*CC(*)OC(=O)CCCCCCCCCCC,0.373
*CC(*)OC(=O)CCCCCCCCCCCCCCC,0.368
*CC(*)OC(=O)CCCCCCCCCCCCCCCCC,0.371
*CC(*)C(C)=O,0.301
*CC(*)C(=O)C(C)C,0.301
*CC(*)(C)C(C)=O,0.346
*CC(*)C#N,0.326
*CC(*)(C)C#N,0.35
*CC(*)c1ccccn1,0.166
*CC(*)OC,0.311
*CC(*)OCC,0.312
*CC(*)OC(C)=O,0.308
*CC(*)OC(=O)CC,0.299
*CC(*)OC(=O)c1ccccc1,0.192
*CC(*)CCCN(CC(C)C)CC(C)C,0.281
*CC(*)O[N+](=O)[O-],0.336
*/C=C/C(C)C(*)C(=O)OC,0.311
*CC(*)OC(C)C,0.293
*CC(*)CCc1ccccc1C,0.346
*CC(*)CCc1ccc(C)cc1,0.272
*CC(*)Cc1cc(C)ccc1C,0.244
*CC(*)Cc1ccc(C)c(C)c1,0.282
*CC(*)Cc1cc(C)cc(C)c1,0.264
*CC(*)C(=O)C1CCCCC1,0.315
*CC(*)C(=O)c1ccccc1O,0.286
*CC/C=C(/*)c1ccccc1,0.193
*CC(*)C(=O)c1ccc(C(C)(C)C)cc1,0.327
*CC(*)C(=O)c1ccc(CC)cc1,0.288
*CC(*)C(=O)c1ccc(C)cc1,0.268
*CC(*)OC(=O)c1ccc(OC(=O)CCC)cc1,0.226
*CC(*)OC(=O)C1(F)C(F)(F)C(F)(F)C(F)(F)C(F)(F)C1(F)F,0.324
*CC(*)c1cccs1,0.238
*C1Cc2ccccc2C1*,0.335
*CCC/C=C(/*)c1ccc(OC)cc1,0.344
*CCC/C=C(/*)c1ccccc1,0.212
*CCC/C=C(/*)c1ccc(Cl)cc1,0.323
*CC(*)CNc1ccc([N+](=O)[O-])cc1,0.298
*CC(*)CNc1ccc([N+](=O)[O-])cn1,0.305
*CC(*)CNc1ccc([N+](=O)[O-])cc1C,0.315
*CC(*)CNc1ccc([N+](=O)[O-])c(C(F)(F)F)c1,0.281
*CC(*)CNc1ccc([N+](=O)[O-])cc1[N+](=O)[O-],0.33
*CC1CC(*)C(OC(=O)CCCCCCCCCCOc2ccc(-c3ccc(C#N)cc3)cc2)C1OC(=O)CCCCCCCCCCOc1ccc(-c2ccc(C#N)cc2)cc1,0.327
*CC1CC(*)C(OC(=O)CCCCCCCCCCOc2ccc(-c3ccc(C#N)cc3)cc2)C1,0.318
*CCC1CC(OC(=O)CCCCCCCCCCOc2ccc(-c3ccc(C#N)cc3)cc2)CC1*,0.306
*CC(*)n1ccnc1,0.318
*CC(*)OC(=O)CCCCCCCCCCCCCCCCCCCCC,0.365
*CC(*)OCCCCCCCCCCCCCCCCCC,0.36
*CC(*)OC(=O)c1ccc(C#N)cc1,0.29
*CC(*)OCC(C)(C)CC(C)C,0.288
*C(F)(F)C(*)(F)OC(F)C(F)F,0.282
*CC(*)C(=O)c1ccc(Br)cc1,0.268
*CC(*)OC(=O)CC1CCCC1,0.353
*CC(*)N1CCCC1=O,0.296
*CCC1CC2C(CC(*)C2OC(=O)CCCCCCCCCCOc2ccc(-c3ccc(C#N)cc3)cc2)C1OC(=O)CCCCCCCCCCOc1ccc(-c2ccc(C#N)cc2)cc1,0.313
*CC(*)C(=O)O,0.3
*CC(*)C(=O)OC,0.231
*CC(*)C(=O)OCC,0.282
*CC(*)C(=O)OCCCC,0.312
*CC(*)C(=O)OCCCCCC,0.317
*CC(*)C(=O)OCCCCCCCCCCCCCC,0.353
*CC(*)C(=O)OCCCCCCCCCCCCCCCC,0.349
*CC(*)C(=O)OCCCCCCCCCCCCCCCCCC,0.357
*CC(*)C(=O)OCCCCCCCCCCCCCCCCCCCCCC,0.358
*CC(*)C(=O)OC(F)(C(F)(F)F)C(F)(F)F,0.16
*CC(*)(C)C(=O)OC,0.265
*CC(*)(C)C(=O)OCC,0.299
*CC(*)(C)C(=O)OCCCC,0.306
*CC(*)(C)C(=O)OC(C)CC,0.303
*CC(*)(C)C(=O)OCC(C)C,0.289
*CC(*)(C)C(=O)OC(C)(C)C,0.256
*CC(*)(C)C(=O)OCCCCCC,0.332
*CC(*)(C)C(=O)OCCCCCCCC,0.326
*CC(*)(C)C(=O)OCCCCCCCCCCCC,0.352
*CC(*)(C)C(=O)OCCCCCCCCCCCCCC,0.347
*CC(*)(C)C(=O)OCCCCCCCCCCCCCCCCCC,0.353
*CC(*)(C)C(=O)OC1CCCCC1,0.319
*CC(*)(C)C(=O)OC1CCCCC1C,0.305
*CC(*)(C)C(=O)OC1CCC(C)CC1,0.327
*CC(*)(C)C(=O)OC1CCCC(C)C1,0.294
*CC(*)(C)C(=O)OC1CC(C)CC(C)(C)C1,0.31
*CC(*)(C)C(=O)Oc1ccccc1,0.258
*CC(*)(C)C(=O)Oc1ccccc1C,0.313
*CC(*)(C)C(=O)OCc1ccccc1,0.246
*CC(*)(C)C(=O)OCCc1ccccc1,0.331
*CC(*)(C)C(=O)Oc1ccc2ccccc2c1,0.36
*CC(*)(C)C(=O)OCCF,0.308
*CC(*)(C)C(=O)OCCCl,0.308
*CC(*)(C)C(=O)OCCBr,0.297
*CC(*)(C)C(=O)OC(C)C(F)(F)F,0.213
*CC(*)(C)C(=O)OC(C(F)(F)F)C(F)(F)F,0.006
*CC(*)(C)C(=O)OC(F)(C(F)(F)F)C(F)(F)F,0.134
*CC(*)(C)C(=O)OC(C(F)(F)F)(C(F)(F)F)C(F)(F)F,0.182
*CC(*)(C)C(=O)OC(F)(C(F)(F)F)C(F)(F)Cl,0.145
*CC(*)(C)C(=O)OCC(F)(F)C(F)(F)C(F)(F)C(F)(F)C(F)(F)C(F)(F)C(F)(F)F,0.214
*CC(*)(C)C(=O)Oc1c(Cl)c(Cl)c(Cl)c(Cl)c1Cl,0.298
*CC(*)(C)C(=O)OCc1ccccc1Cl,0.322
*CC(*)(C)C(=O)OCCOCC,0.296
*CC(*)(C)C(=O)OCC1CCCO1,0.32
*CC(*)(C)C(=O)OCc1ccco1,0.256
*CC(*)(C)C(=O)OCCN(C)C,0.322
*CC(*)(C)C(=O)OCCN(CC)CC,0.309
*CC(*)(C)C(=O)OCc1cccc([N+](=O)[O-])c1,0.331
*CC(*)(Cl)C(=O)OCC,0.293
*CC(*)(Cl)C(=O)OC(C)CC,0.302
*CC(*)(Cl)C(=O)OC1CCCCC1,0.313
*CC(*)C(=O)NC(C)C,0.315
*CC(*)C(=O)N(CCCC)CCCC,0.292
*CC(*)C(=O)NCCCCCCCCCCCC,0.359
*CC(*)C(=O)NCCCCCCCCCCCCCC,0.357
*CC(*)C(=O)NCCCCCCCCCCCCCCCC,0.359
*CC(*)C(=O)NCCCCCCCCCCCCCCCCCC,0.352
*CC(*)C(=O)NCCCCCCCCCCCCCCCCCCCCCC,0.362
*CC(*)C(=O)OC(CC)CC,0.275
*CC(*)(C)C(=O)Oc1cccc(C)c1,0.351
*CC(*)C(=O)OCC(CC)CCCC,0.323
*CC(*)C(=O)OCCCCCCCCC,0.33
*CC(*)C(=O)OC1CCCCC1,0.31
*CC(*)C(=O)OC1CC(C)CC(C)(C)C1,0.309
*CC(*)(C)C(=O)OCCCCCCCCCC,0.352
*CC(*)(C)C(=O)OC1CC2CCC1(C)C2(C)C,0.181
*CC(*)(Cl)C(=O)OCCC,0.261
*CC(*)(Cl)C(=O)OCCCC,0.307
*CC(*)(C#N)C(=O)OC,0.268
*CC(*)C(=O)OCC(C)CC,0.326
*CC(*)C(=O)OC(C)CCCCC,0.332
*CC(*)C(=O)OC(C)CCCCCC,0.323
*CC(*)C(=O)OCC(CC)CC,0.302
*CC(*)C(=O)OCC(C)(C)C,0.329
*CC(*)C(=O)OC(C)CC(C)C,0.303
*CC(*)C(=O)OC(CCC(CC)CCCC)CC(C)C,0.321
*CC(*)C(=O)OCCC#N,0.297
*CC(*)C(=O)OCCSC,0.309
*CC(*)C(=O)OCCCSC,0.309
*CC(*)C(=O)OCCSCC,0.297
*CC(*)C(=O)OCCCCSC,0.323
*CC(*)C(=O)OCCCSCC,0.31
*CC(*)C(=O)OCCSCC#N,0.325
*CC(*)C(=O)OCCSCCC#N,0.305
*CC(*)C(=O)OCCSCCCC#N,0.345
*CC(*)C(=O)OCCCSCCC#N,0.333
*CC(*)C(=O)OCCCCCCSCC#N,0.354
*CC(*)C(=O)OC12CC3CC(C)(CC(C)(C3)C1)C2,0.268
*CC(*)C(=O)N1CCCCC1,0.335
*CC(*)C(=O)N1CCOCC1,0.331
*CC(*)C(=O)Oc1ccccc1,0.241
*CC(*)C(=O)Oc1ccccc1C,0.327
*CC(*)C(=O)Oc1cccc(C)c1,0.351
*CC(*)C(=O)Oc1ccc(C)cc1,0.23
*CC(*)C(=O)Oc1ccccc1C(C)(C)C,0.239
*CC(*)C(=O)Oc1ccc(C(C)(C)C)cc1,0.314
*CC(*)C(=O)Oc1ccc(OC)cc1,0.303
*CC(*)C(=O)Oc1ccc(C(=O)OCCCC)cc1,0.284
*CC(*)C(=O)Oc1ccc(-c2ccccc2)cc1,0.25
*CC(*)C(=O)OCc1ccccc1,0.298
*CC(*)C(=O)OCCc1ccccc1,0.275
*CC(*)C(=O)Oc1cccc(N(C)C)c1,0.344
*CC(*)C(=O)N(C)c1ccccc1,0.342
*CC(*)C(=O)Oc1ccc(C#N)cc1,0.259
*CC(*)C(=O)OCc1ccc(C#N)cc1,0.278
*CC(*)C(=O)Oc1ccccc1Cl,0.356
*CC(*)C(=O)Oc1ccc(Cl)cc1Cl,0.308
*CC(*)C(=O)Oc1c(Cl)c(Cl)c(Cl)c(Cl)c1Cl,0.312
*CC(*)C(=O)Oc1cccc2ccccc12,0.299
*CC(*)C(=O)N(C)C,0.262
*CC(*)C(=O)NCCCC,0.329
*CC(*)C(=O)NC(C)CC,0.317
*CC(*)C(=O)NC(C)(C)C,0.297
*CC(*)C(=O)N(C(C)C)C(C)C,0.426
*CC(*)(C)C(=O)OCCCCC,0.312
*CC(*)(C)C(=O)OCC(CC)CCCC,0.321
*CC(*)(C)C(=O)OCCC(C)(C)C,0.295
*CC(*)(C)C(=O)OC(C)C(C)(C)C,0.288
*CC(*)(C)C(=O)OCCC(C)CC(C)(C)C,0.289
*CC(*)(C)C(=O)OCCOC,0.307
*CC(*)(C)C(=O)OCCNC(C)(C)C,0.281
*CC(*)(C)C(=O)OCCC#N,0.31
*CC(*)(C)C(=O)OCC[N+](=O)[O-],0.303
*CC(*)(C)C(=O)OC(F)(F)C(F)(F)C(F)(F)C(F)(F)C(F)(F)C(F)(F)C(F)(F)C(F)(F)F,0.098
*CC(*)(C)C(=O)OCCS(=O)CC,0.314
*CC(*)(C)C(=O)OCC1(C)COCOC1,0.281
*CC(*)(C)C(=O)OCC1(C)COC(C)(C)OC1,0.335
*CC(*)(C)C(=O)OCC(C)(C)C1OCC(C)(C)CO1,0.271
*CC(*)(C)C(=O)OC12CC3CC(CC(C3)C1)C2,0.288
*CC(*)(C)C(=O)OC12CC3CC(C)(CC(C)(C3)C1)C2,0.273
*CC(*)(C)C(=O)Oc1ccc(CC#N)cc1,0.274
*CC(*)(CC)C(=O)OCC,0.292
*CC(*)(CC(=O)OCC)C(=O)OCC,0.274
*CC(*)(CC(=O)OCCCC)C(=O)OCCCC,0.285
*CC(*)(C#N)C(=O)OCCCC,0.289
*CC(*)(CF)C(=O)OC,0.308
*CC(*)(CF)C(=O)OCC,0.305
*CC(*)(Cl)C(=O)OC(C)C,0.285
*CC(*)(CC(=O)OC1CCCCC1)C(=O)OC1CCCCC1,0.288
*CC(*)(CC(=O)Oc1ccccc1)C(=O)Oc1ccccc1,0.152
*CC(*)(CC(=O)OCc1ccccc1)C(=O)OCc1ccccc1,0.229
*CC(*)(CC(=O)OCCc1ccccc1)C(=O)OCCc1ccccc1,0.299
*CC(*)(CC(=O)OCCCc1ccccc1)C(=O)OCCCc1ccccc1,0.295
*CC(*)C(=O)Oc1ccc(Cl)cc1,0.23
*CC(*)(C)C(=O)Oc1ccc(C#N)cc1,0.257
*CC(*)C(=O)OCCC(C)C,0.289
*CC(*)C(=O)OCC(C)CCC,0.299
*CC(*)C(=O)OCCC(C)OC,0.302
*CC(*)(C)C(=O)OC1CCC(C(C)(C)C)CC1,0.316
*CC(*)(C)C(=O)OCC(C)(C)C,0.25
*CC(*)(C)C(=O)Oc1ccc(C(C)(C)C)cc1,0.291
*CC(*)(C)C(N)=O,0.248
*CC(*)(C)C(=O)Oc1ccc(C)cc1,0.205
*C1C(=O)N(C2CCCCC2)C(=O)C1*,0.283
*CC(*)(CC(=O)OCCCCC)C(=O)OCCCCC,0.292
*CC(*)(CC(=O)OCCCCCC)C(=O)OCCCCCC,0.343
*CC(*)(CC(=O)OCCC)C(=O)OCCC,0.283
*CC(*)(CC(=O)Oc1ccccc1C)C(=O)Oc1ccccc1C,0.285
*CC(*)(CC(=O)Oc1cccc(C)c1)C(=O)Oc1cccc(C)c1,0.294
*CC(*)(CC(=O)Oc1ccc(C)cc1)C(=O)Oc1ccc(C)cc1,0.185
*CC(*)(C#N)C(=O)OCC,0.309
*CCC(C(=O)OCC)C(*)C(=O)OCC,0.32
*C1C(=O)N(c2ccccc2)C(=O)C1*,-0.002
*C1C(=O)N(c2ccc(C)cc2)C(=O)C1*,0.22
*CC(*)(C)C(=O)Oc1ccc(C)cc1C,0.294
*CC(*)(C)C(=O)OCCN(CC)S(=O)(=O)C(F)(F)C(F)(F)C(F)(F)C(F)(F)C(F)(F)C(F)(F)C(F)(F)C(F)(F)F,0.273
*CC(*)(C#N)C(=O)OCCCCCC,0.35
*CC(*)(C)C(=O)OCC1CO1,0.286
*CC(*)(C)C(=O)OCCCCCCOc1ccc(-c2ccc(OC)cc2)cc1,0.314
*CC(*)(C)C(=O)OCCN(CC)c1ccc(/N=N/c2ccc([N+](=O)[O-])cc2)cc1,0.322
*CC(*)C(=O)OCCN(CC)c1ccc(/N=N/c2ccc([N+](=O)[O-])cc2)cc1,0.317
*CC(*)C(=O)OCCCCCC(=O)Oc1ccc(-c2ccc(C#N)cc2)cc1,0.305
*CCCC(*)(C)C(=O)O,0.325
*CC(*)(C)C(=O)NC(=O)OC(C)COc1c(Br)cc(S(=O)(=O)c2cc(Br)c(OCC(C)O)c(Br)c2)cc1Br,0.336
*CC(*)C(=O)OCCCCCCOc1ccc(C(=O)Oc2ccc(C#N)cc2)cc1,0.307
*CC(*)(C)C(=O)OCCCCn1c2ccccc2c2ccccc21,0.419
*CC(*)C(=O)NCCCCCC(=O)O,0.325
*CC(*)C(=O)OC(C)CCC(CC)CCCC,0.342
*CC(*)C(=O)NCCCCCCCC/C=C/CCCCCCCC,0.366
*CC(*)(C)C(=O)Oc1ccc([N+](=O)[O-])cc1,0.207
*C1C(=O)OC(=O)C1*,0.341
*CC(*)Cl,0.343
*CCCCCCCCCCC(Cl)C(*)Cl,0.372
*CC(*)CC(C)C(F)(F)F,0.218
*CCC(Cl)C(*)Cl,0.324
*/C=C/C(C*)CCC,0.328
*CC(*)C=C(C)C,0.369
*CC/C=C(/*)CCCCCCCCCC,0.328
*CC/C=C(/*)C(C)(C)C,0.265
*CC/C(C)=C(/*)C,0.387
*/C=C/C(C)C(*)C,0.383
*/C=C/C(C)(C)C(*)(C)C,0.314
*/C=C/C(C(=O)OC(C)C)C(*)C(=O)OC(C)C,0.281
*C1C=CC(*)C1,0.33
*CO*,0.334
*OC(*)C(Cl)(Cl)Cl,0.401
*OC(*)CCC#N,0.29
*CCO*,0.375
*CC(C)(C)O*,0.326
*CC(O*)c1ccccc1,0.102
*CC(COc1ccccc1)O*,0.276
*CC(COc1ccccc1C)O*,0.361
*CC(COc1cccc(C)c1)O*,0.37
*CC(COc1ccccc1Cl)O*,0.335
*CC(COc1ccc(Cl)cc1)O*,0.301
*CC(COc1ccccc1C(C)C)O*,0.334
*CCCCO*,0.377
*CCCCCCCCCCCCO*,0.399
*Oc1ccc(*)cc1,0.258
*Oc1cccc(*)c1,0.435
*Oc1c(C)cc(*)cc1C,0.315
*Oc1c(-c2ccccc2)cc(*)cc1-c1ccccc1,0.205
*Oc1ccc(Cc2ccc(*)cc2)cc1,0.265
*OC1C(C)(C)C(*)C1(C)C,0.309
*CCCCCCCCCCCCCCCCCCOCO*,0.392
*CCCCCCCCCCOCCCCCCOCCCCCCO*,0.392
*CCCCCCCCCCOCCCCCCCCCCOCCCCO*,0.4
*CCCCCCCCCCC(=O)OCCOC(=O)c1ccc(O*)cc1,0.345
*CCCCCC(=O)OCCCCCCOC(=O)c1ccc(O*)cc1,0.364
*CCCCC(=O)OCCCCCCOC(=O)c1ccc(O*)cc1,0.336
*CCCCCCCCCCC(=O)OCCCCCCOC(=O)c1ccc(O*)cc1,0.37
*CCCCCCC(=O)NCCCCCCNC(=O)CCCCCCO*,0.381
*CCCCCCCCC(=O)NCCCCCCNC(=O)CCCCCCCCO*,0.38
*CCCCCCCCC(=O)NCCCCCOCCCCCNC(=O)CCCO*,0.378
*CCCCCCCCCCC(=O)NCCCCCOCCCCCNC(=O)CCCO*,0.38
*CCCCCCCCC(=O)NCCCCCOCCCCCNC(=O)CCCCO*,0.376
*CCCCCCCCCCC(=O)NCCCCCOCCCCCNC(=O)CCCCO*,0.373
*CCCCCNC(=O)CCCCCCOCCCCCCC(=O)NCCCCCO*,0.385
*CCCCCNC(=O)CCCCCCCCOCCCCCCCCC(=O)NCCCCCO*,0.397
*CCCC(=O)NCc1ccc(CNC(=O)CCCO*)cc1,0.338
*CCCCCC(=O)NCc1ccc(CNC(=O)CCCCCO*)cc1,0.344
*CCCCCCC(=O)NCc1ccc(CNC(=O)CCCCCCO*)cc1,0.347
*CCCCCCCCC(=O)NCc1ccc(CNC(=O)CCCCCCCCO*)cc1,0.361
*Oc1ccc(S(=O)(=O)c2ccc(Oc3ccc(C(C)(C)c4ccc(*)cc4)cc3)cc2)cc1,0.298
*CCOCCOC(=O)CCCCCCCCCCCCCCCCC(=O)O*,0.384
*CCOC(=O)c1ccc(C(C)(CC)c2ccc(C(=O)O*)cc2)cc1,0.336
*Oc1ccc(S(=O)(=O)c2ccc(Oc3ccc(Cc4ccc(*)cc4)cc3)cc2)cc1,0.303
*CC(COc1ccc(-c2ccccc2)cc1)O*,0.313
*Oc1c(C)cc(*)cc1-c1ccccc1,0.212
*CC(COc1ccc(C(C)(C)c2ccc(O*)cc2)cc1)OC(C)=O,0.283
*CC(COc1ccc(C(C)(C)c2ccc(O*)cc2)cc1)OC(=O)CCl,0.287
*CC(COc1ccc(C(C)(C)c2ccc(O*)cc2)cc1)OC(=O)CC,0.306
*CC(O)COc1ccc(C(C)(C)c2ccc(O*)c(Cl)c2)cc1Cl,0.345
*CC(O)COc1c(Cl)cc(C(C)(C)c2cc(Cl)c(O*)c(Cl)c2)cc1Cl,0.315
*CC(COc1c(Cl)cc(C(C)(C)c2cc(Cl)c(O*)c(Cl)c2)cc1Cl)OC(C)=O,0.308
*CC(O)COc1ccc(C(C)(CC)c2ccc(O*)cc2)cc1,0.291
*OC1CCCCC1*,0.333
*Oc1ccc(Oc2ccc(C(=O)c3ccc(*)cc3)cc2)cc1,0.371
*Oc1ccc(S(=O)(=O)c2ccc(Oc3c(C)cc(C(C)(C)c4cc(C)c(*)c(C)c4)cc3C)cc2)cc1,0.199
*Oc1ccc(S(=O)(=O)c2ccc(Oc3ccc(C(C)(c4ccccc4)c4ccc(*)cc4)cc3)cc2)cc1,0.288
*Oc1ccc(S(=O)(=O)c2ccc(Oc3ccc(-c4ccc(*)cc4)cc3)cc2)cc1,0.343
*Oc1ccc(Oc2ccc(Oc3ccc(S(=O)(=O)c4ccc(*)cc4)cc3)cc2)cc1,0.273
*CCCCCCCCCCCCCCCCCCCCOC(=O)COCC(=O)O*,0.392
*CC(CCl)(CCl)O*,0.225
*CCOCCOC(=O)c1ccccc1-c1ccccc1C(=O)O*,0.336
*Oc1cccc(NC(=O)CCCCCCCCCCC(=O)Nc2ccc(*)cc2)c1,0.361
*Oc1ccc(NC(=O)CCCCCCCCCC(=O)Nc2ccc(*)cc2)cc1,0.33
*c1ccc(-c2nc3ccc(Oc4ccc5nc(*)c(-c6ccccc6)c(-c6ccccc6)c5c4)cc3c(-c3ccccc3)c2-c2ccccc2)cc1,0.109
*ON(C(F)(F)F)C(F)(F)C(*)(F)F,0.244
*c1ccc(Oc2ccc(-c3ccc(Oc4ccc(-c5cnc6cc(-c7ccc8nc(*)cnc8c7)ccc6n5)cc4)cc3)cc2)cc1,0.349
*CC(COc1c(C)cccc1C)O*,0.431
*Oc1ccc(C(C)(C)c2ccc(Oc3ccc(C(=O)c4ccccc4-c4ccccc4C(=O)c4ccc(*)cc4)cc3)cc2)cc1,0.292
*Oc1ccc(C(c2ccc(Oc3ccc(C(=O)c4ccccc4-c4ccccc4C(=O)c4ccc(*)cc4)cc3)cc2)(C(F)(F)F)C(F)(F)F)cc1,0.241
*Oc1ccc(Oc2ccc(C(=O)c3ccccc3-c3ccccc3C(=O)c3ccc(*)cc3)cc2)cc1,0.287
*Oc1ccc(C(C)(C)c2ccc(Oc3ccc(C(=O)Nc4ccc(-c5ccc(NC(=O)c6ccc(*)cc6)cc5C(F)(F)F)c(C(F)(F)F)c4)cc3)cc2)cc1,0.289
*CCCCCCCCCCOc1ccc(OC(=O)c2ccc(OCCCCCCOc3ccc(C(=O)Oc4ccc(O*)cc4)cc3)cc2)cc1,0.349
*c1ccc(Oc2ccc(N3C(=O)c4ccc(Oc5cc6ccccc6cc5Oc5ccc6c(c5)C(=O)N(*)C6=O)cc4C3=O)cc2)cc1,0.4
*Oc1ccc(S(=O)(=O)c2ccc(Oc3ccc(C4(c5ccc(*)cc5)c5ccccc5-c5ccccc54)cc3)cc2)cc1,0.33
*CCc1ccc(*)o1,0.354
*c1cccc(-c2nc3ccc(-c4ccc5oc(*)nc5c4)cc3o2)c1,0.357
*CS*,0.372
*SC(*)(F)F,0.297
*CCS*,0.351
*CCCCCCCCCCSCCCCCCS*,0.383
*CCCCCCCCCCCSCCCCCCS*,0.385
*Sc1ccc(*)cc1,0.255
*OC(=O)CCSc1ccc(SCCC(*)=O)cc1,0.316
*OC(=O)CSCc1ccc(CSCC(*)=O)cc1,0.304
*OC(=O)CCSCc1ccc(CSCCC(*)=O)cc1,0.309
*CCCCCC(=O)NCc1ccc(CNC(=O)CCCCCS*)cc1,0.348
*CCCCCCCCC(=O)NCc1ccc(CNC(=O)CCCCCCCCS*)cc1,0.362
*CCCCCCCCCCC(=O)NCc1ccc(CNC(=O)CCCCCCCCCCS*)cc1,0.358
*CCCCC(=O)NCCc1ccc(CCNC(=O)CCCCS*)cc1,0.357
*CCCCCCC(=O)NCCc1ccc(CCNC(=O)CCCCCCS*)cc1,0.369
*CCCCCCCCC(=O)NCCc1ccc(CCNC(=O)CCCCCCCCS*)cc1,0.371
*CCCCCCCCCCC(=O)NCCc1ccc(CCNC(=O)CCCCCCCCCCS*)cc1,0.361
*CCc1ccc(Cc2ccc(CCS*)cc2)cc1,0.273
*CCCCCCCCCCSSCCCCCCSS*,0.337
*CCCCCCCCCCCCCCCCCCCCOC(=O)CCCCSCCCCC(=O)O*,0.384
*CCS/C(=N\c1ccccc1)S*,0.24
*CCCCSSCCCSS*,0.343
*CCCCOC(=O)SSSSC(=O)O*,0.431
*CCCC1CCN(C(=O)SSCCCCSSC(=O)N2CCC(*)CC2)CC1,0.302
*CCOC(=O)CCCCSCCCCC(=O)O*,0.382
*OC(C)COC(=O)CCCCSCCCCC(*)=O,0.367
*Sc1c(C)cc(*)cc1C,0.104
*c1ccc2c(c1)SC1=Nc3cc(-c4ccc5c(c4)N=C4Sc6cc(*)ccc6N=C4N5)ccc3NC1=N2,0.38
*CCCCCCCCCCOC(=O)CCCCCCC(=O)O*,0.384
*CCCCCCCCCOC(=O)CCCCCCCC(=O)O*,0.407
*CCCCCCCCCCOC(=O)CCCCCCCC(=O)O*,0.395
*CCCCCCCCCCOC(=O)CCCCCCCCC(=O)O*,0.402
*CCOC(=O)c1ccc(C(=O)O*)cc1,0.305
*Oc1c(Cl)cc(C(C)(C)c2cc(Cl)c(OC(=O)CCCCC(*)=O)c(Cl)c2)cc1Cl,0.316
*Oc1ccc(C(C)(C)c2ccc(OC(=O)c3ccc(C(*)=O)cc3)cc2)cc1,0.327
*Oc1ccc(C(C)(C)c2ccc(OC(=O)c3cccc(C(*)=O)c3)cc2)cc1,0.282
*CCCCCC(=O)O*,0.383
*CCCCCCCCCCCCCCC(=O)O*,0.375
*CCCCCCCCCCOC(=O)CCCCCCCCCCCCCCCCC(=O)O*,0.386
*CCCCCCCCCCCCOC(=O)CCCCC(=O)O*,0.376
*CCCCCCCCCCCCOC(=O)CCCCCCC(=O)O*,0.393
*CCCCCCCCCCCCCCOC(=O)CCCCC(=O)O*,0.374
*CCCCCCCCCCCCCCOC(=O)CCCCCCC(=O)O*,0.38
*CCCCCCCCCCCCCCCCOC(=O)CCCCCCC(=O)O*,0.373
*OC(C)COC(=O)/C=C(/CC(*)=O)c1cc(C)ccc1OC,0.311
*CCCCOC(=O)C/C(=C/C(=O)O*)c1ccc(OCC)cc1,0.308
*CCCCCCOC(=O)C/C(=C/C(=O)O*)c1ccc(OCC)cc1,0.343
*OC(C)COC(=O)/C=C(/CC(*)=O)c1ccc(OCC)cc1,0.309
*CC(CCCCCCCCCCCCCCCC)C(CCCCCCCCCCCCCCCC)COC(=O)c1ccc(C(=O)O*)cc1,0.36
*Oc1ccc(-c2ccc(OC(=O)CCCCCC(*)=O)cc2)cc1,0.303
*Oc1ccc(-c2ccc(OC(=O)CCCCCCC(*)=O)cc2)cc1,0.301
*Oc1ccc(-c2ccc(OC(=O)CCCCCCCC(*)=O)cc2)cc1,0.314
*Oc1ccc(-c2ccc(OC(=O)CCCCCCCCC(*)=O)cc2)cc1,0.312
*Oc1ccc(-c2ccc(OC(=O)CCCCCCCCCC(*)=O)cc2)cc1,0.31
*Oc1ccc(-c2ccc(OC(=O)CCCCCCCCCCC(*)=O)cc2)cc1,0.304
*Oc1ccc(-c2ccc(OC(=O)CCCCCCCCCCCC(*)=O)cc2)cc1,0.309
*CCCOC(=O)CCCCCCCCCCCCCCCCC(=O)O*,0.389
*OC(c1ccc(Cl)cc1)C(C)(C)C(*)=O,0.244
*OC(c1ccc(OC)cc1)C(C)(C)C(*)=O,0.266
*Cc1ccc(-c2ccc(C(=O)O*)cc2)cc1,0.316
*CC1CCC(COC(=O)CCCCCCCC(=O)O*)CC1,0.374
*CC1CCC(COC(=O)CCCC(=O)O*)CC1,0.392
*CC1CCC(COC(=O)c2cccc(C(=O)O*)c2)CC1,0.405
*CC1CCC(COC(=O)CCCCCC(=O)O*)CC1,0.385
*CC1CCC(COC(=O)CCCCCCCCC(=O)O*)CC1,0.402
*CCCCCCCCCCOC(=O)CCCCCNC(=O)CCCCC(=O)NCCCCCC(=O)O*,0.377
*CCCCCCCCCCOC(=O)c1ccccc1-c1ccccc1C(=O)O*,0.381
*CCCCCCCCCCOC(=O)c1ccc(NC(=O)O*)cc1,0.347
*CCCCCCCCCCOC(=O)CCCCCNC(=O)c1ccc(C(=O)NCCCCCC(=O)O*)cc1,0.375
*CCCCCCCCCCCCOC(=O)CCCCCNC(=O)CCCCC(=O)NCCCCCC(=O)O*,0.372
*CCCCCCCCCCCCOC(=O)CCCCCNC(=O)c1ccc(C(=O)NCCCCCC(=O)O*)cc1,0.369
*CCCCCCCCCCCCCCCCCCCCOC(=O)CCCCC(=O)O*,0.369
*CCCCCCCCCCCCCCCCCCCCOC(=O)CCC(C)CC(=O)O*,0.385
*CCCCCCCCCCCCCCCCCCCCOC(=O)CCCCCCCC(=O)O*,0.39
*CCCCCCCCCCCCCCCCCCCCOC(=O)c1cccc(-c2cccc(C(=O)O*)c2)c1,0.359
*CCCCCCCCCCCCCCCCCCCCOC(=O)c1ccc(-c2ccc(C(=O)O*)cc2)cc1,0.37
*CCCCCCCCCCCCCCCCCCCCOC(=O)CCCC(=O)O*,0.369
*CCCCCCCCCCCCCCCCCCCCOC(=O)c1cccc(C(=O)O*)c1,0.391
*CCCCCCCCCCCCCCCCCCCCOC(=O)CC(=O)O*,0.372
*CCCCCCCCCCCCCCCCCCCCOC(=O)C(=O)O*,0.373
*CCCCCCCCCCCCCCCCCCCCOC(=O)c1ccccc1C(=O)O*,0.372
*CCCCCCCCCCCCCCCCCCCCOC(=O)CCCCCC(=O)O*,0.387
*CCCCCCCCCCCCCCCCCCCCOC(=O)CCCCCCC(=O)O*,0.393
*OC(C)COC(=O)c1ccccc1-c1ccccc1C(*)=O,0.327
*OC(C)COC(=O)c1cccc(-c2cccc(C(*)=O)c2)c1,0.323
*OC(C)COC(=O)c1ccc(-c2ccc(C(*)=O)cc2)cc1,0.322
*CCOC(=S)c1cccc(C(=S)O*)c1,0.317
*CCCCCCOC(=O)c1ccccc1-c1ccccc1C(=O)O*,0.341
*CCCCCCOC(=O)c1cccc(-c2cccc(C(=O)O*)c2)c1,0.354
*CCCCCCOC(=O)CCCCCNC(=O)c1ccc(C(=O)NCCCCCC(=O)O*)cc1,0.354
*CCCCCCOC(=O)CCCS(=O)(=O)Cc1ccc(CS(=O)(=O)CCCC(=O)O*)cc1,0.324
*Oc1ccc(Cc2ccc(OC(=O)CCCCC(*)=O)cc2)cc1,0.269
*CCCCCOC(=O)c1ccccc1-c1ccccc1C(=O)O*,0.31
*CCCCCOC(=O)c1cccc(-c2cccc(C(=O)O*)c2)c1,0.354
*CCCCCOC(=O)c1ccccc1C(=O)O*,0.346
*CCc1ccc(CCOC(=O)CCc2ccc(CCC(=O)O*)cc2)cc1,0.288
*Oc1ccc(/C=N/c2ccc(/N=C/c3ccc(OC(=O)CCCCC(*)=O)c(OC)c3)cc2)cc1OC,0.273
*Oc1ccc(/C=N/c2ccc(/N=C/c3ccc(OC(=O)c4cccc(C(*)=O)c4)c(OC)c3)cc2)cc1OC,0.281
*Oc1ccc(/C=N/c2ccc(/N=C/c3ccc(OC(=O)CCCCCCCCC(*)=O)c(OC)c3)cc2)cc1OC,0.291
*CCc1ccc(CCOC(=O)c2ccc(C(=O)O*)cc2)cc1,0.281
*CCCCCc1ccc(CCCCCOC(=O)c2ccc(C(=O)O*)cc2)cc1,0.356
*CCCCc1ccc(CCCCOC(=O)c2ccc(C(=O)O*)cc2)cc1,0.348
*CCCc1ccc(CCCOC(=O)c2ccc(C(=O)O*)cc2)cc1,0.333
*CCC(=O)Oc1ccc(OC(=O)CCN2CCN(*)CC2)cc1,0.316
*CCCCCCCCCCCCCCOC(=O)c1ccc(C(=O)NCCCCCNC(=O)c2ccc(C(=O)O*)cc2)cc1,0.356
*CCCCCCCCCCCCCCOC(=O)c1ccc(C(=O)NCCCCCCNC(=O)c2ccc(C(=O)O*)cc2)cc1,0.355
*CCCCCCCCCCCCCCOC(=O)c1ccc(C(=O)NCCNC(=O)c2ccc(C(=O)O*)cc2)cc1,0.363
*CCCCOC(=O)CCCCCNC(=O)CCCCC(=O)NCCCCCC(=O)O*,0.373
*CCCCOC(=O)CCCCCCCC(=O)O*,0.381
*CCCCOC(=O)c1ccccc1-c1ccccc1C(=O)O*,0.327
*CCCCOC(=O)c1cccc(-c2cccc(C(=O)O*)c2)c1,0.331
*CCCCOC(=O)c1ccc(-c2ccc(C(=O)O*)cc2)cc1,0.332
*CCCCOC(=S)c1cccc(C(=S)O*)c1,0.316
*CCCCOC(=O)CCCCCNC(=O)c1ccc(C(=O)NCCCCCC(=O)O*)cc1,0.365
*CCCOC(=O)C1CCC(C(=O)O*)CC1,0.361
*CCCOC(=O)c1ccccc1-c1ccccc1C(=O)O*,0.339
*OC(C)CCOC(=O)c1ccccc1-c1ccccc1C(*)=O,0.331
*CCCOC(=O)c1cccc(-c2cccc(C(=O)O*)c2)c1,0.318
*OC(C)CCOC(=O)c1cccc(-c2cccc(C(*)=O)c2)c1,0.333
*CCCOC(=O)c1ccc(-c2ccc(C(=O)O*)cc2)cc1,0.366
*CCCOC(=O)Cc1ccc(CC(=O)O*)cc1,0.292
*Cc1ccc(COC(=O)CCCCCCCCCCC(=O)O*)cc1,0.327
*Cc1ccc(COC(=O)CCCCCCC(=O)O*)cc1,0.32
*Oc1c(C)cc(C(C)(C)c2cc(C)c(OC(=O)CCCCC(*)=O)c(C)c2)cc1C,0.243
*Oc1ccc(C(C)(C)c2ccc(OC(=O)CCCCC(*)=O)cc2)cc1,0.273
*CCC(C)CCC(=O)O*,0.345
*Oc1c(C)cc(C(C)(C)c2cc(C)c(OC(=O)CCCCCCCCC(*)=O)c(C)c2)cc1C,0.282
*Oc1ccc(C(C)(C)c2ccc(OC(=O)CCCCCCCCC(*)=O)cc2)cc1,0.321
*Oc1c(C)cc(C(C)(C)c2cc(C)c(OC(=O)CCCCCC(*)=O)c(C)c2)cc1C,0.284
*Oc1cc(CCC)cc(OC(=O)c2cccc(C(*)=O)c2)c1,0.361
*CCCCCCCCCCCCOC(=O)c1cccc(C(=O)O*)c1,0.382
*CCOC(=O)CCCCCNC(=O)c1ccc(C(=O)NCCCCCC(=O)O*)cc1,0.36
*CCCCOC(=O)c1ccc(C(C)(C)c2ccc(C(=O)O*)cc2)cc1,0.351
*Oc1cccc(OC(=O)c2ccc(C(C)(C)c3ccc(C(*)=O)cc3)cc2)c1,0.343
*Oc1ccc(C(C)(C)c2ccc(OC(=O)CN(CC(*)=O)c3ccc(/N=N/c4ccc([N+](=O)[O-])cc4)cc3)cc2)cc1,0.3
*Oc1ccc(-c2ccc(-c3cc(-c4ccccc4)c(-c4ccc(-c5ccc(OC(=O)c6ccc(C(*)=O)cc6-c6ccccc6)cc5)cc4)c(-c4ccccc4)c3-c3ccccc3)cc2)cc1,0.247
*CCOC(=O)Cc1ccc(-c2ccc(CC(=O)O*)cc2)cc1,0.276
*Oc1ccc(OC(=O)CCCCCCCCC(*)=O)cc1,0.349
*Oc1ccc(C(C)(C)c2ccc(OC(=O)C(*)=O)cc2)cc1,0.231
*Oc1ccc(C(C)(C)c2ccc(OC(=O)/C=C/C(*)=O)cc2)cc1,0.285
*Cc1ccc2nc(-c3cc(-c4nc5ccc(*)cc5c(=O)o4)cc(N4C(=O)c5ccccc5C4=O)c3)oc(=O)c2c1,0.336
*CCCCNC(=O)CCCCC(=O)N*,0.361
*CCCCCCNC(=O)CCCCC(=O)N*,0.37
*CCCCCCNC(=O)CCCCCCCCC(=O)N*,0.383
*CCCCCCCCNC(=O)CCCCCCCCCCC(=O)N*,0.387
*CCCCCCCCNC(=O)CCCCCCCCCCCCCCCCCCCCC(=O)N*,0.398
*CCCCCCCCCCCC(=O)N*,0.378
*CCCCCCCCCCCCCCNC(=O)CCCCCCCCCCCCCCCCC(=O)N*,0.387
*CCCCCCCCCCCCCCCCCCNC(=O)CCCCCCCCCCCCCCCCC(=O)N*,0.387
*CCCCCCCCCCNC(=O)CCCCCCCCC(=O)N*,0.394
*CCc1ccc(CCNC(=O)CCCCCCCCCCCCCCCCC(=O)N*)cc1,0.369
*Cc1cccc(CNC(=O)/C=C(\C)C(=O)N*)c1,0.36
*CCCCCCNC(=O)c1ccc(C(C)(CC)c2ccc(C(=O)N*)cc2)cc1,0.344
*CCCCNC(=O)c1ccc(C(C)(CC)c2ccc(C(=O)N*)cc2)cc1,0.34
*Cc1ccc(CNC(=O)CCCCCCCCCCCCCCCCC(=O)N*)cc1,0.352
*CCCCCCCCCCCCCCCCCCNC(=O)CCc1ccc(CCC(=O)N*)cc1,0.361
*CCCCCCCCCNC(=O)CCCCCCCC(=O)N*,0.386
*CCCCCCCCCCNC(=O)CC/C=C/CCC(=O)N*,0.384
*CCCCCCCCCCC(=O)NCCCCCC(=O)N*,0.378
*CCNC(=O)CCCCCCCCC(=O)N*,0.371
*CCCCNC(=O)CCCCCCC(=O)N*,0.377
*CCCCNC(=O)CCCCCCCCCC(=O)N*,0.377
*CCCCCNC(=O)CCCCCCCCCCCCC(=O)N*,0.373
*CCCCCCNC(=O)CCCCCCCCCCCCC(=O)N*,0.384
*CCCCCCNC(=O)CCCCCCCCCCCCCCCCC(=O)N*,0.375
*CCCCCCCNC(=O)CCCCCCCCC(=O)N*,0.381
*CCCCCCCNC(=O)CCCCCCCCCC(=O)N*,0.378
*CCCCCCCCNC(=O)CCCCCCCC(=O)N*,0.397
*CCCCCCCCNC(=O)CCCCCCCCCCCCCCCCC(=O)N*,0.389
*CCCCCCCCCNC(=O)CCCCCCCCC(=O)N*,0.391
*CCCCCCCCCNC(=O)CCCCCCCCCC(=O)N*,0.387
*CCCCCCCCCCNC(=O)CCCCCCC(=O)N*,0.393
*CCCCCCCCCCNC(=O)CCCCCCCCCCCC(=O)N*,0.389
*CCCCCCCCCCNC(=O)CCCCCCCCCCCCC(=O)N*,0.394
*CCCCCCCCCCNC(=O)CCCCCCCCCCCCCCCCCCC(=O)N*,0.381
*CCCCCCCCCCNC(=O)CCCCCCCCCCCCCCCCCCCCC(=O)N*,0.39
*CCCCCCCCCCCNC(=O)CCCCC(=O)N*,0.385
*CCCCCCCCCCCNC(=O)CCCCCCCCC(=O)N*,0.394
*CCCCCCCCCCCCNC(=O)CCCCC(=O)N*,0.376
*CCCCCCCCCCCCNC(=O)CCCCCCCCCCCCCCCCCCCCC(=O)N*,0.391
*CCCCCCCCCCCCCCNC(=O)CCCCCCCCC(=O)N*,0.373
*CCCCCCCCCCCCCCNC(=O)CCCCCCCCCCC(=O)N*,0.382
*CCCCCCCCCCCCCCNC(=O)CCCCCCCCCCCCCCCCCCCCC(=O)N*,0.381
*CCCCCCCCCCCCCCCCCCNC(=O)CCCCCCCCC(=O)N*,0.385
*CCCCCCCCCCCCCCCCCCNC(=O)CCCCCCCCCCC(=O)N*,0.398
*CCCCCCCCCCCCCCCCCCNC(=O)CCCCCCCCCCCCCCCCCCCCC(=O)N*,0.39
*Cc1ccc(C(=O)N*)cc1,0.28
*CCCCNC(=O)c1ccc(C(=O)N*)cc1,0.344
*CCCCCCNC(=O)c1ccc(Cc2ccc(C(=O)N*)cc2)cc1,0.314
*CCCCCCNC(=O)c1ccc(C(C)(C)c2ccc(C(=O)N*)cc2)cc1,0.359
*CCCCCCNC(=O)c1ccc(C(C)c2ccc(C(=O)N*)cc2)cc1,0.34
*CCCCCCCCNC(=O)CCc1ccc(CCC(=O)N*)cc1,0.351
*CCCCCCCCCCNC(=O)c1cccc(C(=O)N*)c1,0.376
*CCCCCCCCCCNC(=O)Cc1ccc(CC(=O)N*)cc1,0.326
*CCCCCCCCCCNC(=O)CCc1ccc(CCC(=O)N*)cc1,0.351
*CCCCCCCCCCNC(=O)c1ccc(Cc2ccc(C(=O)N*)cc2)cc1,0.327
*CCCCCCCCCCCNC(=O)c1ccc(C(=O)N*)cc1,0.371
*CCCCCCCCCCCCNC(=O)Cc1ccc(CC(=O)N*)cc1,0.338
*CCCCCCCCCCCCCCNC(=O)c1ccc(C(=O)N*)cc1,0.366
*CCCCCCCCCCCCCCNC(=O)Cc1ccc(CC(=O)N*)cc1,0.343
*CCCCCCCCCCCCCCCCCCNC(=O)c1ccc(C(=O)N*)cc1,0.358
*CC1CCC(CNC(=O)CCCCC(=O)N*)CC1,0.383
*CC1CCC(CNC(=O)CCCCCCC(=O)N*)CC1,0.389
*CC1CCC(CNC(=O)CCCCCCCC(=O)N*)CC1,0.373
*Cc1ccc(CNC(=O)CCCCC(=O)N*)cc1,0.316
*CCc1ccc(CCNC(=O)CCCCCCCC(=O)N*)cc1,0.349
*CCc1ccc(CCNC(=O)CCCCCCCCCCC(=O)N*)cc1,0.354
*CCc1ccc(CCNC(=O)CCCCCCCCCCCC(=O)N*)cc1,0.364
*Cc1ccc(CNC(=O)CCCCCCCCCCCCC(=O)N*)cc1,0.345
*CCc1ccc(CCNC(=O)CCCCCCCCCCCCCCCCCCCCC(=O)N*)cc1,0.363
*CCCCCCN(C)C(=O)CCCCCCCCCCCCCCCCC(=O)N(*)C,0.37
*CCCCCCN(C)C(=O)c1ccc(C(=O)N(*)C)cc1,0.312
*CCCCCC(=O)NCc1ccc(CNC(=O)CCCO*)cc1,0.336
*CCCCCCC(=O)NCc1ccc(CNC(=O)CCCCO*)cc1,0.346
*CCCCCCCCC(=O)NCc1ccc(CNC(=O)CCCO*)cc1,0.35
*CCCCNC(=O)Cc1ccc(CNC(=O)CCCO*)cc1,0.335
*CCCCCCCCC(=O)NCc1ccc(CNC(=O)CCCCO*)cc1,0.351
*CCCCCCCCCCC(=O)NCc1ccc(CNC(=O)CCCO*)cc1,0.354
*CCCCCCCCCCC(=O)NCc1ccc(CNC(=O)CCCCO*)cc1,0.344
*CCCCCC(=O)NCc1ccc(CNC(=O)CCCCO*)cc1,0.342
*CCCCCCC(=O)NCc1ccc(CNC(=O)CCCO*)cc1,0.331
*CCCCCCCCCCC(=O)NCCCCCCNC(=O)CCCCO*,0.366
*CCCCCCCCCCC(=O)NCCCCCCNC(=O)CCCO*,0.384
*CCCCCCCCC(=O)NCCCCCCNC(=O)CCCCO*,0.384
*CCCCCCCCC(=O)NCCCCCCNC(=O)CCCO*,0.371
*CCCCCCCCCCCCCCCCCCCCCC(=O)N*,0.396
*CCCCCCCCCCNC(=O)C(CCCCCCCCCCCC)C(=O)N*,0.367
*CCCCCCCCCCNC(=O)CCCCCCCCC(=O)NCCCCCCCCCCNC(=O)C(=O)N*,0.385
*CCCCCCNC(=O)CCCCCCCCCCCCCCCCCCCCC(=O)N*,0.384
*CCCCCCNC(=O)C(CCCCCCCCCCCCCCCCC)C(=O)N*,0.378
*CCCCCCNC(=O)C(CCCCCCCCCCCCCCCC)C(=O)N*,0.369
*CCCCCCCCCNC(=O)CCCCCCCCC(=O)NCCCCCCCCCNC(=O)C(=O)N*,0.388
*CCCCCNC(=O)CCCCCCCCCCCCCCCCC(=O)N*,0.378
*CCCCCNC(=O)CCCCCCCCCCCC(=O)N*,0.382
*CCc1ccc(CCNC(=O)CCCCCCCCCCCCCCCC(=O)N*)cc1,0.362
*CCCCCCCCCCCNC(=O)CCCCCCCCC(=O)NCCCCCCCCCCCNC(=O)C(=O)N*,0.385
*CC(C)(C)COC(=O)NC1CCC(CC2CCC(NC(=O)O*)CC2)CC1,0.362
*CCCCCCCCCCCCCNC(=O)CCCCCCCCCCCC(=O)N*,0.383
*CCCCCCCCCCCCCCNC(=O)NCCCCCCNC(=O)N*,0.362
*CCCCCCCCCCNC(=O)NCCCCCCCCNC(=O)N*,0.373
*CCCC1CC(=O)N(*)C(=O)C1,0.371
*c1ccc(Cc2ccc(-n3c(=O)c4cc5c(=O)n(*)c(=O)c5cc4c3=O)cc2)cc1,0.367
*c1cccc(N2C(=O)c3ccc(Oc4ccc(C(C)(C)c5ccc(Oc6ccc7c(c6)C(=O)N(*)C7=O)cc5)cc4)cc3C2=O)c1,0.346
*c1ccc2c(c1)C(=O)N(c1ccc(C(c3ccc(N4C(=O)c5ccc(C(*)(C(F)(F)F)C(F)(F)F)cc5C4=O)cc3)(C(F)(F)F)C(F)(F)F)cc1)C2=O,0.242
*c1ccc(N2C(=O)c3ccc(-c4cccc5c4C(=O)N(*)C5=O)cc3C2=O)cc1,0.35
*Oc1ccc(C(C)(C)c2ccc(OC(*)=O)cc2)cc1,0.261
*Oc1ccc(C(C)(C)c2ccc(OC(*)=O)c(Cl)c2)cc1Cl,0.329
*CCN*,0.344
*CCN(*)C(=O)CCCCCCCCCCCCCCCCC,0.369
*CCCN*,0.349
*c1nc(-c2ccccc2)nc(N(c2ccccc2)c2ncnc(N(*)c3ccccc3)n2)n1,0.279
*c1ccc(-c2nnc(-c3cccc(-c4nnc(*)n4-c4ccccc4)c3)n2-c2ccccc2)cc1,0.27
*C(=O)C(*)(C)C,0.28
*CCCCCCS(*)(=O)=O,0.358
*CCCCCCS(=O)(=O)CCCCCS(*)(=O)=O,0.354
*CCCNS(*)(=O)=O,0.352
*CCCS(*)(=O)=O,0.325
*CC(C)(C)CS(*)(=O)=O,0.291
*CC(C)S(*)(=O)=O,0.322
*Cc1cc(*)c(N)c(C)c1N,0.352
*c1cccc(*)c1,0.411
*/C=C/c1ccc(*)cc1,0.296
*c1ccc(C2C(C(=O)OCC)C(*)C2C(=O)OCC)cc1,0.304
*c1ccc(C2C(C#N)(C(=O)OCCC)C(*)C2(C#N)C(=O)OCCC)cc1,0.291
*CCc1c(C)c(C)c(*)c(C)c1C,0.255
*CCc1cc(*)c(C)cc1C,0.37
*C1CC2C3CCC(C3)C2C1*,0.244
*CCCCCC(*)CCCCCC,0.334
*CCCCCC(*)CCCCCCCC,0.35
*CCCCCC(*)CCCCCCCCCC,0.352
*CCCCCC(*)CCCCCCCCCCCCCC,0.361
*C1C2CCC(C2)C1*,0.115
*CCC([2H])C(*)([2H])C,0.354
*C1CC2CC1C(*)C2CCCC,0.244
*C1CC2CC1C(*)C2CCCCCC,0.291
*C1CC2CC1C(*)C2CCCCCCCCCC,0.348
*CCC1CCC(*)C1,0.371
*CCC1CC(*)C2C3CCC(C3)C12,0.265
*CC(*)c1ccc(C=C)cc1,0.328
*CC(*)c1cc(OC(C)CC)ccc1OC(C)CC,0.298
*CC(*)c1c([2H])c([2H])c([2H])c([2H])c1[2H],0.199
*CC(*)c1ccc(-c2ccc3c(c2)C(CCCCCC)(CCCCCC)c2cc(-c4ccc5c(c4)C(CCCCCC)(CCCCCC)c4ccccc4-5)ccc2-3)cc1,0.271
*CC(*)c1c(F)c(F)c(C(F)(F)F)c(F)c1F,0.268
*CC(*)c1ccccc1,0.226
*/C(C#N)=C(/*)c1ccccc1,0.18
*/C=C(/*)CCCCCCCCCCCCCCCCCCCCC(=O)O,0.356
*/C=C(/*)C#CCCCCCCCCCCCCCCCCCCCCC(=O)O,0.364
*CC(*)n1cncn1,0.355
*/C=C/CCCCCCCCCC(Cl)CCCCCCCCC*,0.378
*CCCCCCCCCCCCCCCCCCCCC(*)COCCOCCOCCOCCOCCCCCCCCCCCCCC,0.38
*CCCCCCCCCCCCCCC(*)Cl,0.384
*CCCCCCCCCCCCCCCCCCCCC(*)Cl,0.379
*/C=C/CCCCCCCC*,0.378
*c1nc2cc(-c3ccc4[nH]c(-c5ccc(*)o5)nc4c3)ccc2[nH]1,0.392
*CCCCCCCCCCCCCCCCCCCCc1nnc(*)o1,0.391
*Oc1cc(C)c(CC(*)C=C)cc1C,0.309
*Oc1ccc(/N=N/c2ccc(*)cc2)cc1,0.336
*Oc1c(C)cc(*)cc1C(C)CCCCCCCCCCCC,0.33
*C(F)(F)C(F)(F)C1(F)C(*)(F)OC(F)(F)C1(F)F,0.029
*CC(=O)c1ccc(Oc2ccc(C(=O)COc3ccc(/C=C4\CCC/C(=C\c5ccc(O*)cc5)C4=O)cc3)cc2)cc1,0.289
*c1sc(*)c2c1OCC(CCCCCCCCCCCCCCCC)O2,0.308
*CCCCCCCCCCCCCCS*,0.399
*c1cc(CCCCCCCCCCCCCC)c(*)s1,0.335
*c1nc2cc3sc(-c4cc(OCCCCCCCCCCCC)c(*)cc4OCCCCCCCCCCCC)nc3cc2s1,0.303
*c1cc(CCCCCCCCCCCCC)c(*)s1,0.318
*c1cc(CCCCCCCCCCCCCCC)c(*)s1,0.342
*/C=C/c1sc(*)c(OCCCCCCCCCCCC)c1OCCCCCCCCCCCC,0.36
*c1cc(CCCCCCCCCCCCCCCCCCCCCC)c(*)s1,0.343
*c1ccc(-c2sc(-c3cc(CCCCCCCCCCCC)c(*)s3)cc2CCCCCCCCCCCC)cc1,0.292
*c1cc(CCCCCCCCCCCCCCCCCC)c(*)s1,0.329
*c1sc(*)c2sc(CCCCCCCCC)nc12,0.283
*c1sc(*)c(OCCCCCCCCCCCC)c1C,0.332
*c1sc(*)c(OCCCCCCCCCCCCCC)c1C,0.342
*c1sc(*)c(OCCCCCCCCCCCCCCCCCCCC)c1C,0.349
*CCCCCCOC(=O)Cc1ccc(CC(=O)O*)cc1,0.31
*CCCCCCCCCCCCCCCCOC(=O)CCCCCCCCC(=O)O*,0.378
*OC1CCC(OC(=O)CCC(*)=O)CC1,0.328
*Cc1c(C)c(C)c(CSC(=O)C(=O)S*)c(C)c1C,0.299
*CCCCOC(=O)CCCCCCCCCCCCCCCCCCCCCCCCCCCCCCCCCCC(=O)O*,0.379
*CCCCCCCCCCCCCCCCCCCCCCOC(=O)CCC(=O)O*,0.384
*CCCCCCCCCCCCCCCCCCCCCCOC(=O)CCCCC(=O)O*,0.378
*CCCCCCCCCCCCCCC(=O)N*,0.376
*CCCCCCCCNC(=O)CCCCCCCCC(=O)NCCCCCCCCNC(=O)C(=O)N*,0.398
*C(=O)N(*)CCCCCCCCCCCCCCCCCC,0.362
*CCCCCCCCCCCCNC(=O)CCCCCCCCCCCCCCCCCCC(=O)N*,0.392
*CCCCCCNC(=O)CCCCCCCCCCCCCCC(=O)N*,0.362
*CCCCCCCCNC(=O)CCCCCCCCCCCCCCC(=O)N*,0.39
*CCCCCCCCCCNC(=O)CCCCCCCCCCCCCCC(=O)N*,0.391
*CCCCCCCCCCCCNC(=O)CCCCCCCCCCCCC(=O)N*,0.388
*CCCCCCCCCCCNC(=O)CCCCCCCCCCCCCCCCCCC(=O)N*,0.382
*CCCCCCCNC(=O)CCCCCCCCCCCCCCCCCCC(=O)N*,0.38
*CCCNC(=O)CCCCCCCCCCCCCCCCCCC(=O)N*,0.373
*CCCCOC(=O)NC1CCC(CC2CCC(NC(=O)O*)CC2)CC1,0.334
*CC(C)(C)C1C(=O)N(C)C(=O)C1*,0.263
*CC(C)(C)C1C(=O)N(C2CCCCC2)C(=O)C1*,0.291
*C1C(=O)N(CCCOc2ccc(-c3ccc(C#N)cc3)cc2)C(=O)C1*,0.296
*CC(CCCCCCCCCCCCCCCC)C1C(=O)N(CCCCCCCCCCCC)C(=O)C1*,0.365
*Oc1ccc2c(c1)C1(CC2(C)C)CC(C)(C)c2ccc(OC(*)=O)cc21,0.161
*Oc1ccc(C2(c3ccc(OC(=O)OC4C(C)(C)C(OC(*)=O)C4(C)C)cc3)CC3CCC2C3)cc1,0.267
*Oc1ccc(C2(c3ccc(OC(=O)OC4C(C)(C)C(OC(*)=O)C4(C)C)cc3)CCC(C(C)(C)C)CC2)cc1,0.225
*Oc1c([2H])c([2H])c(C(c2c([2H])c([2H])c(OC(*)=O)c([2H])c2[2H])(C([2H])([2H])[2H])C([2H])([2H])[2H])c([2H])c1[2H],0.254
*Oc1c(Cl)cc(C(c2cc(Cl)c(OC(*)=O)c(Cl)c2)C(Cl)(Cl)Cl)cc1Cl,0.341
*Nc1ccc(*)cc1C,0.323
*CCCCc1nc2cc3nc(*)[nH]c3cc2[nH]1,0.371
*/N=N/c1ccc(*)cc1,0.318
*/N=N/c1cc(*)ccc1C,0.367
*Nc1ccc(*)cc1CCCCCCCCCCCCCCC,0.36
*CCN(*)C(=O)CCC(F)(F)C(F)(F)C(F)(F)C(F)(F)C(F)(F)C(F)(F)C(F)(F)C(F)(F)F,0.259
*Nc1cc(OCCCCCC)c(*)cc1OCCCCCC,0.32
*Nc1cc(C)c(*)cc1C,0.286
*N=C1C=CC(=NC2=CC(=O)C(*)=CC2=O)C=C1,0.345
*Nc1ccc(*)c(Cl)c1Cl,0.257
*Nc1cc(*)ccc1N,0.253
*c1cc(CCCCCCCCCCCCCCCC)c(*)[nH]1,0.343
*CCCCCCCCCCN/C(C)=N/*,0.39
*Nc1ccc(*)cc1N,0.35
*Nc1ccc(*)cc1C(C)C,0.292
*Nc1ccc(*)cc1C(C)CC,0.244
*Nc1ccc(*)cc1OCCCCCCCCCCCCCCCC,0.361
*CCCCCCCCCCCCCCCC[N+](C)(C)CCCCCC[N+](*)(C)C,0.333
*c1ccc(C(C#N)(C#N)C(*)(C#N)C#N)cc1,0.221
*/C=C/c1cc(OC)c(*)cc1OC,0.323
*/C=C/c1cc(OCC)c(*)cc1OCC,0.28
*/C=C/c1cc(C)c(*)cc1C,0.301
*/C=C/c1cc(Cl)c(*)cc1Cl,0.371
*/C=C/c1cc(OCCCCCC)c(*)cc1OCCCCCC,0.311
*c1cccc(*)c1N,0.269
*/C=C/C=C/C=C/c1cc(CCCCCCC)c(*)cc1CCCCCCC,0.349
*/C=C/c1cc(CCCCCCC)c(*)cc1CCCCCCC,0.312
*c1cc(CCCCCCCCCCCC)c(*)cc1CCCCCCCCCCCC,0.345
*c1ccc(*)c(N(C)C)c1,0.304
*c1ccc(*)c(OC)c1N,0.322
*c1cc(OCC)c(*)cc1OC,0.301
*c1cc(OCCCCCC)c(*)cc1OC,0.303
*/C(OC)=C(\OC)c1ccc(*)cc1,0.249
*c1c(F)c(F)c(*)c(F)c1F,0.355
*/C=C/c1cc(OC(C)C)c(*)cc1OC,0.221
*c1cc(OCC)c(*)cc1OCC,0.279
*/C=C/c1cc(OCC(CC)CCCC)c(*)cc1OC,0.299
*c1cc(CCCCCC)c(*)cc1CCCCCC,0.297
*CCc1ccc(*)c(Cl)c1Cl,0.285
*/C=C/c1cc(OCCCCCCCCCCCCCCCC)c(/C=C/c2ccc(*)cc2)cc1OCCCCCCCCCCCCCCCC,0.333
*/C=C/c1cc(OCCCC)c(*)cc1OC,0.268
*/C=C/c1cc(CC(CC)CCCC)c(*)cc1CCCC,0.313
*/C=C/c1ccc(*)c(F)c1,0.276
*c1ccc(*)c(CCCCCC)c1,0.301
*/C=C/c1ccc(*)c(OC)c1,0.286
*c1cc(/N=N/c2ccc(OC)cc2)cc(*)c1O,0.264
*c1cc(/N=N/c2ccc(C#N)cc2)cc(*)c1O,0.257
*/C=C/c1cc(OCCC(C)CCCC(C)C)c(*)cc1OC,0.295
*c1ccc(-c2ccc3c(c2)C(CCCCCCC#N)(CCCCCCC#N)c2cc(*)ccc2-3)cc1,0.324
*/C=C/c1cc(OCC2CC3CC2C2CCCC32)c(*)cc1OCC1CC2CC1C1CCCC21,0.288
*c1cc(O)c(O)cc1*,-0.175
*c1ccc(-c2ccc3c(c2)C(CCCCCC)(CCCCCC)c2cc(*)ccc2-3)cc1,0.304
*c1ccc2c(c1)C(CCCCCC)(CCCCCC)c1cc(-c3cc(CCCCCC)c(*)cc3CCCCCC)ccc1-2,0.311
*c1ccc2c(c1)C(CCCCCC)(CCCCCC)c1cc(-c3cc(CCCCCCCC)c(*)cc3CCCCCCCC)ccc1-2,0.301
*c1ccc2c(c1)C(CCCCCC)(CCCCCC)c1cc(-c3cc(CCCCCCCCCC)c(*)cc3CCCCCCCCCC)ccc1-2,0.323
*/C=C/c1cc(OCCCCCCCC)c(*)cc1OC,0.321
*/C=C/c1cc(OCCCCCCCCCCCC)c(*)cc1OC,0.306
*/C=C/c1cc(OCCCCCC)c(*)cc1OC,0.295
*c1ccc2c(c1)C(CCCCCC)(CCCCCC)c1cc(-c3cc(OCCCCCCCC)c(*)cc3OCCCCCCCC)ccc1-2,0.298
*CCc1c2ccccc2c(*)c2ccccc12,0.175
*CC(*)(F)C(=O)OCC(F)(F)C(F)(F)C(F)(F)C(F)(F)C(F)(F)C(F)(F)C(F)(F)C(F)(F)C(F)(F)C(F)(F)C(F)(F)F,0.183
*CC(*)(F)C(=O)OCC(F)(F)C(F)(F)C(F)(F)C(F)(F)C(F)(F)C(F)F,0.244
*CC(*)(F)C(=O)OCC(F)(F)C(F)(F)C(F)(F)C(F)(F)C(F)(F)C(F)(F)C(F)(F)C(F)F,0.299
*CC(*)(F)C(=O)OCCC(F)(F)C(F)(F)C(F)(F)C(F)(F)C(F)(F)C(F)(F)C(F)(F)C(F)(F)C(F)(F)C(F)(F)F,0.213
*CC(F)(F)C1(F)CC(C(O)(C(F)(F)F)C(F)(F)F)CC1*,0.238
*c1c(*)c2ccccc2c2ccccc12,0.247
*c1ccc2ccc3c(*)cc(C#C)c4ccc1c2c34,0.311
*c1ccc2ccc3c(*)cc(C#CC=C)c4ccc1c2c34,0.298
*C1=NC2=CC(=CC=C2N1)C1=CC2=C(NC(O2)C2=CC=C(OC3=C4C5C6=C(C=CC=C6)C(C6=C5C=CC=C6)C4=C(OC4=CC=C(*)C=C4)C4=C3C3C5=C(C=CC=C5)C4C4=C3C=CC=C4)C=C2)C=C1,0.309
FC(F)(F)C(C1=CC2=C(OC(=N2)C2=CC=C(OC3=C4C5C6=C(C=CC=C6)C(C6=C5C=CC=C6)C4=C(OC4=CC=C(*)C=C4)C4=C3C3C5=C(C=CC=C5)C4C4=C3C=CC=C4)C=C2)C=C1)(C1=CC=C2OC(*)=NC2=C1)C(F)(F)F,0.309
*C(=O)C1=CC=C(C=C1)C1(OC(=O)C2=C1C=CC=C2)C1=CC=C(C=C1)C(=O)C1=CC=C(OC2=CC=C(C=C2)C(=O)C2=CC=C(OC3=CC=C(*)C=C3)C=C2)C=C1,0.314
*C(=O)C1=CC=C(C=C1)C1(OC(=O)C2=C1C=CC=C2)C1=CC=C(C=C1)C(=O)C1=CC=C(OC2=CC=C(C=C2)C(=O)C2=CC=CC(=C2)C(=O)C2=CC=C(OC3=CC=C(*)C=C3)C=C2)C=C1,0.31
*C1=CC(C(=O)C2=CC=CC=C2)=C(*)C=C1,0.236
BrC1=C(C=CC(*)=C1)C1=NC2=C(N1)C=CC(=C2)C1=CC2=C(NC(*)=N2)C=C1,0.379
*C1=CC2=C(OC3=CC(=CC=C3O2)C2(C3=C(C=CC=C3)C3=C2C=CC=C3)C2=CC3=C(OC4=C(O3)C=CC(*)=C4)C=C2)C=C1,0.242
BrC1=CC(C2=NC3=C(N2)C=CC(=C3)C2=CC3=C(NC(*)=N3)C=C2)=C(Br)C=C1*,0.387
CC(*)C*,0.329
CC(=O)OC1OC(O*)C(OC(C)=O)C(O)C1*,0.322
*C1=CC=C(C=C1)C1(C2=C(C=CC=C2)C2=C1C=CC=C2)C1=CC=C(*)C=C1,0.333
CC(C)(*)C*,0.295
*C1=CC=C(OC2=CC=C(C=C2)C(C2=CC=CC=C2)(C2=CC=CC=C2)C2=CC=C(OC3=CC=C(*)C=C3)C=C2)C=C1,0.259
*C(=C(*)C1=CC2=C(C=C1)C1=C(C2)C=CC=C1)C1=CC=CC=C1,0.165
*C1=CC=C(OC2=CC=C(C=C2)C2(C3C=CC=CC3C3C=CC=CC23)C2=CC=C(OC3=CC=C(*)C=C3)C=C2)C=C1,0.277
CC(C)(C1=CC2N=C(*)OC2C=C1)C1=CC=C2OC(=NC2=C1)C1=CC=C(C=C1)C(=O)C1=CC=C(*)C=C1,0.38
CC(C)(C1=CC=C(O*)C=C1)C1=CC(=CC=C1)C(C)(C)C1=CC=C(OC2=CC=C(C=C2)S(=O)(=O)C2=CC=C(*)C=C2)C=C1,0.317
*C1=NC2=C(N1)C=CC(=C2)C1=CC2=C(NC(=N2)C2=CC=C(*)C=C2)C=C1,0.426
*C1=NC2=C(N1)C=CC(=C2)C1=CC2=C(NC(=N2)C2=CC=CC(*)=C2)C=C1,0.377
CC(C)C(*)=C(C)*,0.299
CC(C)C12C3=C(C=CC=C3)C(C(C)C)(C3=C1C=C1OC4=C(OC1=C3)C=C1C(=O)N(*)C(=O)C1=C4)C1=C2C=C2OC3=C(OC2=C1)C=C1C(=O)N(C(=O)C1=C3)C1=C(C)C2=C(C=C1C)C1C3=C(C=CC=C3)C2C2=C1C=C(C)C(*)=C2C,0.224
*C1=NC2=C(N1)C=CC(=C2)C1=CC2=C(NC(=N2)C2=CC=CC(*)=N2)C=C1,0.375
CC(C)C1=CC(=C(C)C=C1O*)C1(OC(=O)C2C=CC=CC12)C1=C(C)C=C(OC2=CC=C(C=C2)C(=O)C2=CC=C(*)C=C2)C(=C1)C(C)C,0.25
CC(C)CC(*)=C(C)*,0.212
CC(C)CC(*)C*,0.318
CC(C)CC(C)OC(=O)C(*)C(*)C(=O)OC(C)(C)C,0.267
CC(C)CC(C)OC(=O)C(*)C(*)C(=O)OC(C)C,0.252
CC(C)CCC(*)=C(C)*,0.294
CC(C)OC(=O)C(*)C(*)C(=O)OC(C)(C)C,0.304
CC(C*)C(=O)OC(C)C(*)=O,0.336
*C1=NN=C(N1C1=CC=CC=C1)C1=CC=CC(=C1)C1=NN=C(N1C1=CC=CC=C1)C1=CC=C(*)C=C1,0.265
CC(C*)O*,0.325
CC1(C)C2=CC=C(C=C2C(C)(C)C1(C)C)C(*)=C(*)C1=CC=CC=C1,0.244
CC1(C)CC(C)(C)C2=CC(=CC=C12)C(*)=C(*)C1=CC=CC=C1,0.25
CC1(C)CC(C)(C2=C1C=C(Br)C(*)=C2)C1=CC=C(C=C1)N1C(=O)C2=CC=C(C=C2C1=O)C(=O)C1=CC2C(C=C1)C(=O)N(*)C2=O,0.244
*C(=C(*)C1=CC2=C(C=C1)C1=C(C=CC=C1)C=C2)C1=CC=CC=C1,-0.006
*CC(*)C1=CC=CC=C1,0.178
CC1(C)CC(C)(C2C=C(*)C=CC12)C1=CC=C(C=C1)C1=NN=C(*)O1,0.274
*CC(*)C1=CC=NC=C1,0.312
CC1(C)CC2(CC(C)(C)C3=C2C=C(O)C(=C3)N2C(=O)C3C=CC(=CC3C2=O)C(C2=CC=C3C(=O)N(*)C(=O)C3=C2)(C(F)(F)F)C(F)(F)F)C2=C1C=C(*)C(O)=C2,0.202
CC1(C)CC2(CC(C)(C)C3=C2C=C2C(=O)N(C(=O)C2=C3)C2=CC3=C(C=C2)C(C)(C)CC32CC(C)(C)C3=C2C=C(*)C=C3)C2=CC3=C(C=C12)C(=O)N(*)C3=O,0.281
CC1(C)CC2(CC(C)(C)C3=C2C=C2OC4=C(OC2=C3)C=C2C(=O)N(C(=O)C2=C4)C2=CC(=C(C=C2)C2=CC=C(*)C=C2C(F)(F)F)C(F)(F)F)C2=C1C=C1OC3=C(OC1=C2)C=C1C(=O)N(*)C(=O)C1=C3,0.192
CC1(C)CC2(CC(C)(C)C3=C2C=C2OC4=C(OC2=C3)C=C2C(=O)N(C(=O)C2=C4)C2=CC(=C(C=C2)C2=CC=C(*)C=C2C(F)(F)F)C(F)(F)F)C2=CC3=C(OC4=CC5=C(C=C4O3)C(=O)N(*)C5=O)C=C12,0.179
CC1(C)CC2(CC(C)(C)C3=C2C=C2OC4=C(OC2=C3)C=C2C(=O)N(C(=O)C2=C4)C2=CC=CC3=C2C=CC=C3*)C2=C1C=C1OC3=C(OC1=C2)C=C1C(=O)N(*)C(=O)C1=C3,0.21
CC1(C)CC2(CC(C)(C)C3=C2C=C2OC4=C(OC2=C3)C=C2C(=O)N(C(=O)C2=C4)C2=CC=CC3=C2C=CC=C3*)C2=CC3=C(OC4=CC5=C(C=C4O3)C(=O)N(*)C5=O)C=C12,0.175
CC1(C)CC2(CC(C)(C)C3=CC=C(OC(=O)O*)C=C23)C2C=C(*)C=CC12,0.207
CC1=C(C)C(N2C(=O)C3=C(C=C(C=C3)C(C3=CC=C4C(=O)N(*)C(=O)C4=C3)(C(F)(F)F)C(F)(F)F)C2=O)=C(C)C(C)=C1*,0.168
CC1=C(C)C(N2C(=O)C3=C(C=C(OC4=CC(C)=C(OC5=CC=C6C(=O)N(*)C(=O)C6=C5)C(C)=C4C)C=C3)C2=O)=C(C)C(*)=C1,0.282
CC1=C(C)C(N2C(=O)C3=CC4=C(C=C3C2=O)C2(CC(C)(C)C3=CC5=C(C=C23)C(=O)N(*)C5=O)CC4(C)C)=C(C)C(C)=C1*,0.217
CC1=C(C)C(N2C(=O)C3=CC4=C(OC5=CC6=C(C=C5O4)C(C)(C)CC64CC(C)(C)C5=CC6=C(OC7=CC8=C(C=C7O6)C(=O)N(*)C8=O)C=C45)C=C3C2=O)=C(C)C(C)=C1*,0.186
CC1=C(C)C(N2C(=O)C3=CC=C(C=C3C2=O)C(C2=CC3C(C=C2)C(=O)N(*)C3=O)(C(F)(F)F)C(F)(F)F)=C(C)C(C)=C1*,0.073
CC1=CC(=C2C=CC=CC2=C1*)C1=C2C=CC=CC2=C(N2C(=O)C3=CC4=C(OC5=C(O4)C=C4C(=C5)C5(C)CCC4(C)C4=C5C=C5OC6=C(OC5=C4)C=C4C(=O)N(*)C(=O)C4=C6)C=C3C2=O)C(C)=C1,0.188
*C(=C(*)C1=CC=C(C=C1)C1=CC=CC=C1)C1=CC=CC=C1,0.121
CC1=CC(=CC(C)=C1*)C1=CC(C)=C(C=C1C)C1=CC(C)=C(*)C(C)=C1,0.292
CC1=CC(=CC(C)=C1*)C1=CC(C)=C(N2C(=O)C3=CC4=C(C=C3C2=O)S(=O)(=O)C2=CC3=C(C=C2S4(=O)=O)C(=O)N(*)C3=O)C(C)=C1,0.293
CC1=CC(=CC(C)=C1O*)C(C)(C)C1=CC(C)=C(OC(=O)C2=CC(=CC(=C2)C(*)=O)C(C)(C)C)C(C)=C1,0.188
CC1=CC(=CC(C)=C1O*)C(C1=CC(C)=C(OC(*)=O)C(C)=C1)(C(F)(F)F)C(F)(F)F,0.11
*CC*,0.384
CC1=CC(C)=C(N2C(=O)C3=C(C=C(C=C3)C(C3=CC4=C(C=C3)C(=O)N(*)C4=O)(C(F)(F)F)C(F)(F)F)C2=O)C(C)=C1*,0.191
CC1=CC(C)=C(N2C(=O)C3=C(C=C4C(=O)N(*)C(=O)C4=C3)C2=O)C(C)=C1*,0.355
CC1=CC(C2=CC(C)=C(*)C3=C2C=CC=C3)=C2C=CC=CC2=C1N1C(=O)C2=CC3=C(C=C2C1=O)C1(C)C2=CC4=C(C=C2C3(C)C2=C1C=CC=C2)C(=O)N(*)C4=O,0.025
*CC1CC(*)OCO1,0.341
CC1=CC2=C(C3C4=C(C=CC=C4)C2C2=C3C(C)=C(N3C(=O)C4=C(C=C5C(=O)N(*)C(=O)C5=C4)C3=O)C(C)=C2)C(C)=C1*,0.246
CC1=CC2=C(C3C4=C(C=CC=C4)C2C2=C3C(C)=C(N3C(=O)C4=CC=C5C(=O)N(*)C(=O)C6=C5C4=C(C=C6)C3=O)C(C)=C2)C(C)=C1*,0.198
CC1=CC2=C(C3C4=C(C=CC=C4)C2C2=C3C(C)=C(N3C(=O)C4C(C5C=CC4C4C5C(=O)N(*)C4=O)C3=O)C(C)=C2)C(C)=C1*,0.232
CC1=CC2=C(C=C1*)S(=O)(=O)C1=CC(N3C(=O)C4=CC5=C(C=C4C3=O)S(=O)(=O)C3=CC4=C(C=C3S5(=O)=O)C(=O)N(*)C4=O)=C(C)C=C21,0.301
CC1=CC2=C(C=C1*)S(=O)(=O)C1=CC(N3C(=O)C4=CC=C(C=C4C3=O)C3=CC4=C(C=C3)C(=O)N(*)C4=O)=C(C)C=C21,0.363
*CCCC*,0.389
CC1=CC2=C(C=C1OC1=CC=C(*)C=C1)C(C)(C)CC1(CC(C)(C)C3=CC(OC4=CC=C(*)C=C4)=C(C)C=C3O1)O2,0.281
CC1=CC2C(C=C1*)S(=O)(=O)C1=C2C=C(C)C(=C1)N1C(=O)C2=CC=C(C=C2C1=O)C(C1=CC2=C(C=C1)C(=O)N(*)C2=O)(C(F)(F)F)C(F)(F)F,0.203
*CCCC=C*,0.355
CC1CC(*)C(Br)C(C)C1O*,0.315
CC1CC(*)C(C(C)C1O*)S(O)(=O)=O,0.273
CCC(C)OC(=O)C(*)C(*)C(=O)OC(C)(C)C,0.278
CCC(C)OC(=O)C(*)C(*)C(=O)OC(C)C,0.289
*CCCCCC\C=C\*,0.385
CCCC(*)=C(C)*,0.355
CCCCCC(*)=C(C)*,0.293
CCCCCCCC(*)=C(C)*,0.322
CCCCCCCCCCCCC1=C(*)SC(*)=C1,0.338
CCN1C2C=CC(*)=CC2C2=C1C=CC(=C2)N1C(=O)C2=CC=C(C=C2C1=O)C(C1=CC2=C(C=C1)C(=O)N(*)C2=O)(C(F)(F)F)C(F)(F)F,0.233
CCOC1C(*)C(COC(=O)NC(C)(C)C)OC(O*)C1OCC,0.268
CCOCC1OC(CO*)C(OCC)C(OCC)C1*,0.31
CCOCC1OC(O*)C(OCC)C(OCC)C1*,0.268
CCOCCOCCOC(=O)C(C)(*)C*,0.304
CN1C(*)=CC=C1*,0.355
CN1C(*)=NC2=C1C=CC(=C2)C1=CC2=C(C=C1)N(C)C(=N2)C1=CC(=CC(*)=C1)C(C)(C)C,0.31
*CCSS*,0.346
*C\C=C/C*,0.346
*C(=C(*)C1=CC=C2C3=C(C=CC=C3)C3(CC3)C2=C1)C1=CC=CC=C1,0.23
C\C(C*)=C\C*,0.33
ClC(*)CCCC(*)S(Cl)(=O)=O,0.319
ClC(Cl)(*)C*,0.256
FC(*)C*,0.304
FC(F)(*)C(F)(F)*,0.413
FC(F)(*)C1(F)OC(F)(F)C(F)(F)C1(F)C(F)(F)*,0.051
FC(F)(F)C(*)(C1=CC=CC=C1)C1=CC=C(C=C1)C1=CC=C(*)C=C1,0.179
FC(F)(F)C(C1=CC2=C(C=C1)C(=O)N(*)C2=O)(C1=CC=C2C(=O)N(C(=O)C2=C1)C1=CC(*)=CC=C1)C(F)(F)F,0.269
FC(F)(F)C(C1=CC2=C(C=C1)C(=O)N(*)C2=O)(C1=CC=C2C(=O)N(C(=O)C2=C1)C1=CC=CC(*)=C1)C(F)(F)F,0.283
*N1C(=O)C2=C(C=C(C=C2)C2=CC=C3C(=O)N(C(=O)C3=C2)C2=CC=C(OC3=CC=C(*)C=C3)C=C2)C1=O,0.366
*C(=C(*)C1=CC=C2CCCC2=C1)C1=CC=CC=C1,0.218
FC(F)(F)C(C1=CC=C(OC2=CC=C(*)C=C2)C=C1)(C1=CC=C(OC2=CC=C(C=C2)N2C(=C)C3=CC=C4C(=C)N(*)C(=C)C5=C4C3=C(C=C5)C2=C)C=C1)C(F)(F)F,0.336
FC(F)(F)C(C1=CC=C2C(=O)N(*)C(=O)C2=C1)(C1=CC=C2C(=O)N(C(=O)C2=C1)C1=CC=C(OC2=CC=C(*)C=C2)C=C1)C(F)(F)F,0.318
FC(F)(F)C(C1CC=C(*)C=C1)(C1=CC=C(C=C1)C1=NN=C(*)O1)C(F)(F)F,0.276
FC(F)(F)C(F)(F)C(F)(F)C(F)(F)C(F)(F)C(F)(F)C(F)(F)COC(=O)C(*)C*,0.246
FC(F)(F)C(F)(F)C(F)(F)C(F)(F)C(F)(F)C(F)(F)CCOC(=O)C1=CC(=CC(*)=C1)N1C(=O)C2=CC=C(C=C2C1=O)C(C1=CC2=C(C=C1)C(=O)N(*)C2=O)(C(F)(F)F)C(F)(F)F,0.25
FC(F)(F)C1(C(*)CC(\C=C\*)C1(F)F)C(F)(F)F,0.192
FC(F)(F)C1=C(OC2=CC=C(C=C2)C(C2=CC=C(OC3=C(C=C(C=C3)N3C(=O)C4=CC=C(C=C4C3=O)C(C3=CC=C4C(=O)N(*)C(=O)C4=C3)(C(F)(F)F)C(F)(F)F)C(F)(F)F)C=C2)(C(F)(F)F)C(F)(F)F)C=CC(*)=C1,0.218
FC(F)(F)C1=CC(*)=CC(=C1)N1C(=O)C2=CC=C(C=C2C1=O)C(C1=CC2C(C=C1)C(=O)N(*)C2=O)(C(F)(F)F)C(F)(F)F,0.239
*N1C(=O)C2=C(C=C(OC3=CC=C(OC4=CC=C5C(=O)N(C(=O)C5=C4)C4=CC=C(OC5=CC=C(*)C=C5)C=C4)C=C3)C=C2)C1=O,0.36
*\C=C\C1CC(*)C2C1C(=O)N(C1CCCC1)C2=O,0.325
[H]C(*)=C(*)C(C)(C)C,0.311
[H]C1=C([H])C2([H])C3C(C(=O)N(*)C3=O)C1([H])C1C2C(=O)N(C1=O)C1=CC2=C(C=C1O)C1(CC(C)(C)C3=C1C=C(O)C(*)=C3)CC2(C)C,0.294
*C(=C(*)C1=CC=CC=C1)C1=CC=CC=C1,0.22
*N1C(=O)C2=C(C=C3C(=C2)S(=O)(=O)C2=C(C=C4C(=O)N(C(=O)C4=C2)C2=CC=C(OC4=CC=C(*)C=C4)C=C2)S3(=O)=O)C1=O,0.346
*N1C(=O)C2=C(C=C3C(=O)N(C(=O)C3=C2)C2=CC=C(OC3=CC=C(*)C=C3)C=C2)C1=O,0.389
*N1C(=O)C2=C(C=C3C(=O)N(C(=O)C3=C2)C2=CC=CC(OC3=CC(*)=CC=C3)=C2)C1=O,0.396
[H]C1=CC=C(C=C1)N(C1=CC=C(*)C=C1)C1=CC=C(C=C1)N1C(=O)C2=C(C=C(C=C2)C(C2=CC=C3C(=O)N(*)C(=O)C3=C2)(C(F)(F)F)C(F)(F)F)C1=O,0.283
[H]C1CC(*)CC1\C=C\*,0.334
*N1C(=O)C2=C(C=C3SC4=C(SC3=C2)C=C2C(=O)N(C(=O)C2=C4)C2=CC=C(OC3=CC=C(*)C=C3)C=C2)C1=O,0.339
*N1C(=O)C2=CC3=C(C=C2C1=O)C(=O)N(C3=O)C1=CC=C(OC2=CC=C(*)C=C2)C=C1,0.382
*C(=O)C1=CC=C(C=C1)C1(OC(=O)C2=C1C=CC=C2)C1=CC=C(C=C1)C(=O)C1=CC=C(OC2=CC=C(C=C2)C(=O)C2=CC=C(C=C2)C(=O)C2=CC=C(OC3=CC=C(*)C=C3)C=C2)C=C1,0.316
*N1C(=O)C2=CC=C(C=C2C1=O)C1=CC=C2C(=O)N(C(=O)C2=C1)C1=CC=C(OC2=CC=C(*)C=C2)C=C1,0.372
*C1=NC2=CC(=CC=C2N1)C1=CC2=C(NC(O2)C2=CC=C(OC3=CC=C(OC4=CC=C(*)C=C4)C4=C3C3C5=C(C=CC=C5)C4C4=C3C=CC=C4)C=C2)C=C1,0.32
FC(F)(F)C(C1=CC2=C(OC(=N2)C2=CC=C(OC3=CC=C(OC4=CC=C(*)C=C4)C4=C3C3C5=C(C=CC=C5)C4C4=C3C=CC=C4)C=C2)C=C1)(C1=CC=C2OC(*)=NC2=C1)C(F)(F)F,0.306