SMILES,RHO
*/C(Br)=C(/*)c1ccccc1,1.270345591
*/C(C#N)=C(/*)c1ccccc1,0.867776
*/C(CC)=C(/*)c1ccccc1,0.775312095
*/C(CCCCCC)=C(/*)c1ccccc1,0.740265999
*/C(Cl)=C(/*)c1ccccc1,0.8915
*/C(I)=C(/*)c1ccccc1,1.279179363
*/C(OC)=C(\OC)c1ccc(*)cc1,1.019187881
*/C([2H])=C(/*)[2H],0.859324
*/C=C(/*)C#N,0.99863
*/C=C(/*)C(=O)CC,0.860673
*/C=C(/*)C(=O)c1ccccc1,0.882929733
*/C=C(/*)C(C)(C)CC,0.738625
*/C=C(/*)C(C)=O,0.882812
*/C=C(/*)C1(O)c2ccccc2-c2ccccc21,0.901805
*/C=C(/*)CCCCCCCCCCOc1ccc(-c2ccc(C(=O)OC(C)CCCCCC)cc2)cc1,0.940347256
*/C=C(/*)CCCCCCCCCCOc1ccc(-c2ccc(OCC(F)CCCCCC)cc2)cc1,0.962525342
*/C=C(/*)CCCCCCCCCCOc1ccc(-c2ccc(OCCCCCCCC)cc2)cc1,0.938209096
*/C=C(/*)CCCOc1ccc(-c2ccc(C(=O)OC(C)CCCCCC)cc2)cc1,0.989325024
*/C=C(/*)CCCOc1ccc(-c2ccc(C(=O)OCC(F)CCCCCC)cc2)cc1,1.022539269
*/C=C(/*)CCCOc1ccc(-c2ccc(CCCCC)cc2)cc1,0.976925232
*/C=C(/*)CNCc1ccccc1,1.009560386
*/C=C(/*)CNS(=O)(=O)CC,1.204998
*/C=C(/*)CNS(=O)(=O)Cc1ccccc1,1.223402312
*/C=C(/*)CNS(=O)(=O)c1ccc(C)cc1,1.211667
*/C=C(/*)CNS(=O)(=O)c1ccc(CCC)cc1,1.071537176
*/C=C(/*)CNS(=O)(=O)c1cccc2ccccc12,1.242898
*/C=C(/*)CNS(=O)(=O)c1ccccc1,1.24281406
*/C=C(/*)F,1.115825
*/C=C(/*)c1c(C)cc(C(C)(C)C)cc1C,0.745742
*/C=C(/*)c1c(F)c(F)c(CCCC)c(F)c1F,1.056135
*/C=C(/*)c1cc(C(F)(F)F)oc1C(F)(F)F,1.304568
*/C=C(/*)c1ccc(C#C)cc1,0.915737
*/C=C(/*)c1ccc(C(=O)Oc2c(F)c(F)c(F)c(F)c2F)cc1,1.208811
*/C=C(/*)c1ccc(C(=O)c2ccc([N+](=O)[O-])cc2)cc1,1.142048
*/C=C(/*)c1ccc(Cl)cc1,1.093104
*/C=C(/*)c1ccc(N)cc1,0.929290082
*/C=C(/*)c1ccc(NC=O)cc1,1.042999
*/C=C(/*)c1ccc(OC)cc1,0.950893
*/C=C(/*)c1ccc([N+](=O)[O-])cc1,1.075042
*/C=C(/*)c1ccc2ccc3cccc4ccc1c2c34,0.9663
*/C=C(/*)c1ccc2ccccc2c1,0.915647
*/C=C(/*)c1cccc(Br)c1,1.264018701
*/C=C(/*)c1cccc(C#C)c1,0.904953
*/C=C(/*)c1cccc(Cl)c1,0.983781
*/C=C(/*)c1cccc2ccccc12,0.863155
*/C=C(/*)c1ccccc1,0.854974
*/C=C(/*)c1ccccc1C,0.806137
*/C=C(/*)c1ccccc1C(C)C,0.750027
*/C=C(/*)c1ccccc1C(F)(F)F,0.965067276
*/C=C(\F)C(F)(F)C*,1.379212
*/C=C/C(*)(C)c1ccccc1,0.972227621
*/C=C/C(C(=O)OC)C(*)c1ccccc1,1.02758564
*/C=C/C(C(=O)OCCCC)C(*)c1ccccc1,0.971253792
*/C=C/C(C)C(*)C(=O)OC,0.981703
*/C=C/C(C)C(*)C(=O)OC(C)C,0.927536
*/C=C/C(C)C(*)C(=O)OCCCCCCN(C)c1ccc(N(C)C)cc1,1.017937
*/C=C/C(C)C(*)C(=O)OCCCN(C)c1ccc(N(C)C)cc1,1.037023515
*/C=C/C(C)C(*)C(=O)OCCN(C)c1ccc(N(C)C)cc1,1.049436166
*/C=C/C(C*)CC,0.829797
*/C=C/C(C*)OC,0.960994
*/C=C/C1C/C(=C\C)C(*)C1,0.89142
*/C=C/C1CC(*)C2(Cl)OC(=O)OC12Cl,1.367721
*/C=C/C1CC(*)C2CC=CC12,0.977534
*/C=C/C1CCCCC1*,0.869124
*/C=C/C=C/C=C/c1cc(CCCCCCC)c(*)cc1CCCCCCC,0.865740172
*/C=C/CC(C*)(c1ccccc1)c1ccccc1,0.96159061
*/C=C/CC(C*)c1ccccc1,0.964496603
*/C=C/c1cc(CC(CC)CCCC)c(*)cc1CCCC,0.854559826
*/C=C/c1cc(CCCCCCC)c(*)cc1CCCCCCC,0.847156115
*/C=C/c1cc(OC(C)C)c(*)cc1OC,0.895670479
*/C=C/c1cc(OC)c(*)cc1Br,1.334204357
*/C=C/c1cc(OC)c(*)cc1C,0.950052501
*/C=C/c1cc(OCC(CC)CCCC)c(*)cc1OC,0.925182942
*/C=C/c1cc(OCC)c(*)cc1OCC,0.907143465
*/C=C/c1cc(OCC)c(-c2cc(OCC)c(*)cc2OCC)cc1OCC,0.923913795
*/C=C/c1cc(OCCC(C)CCCC(C)C)c(*)cc1OC,0.916942224
*/C=C/c1cc(OCCCC)c(*)cc1OC,0.922183736
*/C=C/c1cc(OCCCCCC)c(*)cc1OCCCCCC,0.904783713
*/C=C/c1ccc(*)c(C(=O)OC(C)(C)C)c1C(=O)OC(C)(C)C,0.909233942
*/C=C/c1ccc(*)c(F)c1,1.077498314
*/C=C/c1ccc(*)c(OC)c1,0.980636244
*/C=C/c1ccc(*)c(OCc2cc(OCCC(C)CCCC(C)C)cc(OCC(CC)CCCC)c2)c1,0.933086124
*/C=C/c1cccc(*)c1,1.028208239
*/N=C(/*)c1ccc(N2C(=O)c3ccccc3C2=O)nc1,1.253668
*/N=N/c1cc(*)ccc1C,1.057548363
*/N=N/c1ccc(*)cc1,1.11553603
*/N=N/c1ccc(-c2ccc(*)c(C)c2)cc1C,1.021202869
*C(=O)N(*)Cc1ccccc1,1.094317796
*C(=O)N(*)c1ccc(OC)cc1,1.004324004
*C(=O)N(*)c1cccc(C)c1,0.960092871
*C(=O)NNC(=O)C(=O)NNC(=O)c1cncc(*)n1,1.367598
*C(=O)NNC(=O)c1ccc(*)nc1,1.267731
*C(=O)NNC(=O)c1cnc(*)cn1,1.248917
*C(=O)Nc1ccc(NC(=O)c2ccc3c(c2)C(=O)N(c2ccc(Oc4cccc5c(N6C(=O)c7ccc(*)cc7C6=O)cccc45)cc2)C3=O)cc1,1.193491611
*C(=O)OCC(C)(C)CSCC(C)(C)COC(=O)C1(C)CNC(*)(C)CN1,1.016727
*C(=O)OCCCCCCCCCCCCOC(=O)c1ccc(NC(=O)c2ccc(N3C(=O)c4ccc(*)cc4C3=O)cc2)cc1,1.122296
*C(=O)OCCCCCCCCCCOC(=O)c1ccc(NC(=O)c2ccc(N3C(=O)c4ccc(*)cc4C3=O)cc2)cc1,1.150002
*C(=O)OCCCCCCCCCOC(=O)c1ccc(NC(=O)c2ccc(N3C(=O)c4ccc(*)cc4C3=O)cc2)cc1,1.158101
*C(=O)OCCCCCCCCOC(=O)c1ccc(NC(=O)c2ccc(N3C(=O)c4ccc(*)cc4C3=O)cc2)cc1,1.17817
*C(=O)OCCCCCCCOC(=O)c1ccc(NC(=O)c2ccc(N3C(=O)c4ccc(*)cc4C3=O)cc2)cc1,1.190187
*C(=O)OCCCCCCOC(=O)c1ccc(NC(=O)c2ccc(N3C(=O)c4ccc(*)cc4C3=O)cc2)cc1,1.203914
*C(=O)OCCCCCOC(=O)c1ccc(NC(=O)c2ccc(N3C(=O)c4ccc(*)cc4C3=O)cc2)cc1,1.220577
*C(=O)OCCCCOC(=O)c1ccc(NC(=O)c2ccc(N3C(=O)c4ccc(*)cc4C3=O)cc2)cc1,1.232975
*C(=O)OCCOC(=O)c1ccc(*)o1,1.302156
*C(=O)Oc1ccc(C(C)(C)c2ccc(OC(=O)c3ccc4c(c3)C(=O)N(c3cccc(N5C(=O)c6ccc(*)cc6C5=O)c3)C4=O)cc2)cc1,1.218589
*C(=O)c1ccc(-c2ccc(*)cc2)cc1,1.099757044
*C(=O)c1ccc2nc(-c3ccccc3)c(-c3ccc(Oc4ccc(-c5nc6cc(*)ccc6nc5-c5ccccc5)cc4)cc3)nc2c1,0.994718
*C(=S)N(*)c1ccccc1,1.21945
*C(C(=O)OC)C(*)C(=O)OC(C)(C)C,0.9411
*C(C)/C=C/C(C)S(*)(=O)=O,1.106311
*C(C)C(*)C(=O)OC,0.976368
*C(C)C(*)C(=O)OC(C)C,0.873417
*C(C)C(*)OC,0.876853
*C(C)C(*)OC(C)(C)C,0.820703
*C(C)C(*)OC(C)C,0.818731
*C(C)C(*)OCC,0.879005
*C(C)C(*)OCC(C)C,0.83574
*C(C)C(*)OCCC,0.847367
*C(C)C(*)OCCCC,0.859824
*C(C)C(*)[N+](=O)[O-],1.192148
*C(Cl)C(*)OCCCC,0.942398
*C(F)(F)C(*)(F)C(F)(F)F,1.501816
*C(F)(F)C(*)(F)C(F)(F)P(=O)(O)O,1.846908
*C(F)(F)C(*)(F)Cl,1.625675
*C(F)(F)C(*)(F)OC(F)(F)C(F)(F)C(F)(F)C(F)(F)F,1.010046
*C(F)(F)C(*)(F)OC(F)(F)C(F)(F)F,1.442759
*C(F)(F)C(*)(F)OC(F)(F)F,1.458444
*C(F)(F)C(*)(F)OC(F)C(F)F,1.461574
*C(F)(F)C(*)(F)c1c(F)c(F)c(F)c(F)c1F,1.332698
*C(F)(F)C(*)(F)c1ccccc1,0.822386
*C(F)(F)C(F)(F)C(F)(F)C(*)(F)C(F)(F)F,1.491927
*C(F)(F)C(F)(F)C1(F)C(*)(F)OC(F)(F)C1(F)F,1.462067
*C(F)(F)C1(*)OC(F)(C(F)(F)F)C(F)(C(F)(F)F)O1,1.607068
*C(F)(F)C1(*)OC(F)(F)C(F)(C(F)(F)F)O1,1.54248
*C(F)(F)C1(*)OC(F)(F)C(F)(F)O1,1.652779
*C(F)(F)C1(F)C(F)(F)C(*)(F)C(F)(F)C1(F)F,0.152425
*C(F)(F)C1(F)C(F)(F)C(*)(F)C1(F)F,0.15068
*C(F)(F)CC(F)(F)C(*)(F)C(F)(F)F,1.639361
*C(F)C(*)(F)F,1.571693
*C(F)C(*)(F)OC(F)(F)F,1.491552
*C(F)C(*)C(F)(F)F,1.519505
*C(O)C(C)C1C(=O)OC(=O)C1*,1.231738
*C(OC(F)(F)F)C(*)(F)F,1.305091
*C([2H])([2H])C(*)(C(=O)OC([2H])([2H])[2H])C([2H])([2H])[2H],0.936555
*C([2H])([2H])C(*)(F)F,1.461918
*C([2H])([2H])C(*)([2H])Cl,1.261057
*C([2H])([2H])C(*)([2H])c1c([2H])c([2H])c([2H])c([2H])c1[2H],0.953452
*C(c1ccccc1)C(*)(C#N)C#N,0.924185
*C(c1ccccc1)C(*)(C#N)C(=O)OCC,0.921885
*C(c1ccccc1)C(*)[N+](=O)[O-],1.037951
*C(c1ccoc1)C(*)[N+](=O)[O-],1.213778
*C/C=C(\C)CS(*)(=O)=O,1.246575
*C/C=C/CS(*)(=O)=O,1.333105
*C1(F)OC(C(F)(F)F)(C(F)(F)Cl)OC1(*)F,0.234817
*C12CC3CC(C1)CC(*)(C3)C2,0.879095
*C1=NC2=CC(=CC=C2N1)C1=CC2=C(NC(O2)C2=CC=C(OC3=CC=C(OC4=CC=C(*)C=C4)C4=C3C3C5=C(C=CC=C5)C4C4=C3C=CC=C4)C=C2)C=C1,1.110994329
*C1C(*)C2CC1C1C=CCC12,0.831146
*C1C(*)C2CC1C1CCCC21,0.906244
*C1C(=O)N(C(C)(C)C)C(=O)C1*,0.902797
*C1C(=O)N(C(C)CC)C(=O)C1*,0.923777
*C1C(=O)N(C2CCCCC2)C(=O)C1*,0.900885
*C1C(=O)N(CCCOc2ccc(-c3ccc(C#N)cc3)cc2)C(=O)C1*,1.157443
*C1C(=O)N(Nc2ccccc2)C(=O)C1*,1.101997
*C1C(=O)N(c2cccc(C(=O)O)c2)C(=O)C1*,1.301356
*C1C(=O)N(c2ccccc2)C(=O)C1*,1.17643
*C1C(=O)N(c2ccccc2C(=O)OC)C(=O)C1*,1.168105
*C1C(=O)N(c2ccccc2C)C(=O)C1*,1.119123
*C1C(=O)N(c2ccccc2OC)C(=O)C1*,1.133752
*C1C(=O)OC(=O)C1*,1.41826
*C1C(=O)OC(=O)C1C(C)(C)C(*)O,1.130983
*C1C2C/C(=C\C)C(C2)C1*,0.820024
*C1C2CC(C)C(C2)C1*,0.811184
*C1C2CCC(C2)C1*,0.83057
*C1C=C(C(*)(C)C)C2CC=CCC12,0.827154
*C1C=C(C)C(*)C1,0.87418
*C1C=C(C)C(*)S1,1.140982
*C1C=C(CCCCCC)C(*)S1,0.969287
*C1C=CC(*)C1,0.944377
*C1C=CC(*)CC1,0.946863
*C1C=CC(*)S1,1.260346
*C1CC2C3CCC(C3)C2C1*,0.730901
*C1CC2CC1C(*)C2CCCC,0.793691
*C1CC2CC1C(*)C2CCCCCC,0.866369
*C1CCC(*)C1,0.897453
*C1CCC1*,0.841819
*C1CCC2C(*)CCC12,0.909766
*C1CCCC(S(*)(=O)=O)C1,1.168125
*C1CCCCC1*,0.845123
*C1CCOC1(*)C,0.985785
*C1CCOC1*,1.045624
*C1CCc2ccccc2C1*,0.922455
*C1Cc2ccccc2C1*,0.950329
*C1Nc2ccc(C)cc2C1*,0.966333
*C1OC(C(F)(F)F)(C(F)(F)F)OC1(*)F,0.187103
*C1OCCCC1C1C(=O)OC(=O)C1*,1.181516
*C1OCOC(C(*)(F)F)C1(F)F,1.408208
*C1Oc2ccccc2C1*,1.103633
*C1c2cccc3cccc(c23)C1*,0.973757
*CC#CC#CCOc1ccc(-c2ccc(O*)cc2)cc1,1.098492913
*CC#CC#CCOc1ccc(C(C)(C)c2ccc(O*)cc2)cc1,1.047109467
*CC#CCOC(=O)CCCCCCCCC(=O)O*,1.019111
*CC(*)(C#N)C(=O)OC,1.098351
*CC(*)(C#N)C(=O)OC(C)C,0.968728
*CC(*)(C#N)C(=O)OCC,0.989564
*CC(*)(C#N)C(=O)OCC(C)C,0.906391
*CC(*)(C#N)C(=O)OCCCC,0.98531
*CC(*)(C#N)C(=O)OCCCCCC,0.394783
*CC(*)(C#N)C(=O)OCCCCCCC,0.937386
*CC(*)(C(=O)OC(C)(C)C)C(F)(F)F,0.96281
*CC(*)(C(=O)OC)c1ccccc1,0.965699
*CC(*)(C)C(=O)NC(=O)OC(C)COc1ccc(S(=O)(=O)c2ccc(OCC(C)O)cc2)cc1,1.165191
*CC(*)(C)C(=O)NC(=O)OCCOc1c(Br)cc(S(=O)(=O)c2cc(Br)c(OCCO)c(Br)c2)cc1Br,1.769777
*CC(*)(C)C(=O)NC(=O)OCCOc1ccc(S(=O)(=O)c2ccc(OCCO)cc2)cc1,1.226059
*CC(*)(C)C(=O)NC(=O)Oc1ccc(S(=O)(=O)c2ccc(O)cc2)cc1,1.270065
*CC(*)(C)C(=O)NCC,0.876516
*CC(*)(C)C(=O)O,1.144433
*CC(*)(C)C(=O)OC,0.945665
*CC(*)(C)C(=O)OC(C(F)(F)F)(C(F)(F)F)C(F)(F)F,1.232457
*CC(*)(C)C(=O)OC(C(F)(F)F)C(F)(F)F,1.334628
*CC(*)(C)C(=O)OC(C)(C)C,0.836557
*CC(*)(C)C(=O)OC(C)C,0.851339
*CC(*)(C)C(=O)OC(C)C(C)(C)C,0.832114
*CC(*)(C)C(=O)OC(C)C(F)(F)F,1.086142
*CC(*)(C)C(=O)OC(C)CC,0.87734
*CC(*)(C)C(=O)OC(C)OCCCl,1.10794
*CC(*)(C)C(=O)OC(C)OCCOc1ccccc1,1.075630228
*CC(*)(C)C(=O)OC(C)Oc1ccc(OC)cc1,1.059263076
*CC(*)(C)C(=O)OC(F)(C(F)(F)F)C(F)(F)Cl,1.276853
*CC(*)(C)C(=O)OC(F)(C(F)(F)F)C(F)(F)F,1.251649
*CC(*)(C)C(=O)OC(F)(F)C(F)(F)C(F)(F)C(F)(F)C(F)(F)C(F)(F)C(F)(F)C(F)(F)F,1.453554
*CC(*)(C)C(=O)OC(OCC)C(F)(F)F,1.128342
*CC(*)(C)C(=O)OC12CC3CC(C)(CC(C)(C3)C1)C2,0.915479
*CC(*)(C)C(=O)OC12CC3CC(CC(C3)C1)C2,0.884144
*CC(*)(C)C(=O)OC1CC(C)CC(C)(C)C1,0.762153
*CC(*)(C)C(=O)OC1CC2CCC1(C)C2(C)C,0.869132
*CC(*)(C)C(=O)OC1CCC(C(C)(C)C)CC1,0.857236
*CC(*)(C)C(=O)OC1CCC(Cl)CC1,0.897358
*CC(*)(C)C(=O)OC1CCCC1,0.921607
*CC(*)(C)C(=O)OC1CCCCC1C,0.87685
*CC(*)(C)C(=O)OC1CCCCC1Cl,0.982222
*CC(*)(C)C(=O)OC1CCOCC1,0.962571
*CC(*)(C)C(=O)OCC#C,0.999656
*CC(*)(C)C(=O)OCC#N,1.067938
*CC(*)(C)C(=O)OCC(=O)Nc1cc(C)on1,1.154621
*CC(*)(C)C(=O)OCC(C)(C)C1OCC(C)(C)CO1,0.889501
*CC(*)(C)C(=O)OCC(C)O,0.983826
*CC(*)(C)C(=O)OCC(CC)CCCC,0.89877
*CC(*)(C)C(=O)OCC(F)(F)C(F)(F)C(F)(F)C(F)(F)C(F)(F)C(F)(F)C(F)(F)C(F)F,1.490733
*CC(*)(C)C(=O)OCC(F)(F)C(F)(F)C(F)(F)C(F)(F)C(F)(F)C(F)(F)C(F)(F)F,1.477859
*CC(*)(C)C(=O)OCC(F)(F)C(F)(F)C(F)(F)C(F)(F)C(F)(F)C(F)F,1.456595
*CC(*)(C)C(=O)OCC(F)(F)C(F)(F)C(F)(F)C(F)F,1.410903
*CC(*)(C)C(=O)OCC(F)(F)C(F)(F)C(F)(F)F,1.327026
*CC(*)(C)C(=O)OCC(F)(F)C(F)(F)F,1.278058
*CC(*)(C)C(=O)OCC(F)(F)C(F)F,1.256426
*CC(*)(C)C(=O)OCC(F)(F)F,1.146693
*CC(*)(C)C(=O)OCC(O)CO,1.024334
*CC(*)(C)C(=O)OCC=C,0.9521
*CC(*)(C)C(=O)OCCC,0.914795
*CC(*)(C)C(=O)OCCC#N,1.0612
*CC(*)(C)C(=O)OCCCCCCCCCC,0.889378
*CC(*)(C)C(=O)OCCCCCCCCCCCC,0.878393
*CC(*)(C)C(=O)OCCCCCCCCCCCCCC,0.869421
*CC(*)(C)C(=O)OCCCCCCCCCCCCCCCC,0.860331
*CC(*)(C)C(=O)OCCCCCCCCCCCCCCCCCC,0.855104
*CC(*)(C)C(=O)OCCCCCCCCCCOc1ccc(/N=N/c2ccc(C#N)cc2)cc1,1.01913587
*CC(*)(C)C(=O)OCCCCCCCCCCOc1ccc(/N=N/c2ccc(Cl)cc2)cc1,1.058745023
*CC(*)(C)C(=O)OCCCCCCCCCCOc1ccc(/N=N/c2ccc(F)cc2)cc1,1.033092581
*CC(*)(C)C(=O)OCCCCCCCCCCOc1ccc(/N=N/c2ccc(OC)cc2)cc1,1.017769585
*CC(*)(C)C(=O)OCCCCCCCCCCOc1ccc(/N=N/c2ccccc2)cc1,1.003848618
*CC(*)(C)C(=O)OCCCCCCCCOc1ccc(-c2ccc(C#N)cc2)cc1,1.030289557
*CC(*)(C)C(=O)OCCCCCCCCOc1ccc(/N=N/c2ccc(C#N)cc2)cc1,1.046501663
*CC(*)(C)C(=O)OCCCCCCN(C)c1ccc(/N=N/c2ccc(S(C)(=O)=O)cc2)cc1,1.104929438
*CC(*)(C)C(=O)OCCCCCCOc1ccc(/N=N/c2ccc(C#N)cc2)cc1,1.060842508
*CC(*)(C)C(=O)OCCCCCCOc1ccc(/N=N/c2ccc(OC)cc2)cc1,1.053056822
*CC(*)(C)C(=O)OCCCCCCOc1ccc(/N=N/c2ccc(OCCCC)cc2)cc1,1.015236799
*CC(*)(C)C(=O)OCCCCCCc1ccc(/N=N/c2ccc(OC(F)(F)F)cc2)cc1,1.116309692
*CC(*)(C)C(=O)OCCCCCc1ccc(/N=N/c2ccc(OC(F)(F)F)cc2)cc1,1.135270811
*CC(*)(C)C(=O)OCCCCOc1ccc(/N=N/c2ccc(C#N)cc2)cc1,1.077263358
*CC(*)(C)C(=O)OCCCCc1ccc(/N=N/c2ccc(OC(F)(F)F)cc2)cc1,1.156110792
*CC(*)(C)C(=O)OCCCCl,1.105988
*CC(*)(C)C(=O)OCCCc1ccc(/N=N/c2ccc(OC(F)(F)F)cc2)cc1,1.154354849
*CC(*)(C)C(=O)OCCN(C)c1ccc(/N=N/c2cc(Cl)ccc2Cl)cc1,1.195677009
*CC(*)(C)C(=O)OCCN(CC)S(=O)(=O)C(F)(F)C(F)(F)C(F)(F)C(F)(F)C(F)(F)C(F)(F)C(F)(F)C(F)(F)F,1.479887
*CC(*)(C)C(=O)OCCN(CC)c1ccc(/N=N/c2ccc(C#N)cc2)cc1,1.071969314
*CC(*)(C)C(=O)OCCN(CC)c1ccc(/N=N/c2ccc(OC)cc2)c(C)c1,1.049293466
*CC(*)(C)C(=O)OCCN(CC)c1ccc(/N=N/c2ccc(S(C)(=O)=O)cc2)cc1,1.130934947
*CC(*)(C)C(=O)OCCO,0.977173
*CC(*)(C)C(=O)OCCOC(=O)c1cc([N+](=O)[O-])cc([N+](=O)[O-])c1,0.571937
*CC(*)(C)C(=O)OCCOCCO,1.083028
*CC(*)(C)C(=O)OCCOCCOCCOCCOc1ccc(/N=N/c2ccc(C#N)cc2)cc1,1.120432561
*CC(*)(C)C(=O)OCCOCCOCCOc1ccc(/N=N/c2ccc(C#N)cc2)cc1,1.124258818
*CC(*)(C)C(=O)OCCOCCOc1ccc(/N=N/c2ccc(C#N)cc2)cc1,1.127562844
*CC(*)(C)C(=O)OCCO[N+](=O)[O-],1.224382
*CC(*)(C)C(=O)OCCOc1ccc(/N=N/c2ccc(C#N)cc2)cc1,1.103068871
*CC(*)(C)C(=O)OCCOc1ccc(/N=N/c2ccc(OC)cc2)cc1,1.106028192
*CC(*)(C)C(=O)OCCS(=O)(=O)c1ccc(/N=N/c2ccc(N(CC)CC)cc2)cc1,1.097122841
*CC(*)(C)C(=O)OCCc1ccc(/N=N/c2ccccc2)cc1,1.076922725
*CC(*)(C)C(=O)OCc1c(Cl)cccc1Cl,1.273421
*CC(*)(C)C(=O)OCc1cc(Cl)cc(Cl)c1,1.264333
*CC(*)(C)C(=O)OCc1cc(Cl)ccc1Cl,1.264555
*CC(*)(C)C(=O)OCc1ccc(Cl)c(Cl)c1,1.22282
*CC(*)(C)C(=O)OCc1ccc(Cl)cc1Cl,1.269587
*CC(*)(C)C(=O)OCc1ccc(F)cc1F,1.21033
*CC(*)(C)C(=O)OCc1cccc(Cl)c1,1.158001
*CC(*)(C)C(=O)OCc1cccc(Cl)c1Cl,1.233562
*CC(*)(C)C(=O)OCc1cccc([N+](=O)[O-])c1,1.168279
*CC(*)(C)C(=O)OCc1ccccc1Cl,1.152222
*CC(*)(C)C(=O)Oc1c(Cl)c(Cl)c(Cl)c(Cl)c1Cl,1.381987
*CC(*)(C)C(=O)Oc1c(F)c(F)c(F)c(F)c1F,1.320221
*CC(*)(C)C(=O)Oc1cc(C)cc(C)c1,0.962834
*CC(*)(C)C(=O)Oc1ccc(/N=N/c2ccc(C#N)cc2)cc1,1.112526478
*CC(*)(C)C(=O)Oc1ccc(/N=N/c2ccc(OC)cc2)cc1,1.103853158
*CC(*)(C)C(=O)Oc1ccc(C#N)cc1,1.105332
*CC(*)(C)C(=O)Oc1ccc(C(=O)O)cc1,1.159612
*CC(*)(C)C(=O)Oc1ccc(C(=O)OC)cc1,1.086602
*CC(*)(C)C(=O)Oc1ccc(C(C)=O)c(O)c1,1.113313
*CC(*)(C)C(=O)Oc1ccc(C)cc1,0.970783
*CC(*)(C)C(=O)Oc1ccc(CC#N)cc1,1.071311
*CC(*)(C)C(=O)Oc1ccc([N+](=O)[O-])cc1,1.207533
*CC(*)(C)C(=O)Oc1cccc(C)c1,0.995853
*CC(*)(C)C(=O)Oc1cccc2cccnc12,1.083887
*CC(*)(C)C(=O)Oc1ccccc1,1.033233
*CC(*)(C)C(=O)Oc1ccccc1[N+](=O)[O-],1.178054
*CC(*)(C)C(N)=O,1.126064
*CC(*)(C)CC,0.787206
*CC(*)(C)CCC,0.755176
*CC(*)(C)OC,0.846389
*CC(*)(C)c1ccc(Br)cc1,1.283043975
*CC(*)(C)c1ccc(C#N)cc1,0.920226
*CC(*)(C)c1ccc(C(C)C)cc1,0.801757
*CC(*)(C)c1ccc(C(O)C(F)(F)F)cc1,1.138519
*CC(*)(C)c1ccc(C)cc1,0.837591
*CC(*)(C)c1ccc(F)cc1,0.9672
*CC(*)(C)c1ccc2ccccc2c1,0.906678
*CC(*)(C)c1ccc2ccccc2n1,0.978191
*CC(*)(C)c1ccccc1,0.887
*CC(*)(C)c1ncncn1,1.010628
*CC(*)(CC(=O)OC)C(=O)O,1.171726
*CC(*)(CC(=O)OC)C(=O)OC,1.042838
*CC(*)(CC(=O)OC1CCCC1)C(=O)O,0.980035
*CC(*)(CC(=O)OCC)C(=O)O,1.037627
*CC(*)(CC(=O)OCC)C(=O)OCC,0.978993
*CC(*)(CC(=O)OCC1CCCCC1)C(=O)OCC1CCCCC1,0.959968
*CC(*)(CC(=O)OCCCC1CCCCC1)C(=O)OCCCC1CCCCC1,0.970686
*CC(*)(CC(=O)OCc1ccccc1)C(=O)OCc1ccccc1,1.098475
*CC(*)(CC(=O)Oc1ccccc1C)C(=O)Oc1ccccc1C,1.057749
*CC(*)(CCC(C)C(=O)OC)C(=O)OC,0.956569
*CC(*)(CCC)C(=O)OC,0.846742
*CC(*)(CF)C(=O)OC,1.043559
*CC(*)(Cl)C#N,1.30243
*CC(*)(Cl)C(=O)OC,1.193321
*CC(*)(Cl)C(=O)OC(C)CC,1.030381
*CC(*)(Cl)C(=O)OC1CCCCC1,0.991365
*CC(*)(Cl)C(=O)OCCCC,1.086651
*CC(*)(Cl)Cl,1.534068
*CC(*)(F)C#N,1.259888
*CC(*)(F)C(=O)OC,1.158133
*CC(*)(F)C(=O)OCC,1.099709
*CC(*)(F)C(=O)OCC(F)(F)C(F)(F)C(F)(F)C(F)(F)C(F)(F)C(F)(F)C(F)(F)C(F)(F)C(F)(F)F,1.567989916
*CC(*)(F)C(=O)OCC(F)(F)C(F)(F)C(F)(F)C(F)(F)C(F)(F)C(F)(F)C(F)(F)C(F)(F)F,1.570747068
*CC(*)(F)C(=O)OCC(F)(F)C(F)(F)C(F)(F)C(F)(F)C(F)(F)C(F)(F)C(F)(F)F,1.601312661
*CC(*)(F)C(=O)OCC(F)(F)C(F)(F)C(F)(F)C(F)(F)F,1.531665
*CC(*)(F)C(=O)OCC(F)(F)C(F)(F)C(F)(F)F,1.49577
*CC(*)(F)C(=O)OCC(F)(F)C(F)F,1.452036
*CC(*)(F)C(=O)OCC(F)(F)F,1.389716
*CC(*)(F)C(=O)OCCC(F)(F)C(F)(F)C(F)(F)C(F)(F)F,1.501387
*CC(*)(F)C(C)=O,1.081776
*CC(*)(F)C(F)(F)F,1.393634
*CC(*)(F)Cl,1.512842
*CC(*)(OC(C)=O)c1ccc(OC(=O)CCC)cc1,1.028859
*CC(*)(OC(C)=O)c1ccc(OC(=O)OC)cc1,1.080114
*CC(*)(OC(C)=O)c1ccc(OC(C)=O)cc1,1.088032
*CC(*)/C=C/C,0.797956
*CC(*)C(=O)C1CCCCC1,0.925145
*CC(*)C(=O)N(C(C)C)C(C)C,0.830386
*CC(*)C(=O)N(CC=C)c1c(C)cccc1C,0.977296
*CC(*)C(=O)N(CCCC)CCCC,0.877937
*CC(*)C(=O)N(O)c1ccc(C)cc1,1.058089069
*CC(*)C(=O)N(O)c1ccc(Cl)cc1,1.27656
*CC(*)C(=O)N(O)c1cccc(C)c1,1.087541889
*CC(*)C(=O)N(O)c1cccc(Cl)c1,1.280348
*CC(*)C(=O)N(O)c1ccccc1C,1.068182082
*CC(*)C(=O)N1CCCC1,1.03526
*CC(*)C(=O)N1CCCCC1,1.009984
*CC(*)C(=O)N1CCN(C)CC1,1.04137
*CC(*)C(=O)NC,1.069174
*CC(*)C(=O)NC(C)(C)CC,0.839158
*CC(*)C(=O)NC(C)(C)CS(=O)(=O)O,1.254027
*CC(*)C(=O)NC(C)(C)CS(N)(=O)=O,1.242535
*CC(*)C(=O)NC(C)=O,1.1511
*CC(*)C(=O)NC(C)C,0.931144
*CC(*)C(=O)NC(CO)(CO)CO,1.237
*CC(*)C(=O)NCC,0.989929
*CC(*)C(=O)NCC(F)(F)F,1.328543
*CC(*)C(=O)NCCCCCC(=O)O,1.105453
*CC(*)C(=O)NCCCCCCCC/C=C/CCCCCCCC,0.876364
*CC(*)C(=O)NCCCCCCCCCCCC,0.879482
*CC(*)C(=O)NCCCCCCCCCCCCCCCC,0.861708
*CC(*)C(=O)NCCCCCCCCCCCCCCCCCCCCCC,0.849813
*CC(*)C(=O)NCCO,1.207248
*CC(*)C(=O)NCO,1.280108
*CC(*)C(=O)Nc1ccc(Cl)cc1,1.263471
*CC(*)C(=O)Nc1cccc(Cl)c1,1.25699
*CC(*)C(=O)Nc1ccccc1C(=O)O,1.220031
*CC(*)C(=O)Nc1ccccc1Cl,1.215117
*CC(*)C(=O)O,1.279006
*CC(*)C(=O)OC,1.084524
*CC(*)C(=O)OC(C(F)(F)F)(C(F)(F)F)C(F)(F)F,1.504465
*CC(*)C(=O)OC(C(F)(F)F)C(F)(F)F,1.452354
*CC(*)C(=O)OC(C)(C)C,0.910972
*CC(*)C(=O)OC(C)C,0.930196
*CC(*)C(=O)OC(C)CC,0.92107
*CC(*)C(=O)OC(CCC(CC)CCCC)CC(C)C,0.85674
*CC(*)C(=O)OC(F)(C(F)(F)Cl)C(F)(F)Cl,1.506306
*CC(*)C(=O)OC(F)(C(F)(F)F)C(F)(F)Cl,1.506872
*CC(*)C(=O)OC(F)(C(F)(F)F)C(F)(F)F,1.477864
*CC(*)C(=O)OC(OCC)C(F)(F)F,1.218361
*CC(*)C(=O)OC([2H])([2H])[2H],1.076036
*CC(*)C(=O)OC12CC3CC(C)(CC(C)(C3)C1)C2,0.940477
*CC(*)C(=O)OC1CC2CCC1(C)C2(C)C,0.91874
*CC(*)C(=O)OC1CCCCCCCCCCC1,0.91734
*CC(*)C(=O)OCC(C)O,1.097292
*CC(*)C(=O)OCC(F)(F)C(F)(F)C(F)(F)C(F)(F)C(F)(F)C(F)(F)C(F)(F)F,1.588605
*CC(*)C(=O)OCC(F)(F)C(F)(F)C(F)(F)C(F)(F)C(F)(F)F,1.57061
*CC(*)C(=O)OCC(F)(F)C(F)(F)C(F)(F)C(F)(F)F,1.51238
*CC(*)C(=O)OCC(F)(F)C(F)(F)C(F)(F)C(F)F,1.507283
*CC(*)C(=O)OCC(F)(F)C(F)(F)C(F)(F)F,1.468124
*CC(*)C(=O)OCC(F)(F)C(F)(F)F,1.419662
*CC(*)C(=O)OCC(F)(F)C(F)(F)OC(F)(F)C(F)(F)C(F)(F)C(F)(F)F,1.586595
*CC(*)C(=O)OCC(F)(F)C(F)(F)OC(F)(F)C(F)(F)C(F)(F)F,1.541703
*CC(*)C(=O)OCC(F)(F)C(F)(F)OC(F)(F)C(F)(F)F,1.519909
*CC(*)C(=O)OCC(F)(F)C(F)(F)OC(F)(F)F,1.504044
*CC(*)C(=O)OCC(F)(F)C(F)C(F)(F)F,1.447872
*CC(*)C(=O)OCC(F)(F)F,1.308559
*CC(*)C(=O)OCCC,0.967371
*CC(*)C(=O)OCCC#N,1.106462
*CC(*)C(=O)OCCCCCCC,0.907328
*CC(*)C(=O)OCCCCCCCC,0.893579
*CC(*)C(=O)OCCCCCCCCCCCCCC,0.86701
*CC(*)C(=O)OCCCCCCCCCCCCCCCC,0.864669
*CC(*)C(=O)OCCCCCCCCCCCCCCCCCC,0.858645
*CC(*)C(=O)OCCCCCCCCCCOc1ccc(C(=O)O)cc1,1.035964019
*CC(*)C(=O)OCCCCCCCCCCOc1cccc(C(=O)O)c1,1.034178171
*CC(*)C(=O)OCCCCCCCCCCOc1ccccc1C(=O)O,1.027192126
*CC(*)C(=O)OCCCCCCOc1ccc(C(=O)Oc2ccc(C#N)cc2)cc1,1.108722
*CC(*)C(=O)OCCCCCCSCC#N,1.068755
*CC(*)C(=O)OCCCOC,1.043544
*CC(*)C(=O)OCCCOCC,1.001033
*CC(*)C(=O)OCCCSCCC#N,1.129948
*CC(*)C(=O)OCCO,1.101698
*CC(*)C(=O)OCCOC,1.079646
*CC(*)C(=O)OCCOC(F)(F)C(F)F,1.35274
*CC(*)C(=O)OCCOCC,1.03618
*CC(*)C(=O)OCCOCC(F)(F)C(F)(F)C(F)(F)F,1.425924
*CC(*)C(=O)OCCOCC(F)(F)F,1.302745
*CC(*)C(=O)OCCOCCOC(F)(F)C(F)F,1.301873
*CC(*)C(=O)OCCOc1ccc(C(C)(C)c2ccc(OCCO)cc2)cc1,1.080405084
*CC(*)C(=O)OCCSCC#N,1.206267
*CC(*)C(=O)OCF,1.209632
*CC(*)C(=O)OCc1c(Br)c(Br)c(Br)c(Br)c1Br,2.295456
*CC(*)C(=O)OCc1ccc(C#N)cc1,1.135757
*CC(*)C(=O)OCc1ccc(OC(=O)OC(C)(C)C)cc1,1.046245
*CC(*)C(=O)Oc1c(Cl)c(Cl)c(Cl)c(Cl)c1Cl,1.468418
*CC(*)C(=O)Oc1c(F)c(F)c(F)c(F)c1F,1.451636
*CC(*)C(=O)Oc1ccc(/N=N/c2ccc(OC)cc2)cc1,1.127475205
*CC(*)C(=O)Oc1ccc(C#N)cc1,1.169226
*CC(*)C(=O)Oc1ccc(C(=O)O)cc1,1.225513
*CC(*)C(=O)Oc1ccc(C(=O)OC)cc1,1.141789
*CC(*)C(=O)Oc1ccc(C(=O)OCC)cc1,1.121637
*CC(*)C(=O)Oc1ccc(C(=O)OCCCC)cc1,1.073515
*CC(*)C(=O)Oc1ccc(C(=O)OCc2ccccc2)cc1,1.141952
*CC(*)C(=O)Oc1ccc(Cl)c(C)c1,1.15850573
*CC(*)C(=O)Oc1ccc(OC)cc1,1.127566
*CC(*)C(=O)Oc1ccc([N+](=O)[O-])cc1,1.284056
*CC(*)C(=O)Oc1ccc2c(C)cc(=O)oc2c1,1.204917
*CC(*)C(=O)Oc1cccc(C(=O)OC)c1,1.150553
*CC(*)C(=O)Oc1cccc(C(=O)OCC)c1,1.116718
*CC(*)C(=O)Oc1cccc(C)c1,1.070877
*CC(*)C(=O)Oc1cccc2ccccc12,1.138359
*CC(*)C(=O)Oc1ccccc1,1.122577
*CC(*)C(=O)Oc1ccccc1-c1ccccc1,1.08016
*CC(*)C(=O)Oc1ccccc1C(=O)OC,1.145829
*CC(*)C(=O)Oc1ccccc1C(=O)OCC,1.125675
*CC(*)C(=O)Oc1ccccc1Cl,1.22199
*CC(*)C(=O)SC(C)C,0.996479
*CC(*)C(=O)SCC(C)C,1.009966
*CC(*)C(=O)SCCC,1.033003
*CC(*)C(=O)c1ccc(Br)c(OC)c1,0.178112
*CC(*)C(=O)c1ccc(CC)cc1,0.997864532
*CC(*)C(=O)c1ccc(Cl)cc1,1.213015
*CC(*)C(=O)c1ccc(OC)cc1,1.091046
*CC(*)C(=O)c1ccc(OCC)cc1,1.043726218
*CC(*)C(=O)c1ccccc1,1.061882
*CC(*)C(=O)c1ccccc1O,1.108721
*CC(*)C(=O)n1c2ccccc2c2ccccc21,1.126327
*CC(*)C(C)=O,0.998893
*CC(*)C(C)C,0.74967
*CC(*)C(C)C(F)(F)F,1.131447
*CC(*)C(C)CC,0.76326
*CC(*)C(C)c1ccccc1,0.891631
*CC(*)C(CC)CC,0.756767
*CC(*)C(F)(F)C(F)(F)C(F)(F)F,1.405516
*CC(*)C(F)(F)C(F)(F)F,1.110543
*CC(*)C(F)(F)F,1.377964
*CC(*)C(N)=O,1.179487
*CC(*)C1=NCCN1,1.106626
*CC(*)C1CC=CCC1,0.856034
*CC(*)C1CCC(C)CC1,0.794102
*CC(*)C1CCC1,0.836758
*CC(*)C1CCCC(C)C1,0.750265
*CC(*)C1CCCC1,0.846794
*CC(*)C1CCCCC1,0.775212
*CC(*)C1CCCCC1C,0.792233
*CC(*)C1CCCCCC1,0.817161
*CC(*)C=C(C)C,0.789615
*CC(*)CC,0.793252
*CC(*)CC(C)(C)C,0.751277
*CC(*)CC(C)(C)CC,0.786138
*CC(*)CC(C)C,0.755725
*CC(*)CC(C)C(F)(F)F,1.080279
*CC(*)CC(C)CC,0.77309
*CC(*)CC(CC)CC,0.77726
*CC(*)CC(F)(F)F,1.274531
*CC(*)CC1CCCC1,0.827962
*CC(*)CC1CCCCC1,0.775023
*CC(*)CCC,0.771746
*CC(*)CCC(C)(C)C,0.752314
*CC(*)CCC(C)C,0.788095
*CC(*)CCC(C)C=C(C)C,0.802134
*CC(*)CCC(C)CC,0.78241
*CC(*)CCC(F)(F)F,1.170542
*CC(*)CCC1CCCCC1,0.834118
*CC(*)CCCC,0.777867
*CC(*)CCCC(C)(C)C,0.775292
*CC(*)CCCC(C)C,0.795386
*CC(*)CCCC1CCCCC1,0.849821
*CC(*)CCCCC,0.785613
*CC(*)CCCCCC,0.785903
*CC(*)CCCCCCC,0.788502
*CC(*)CCCCCCCC,0.792168
*CC(*)CCCCCCCCC,0.797429
*CC(*)CCCCCCCCCC,0.799882
*CC(*)CCCCCCCCCCC,0.799381
*CC(*)CCCCCCCCCCCC,0.800246
*CC(*)CCCCCCCCCCCCC,0.802192
*CC(*)CCCCCCCCCCCCCC,0.803723
*CC(*)CCCCCCCCCCCCCCCC,0.803998
*CC(*)CCCCCCCCCCCCCCCCCC,0.808062
*CC(*)CCCN(CC(C)C)CC(C)C,0.810825
*CC(*)CCc1ccc(C)cc1,0.932787
*CC(*)CCc1ccccc1,0.961292
*CC(*)CCc1ccccc1C,0.943588
*CC(*)CN,1.015207
*CC(*)CNc1ccc([N+](=O)[O-])c(C(F)(F)F)c1,1.316022
*CC(*)CNc1ccc([N+](=O)[O-])cn1,1.237584
*CC(*)CO,1.078848
*CC(*)Cc1cc(C)cc(C)c1,0.90402
*CC(*)Cc1cc(C)ccc1C,0.876568
*CC(*)Cc1ccc(C)c(C)c1,0.911055
*CC(*)Cc1ccc(C)cc1,0.889193
*CC(*)Cc1cccc(C)c1,0.922845
*CC(*)Cc1ccccc1,0.952609
*CC(*)Cc1ccccc1C,0.931582
*CC(*)Cl,1.265058
*CC(*)N,1.130167
*CC(*)N1CCCC1=S,0.699246
*CC(*)N1CCCCCC1=O,0.958353
*CC(*)NC(=O)OC(C)(C)C,0.941515
*CC(*)NC=O,1.181309
*CC(*)O,1.046556
*CC(*)OC(=O)/C=C/c1ccccc1,1.089628
*CC(*)OC(=O)C(C)(C(C)C)C(C)C,0.861778
*CC(*)OC(=O)C(C)(C)C(C)(C)CC,0.891119
*CC(*)OC(=O)C(C)(C)C(C)C(C)C,0.877138
*CC(*)OC(=O)C(C)(C)CC(C)(C)C,0.870392
*CC(*)OC(=O)C(C)(C)CCC,0.886766
*CC(*)OC(=O)C(C)(CC)C(C)(C)C,0.862165
*CC(*)OC(=O)C(F)(F)C(F)(F)C(F)(F)C(F)(F)C(F)(F)C(F)(F)C(F)(F)C(F)(F)C(F)(F)F,1.64632
*CC(*)OC(=O)C(F)(F)C(F)(F)C(F)(F)C(F)(F)C(F)(F)C(F)(F)C(F)(F)F,1.611984
*CC(*)OC(=O)C(F)(F)C(F)(F)C(F)(F)C(F)(F)C(F)(F)F,1.593952
*CC(*)OC(=O)C(F)(F)C(F)(F)C(F)(F)C(F)(F)F,1.538867
*CC(*)OC(=O)C(F)(F)C(F)(F)C(F)(F)F,1.51718
*CC(*)OC(=O)C(F)(F)C(F)(F)F,1.481215
*CC(*)OC(=O)C(F)(F)F,1.380878
*CC(*)OC(=O)C1(C)CCCCC1,0.971367
*CC(*)OC(=O)C1(F)C(F)(F)C(F)(F)C(F)(F)C(F)(F)C1(F)F,1.584728
*CC(*)OC(=O)C1CCCC1,1.003272
*CC(*)OC(=O)C1CCCCC1,0.970965
*CC(*)OC(=O)CC(C)(C)c1ccccc1,1.013548
*CC(*)OC(=O)CC(C)=O,1.093872
*CC(*)OC(=O)CC1CCCCC1,0.981481
*CC(*)OC(=O)CCC#N,1.115923
*CC(*)OC(=O)CCCC(=O)c1ccccc1,1.091905
*CC(*)OC(=O)CCCC1CCCCC1,0.950685
*CC(*)OC(=O)CCCCCCCCCCCCCCC,0.866106
*CC(*)OC(=O)CCCCCCCCCCCCCCCCC,0.86164
*CC(*)OC(=O)CCl,1.267981
*CC(*)OC(=O)OC([2H])([2H])[2H],1.13509
*CC(*)OC(=O)OCC(F)(F)F,1.388534
*CC(*)OC(=O)c1ccc(Br)cc1,1.482209
*CC(*)OC(=O)c1ccc(C#N)cc1,1.146164
*CC(*)OC(=O)c1ccc(C)cc1,1.05479
*CC(*)OC(=O)c1ccc(CC)cc1,1.026324
*CC(*)OC(=O)c1ccc(Cl)cc1,1.238066
*CC(*)OC(=O)c1ccc(OC(=O)CCC)cc1,1.090773
*CC(*)OC(=O)c1ccc(OC(C)=O)cc1,1.155439
*CC(*)OC(=O)c1ccc(OC)cc1,1.120402
*CC(*)OC(=O)c1ccc(OCC)cc1,1.065992
*CC(*)OC(=O)c1cccc(Br)c1,0.109757
*CC(*)OC(=O)c1cccc(C)c1,1.031827
*CC(*)OC(=O)c1cccc(Cl)c1,1.224847
*CC(*)OC(=O)c1cccc(OC)c1,1.092535
*CC(*)OC(=O)c1cccc([N+](=O)[O-])c1,1.258003
*CC(*)OC(=O)c1ccccc1,1.11553
*CC(*)OC(=O)c1ccccc1C,1.076179
*CC(*)OC(=O)c1ccccc1Cl,1.245388
*CC(*)OC(=O)c1ccccc1OC,1.108371
*CC(*)OC(=O)c1ccccc1OC(C)=O,1.14433
*CC(*)OC(=O)c1cccnc1,1.106247
*CC(*)OC(=O)c1ccncc1,1.131911
*CC(*)OC(=O)c1nn(C(C)=O)c2ccccc12,1.148561
*CC(*)OC(C)=O,1.053397
*CC(*)OC(C)CC,0.832447
*CC(*)OC(F)(C(F)(F)F)C(F)(F)F,1.521746
*CC(*)OC1CCCCC1,0.906537
*CC(*)OC=O,1.170191
*CC(*)OCC(=O)O,1.275098
*CC(*)OCC(=O)OC,1.160625
*CC(*)OCC(C)(C)C,0.811494
*CC(*)OCC(C)(C)CC,0.823065
*CC(*)OCC(C)(C)CC(C)C,0.85167
*CC(*)OCC(C)C,0.852517
*CC(*)OCC(F)(F)F,1.342284
*CC(*)OCC(N)=O,1.277515
*CC(*)OCCC,0.883882
*CC(*)OCCCC,0.849505
*CC(*)OCCCCC,0.868074
*CC(*)OCCCCCC,0.854094
*CC(*)OCCCCCCCCCCCCCCCCCC,0.834081
*CC(*)OCCCl,1.198586
*CC(*)OCCOc1ccc(/C=C(\C#N)C(=O)OC)cc1,1.116355061
*CC(*)OCCOc1ccc(/N=N/c2ccc(C#N)cc2)cc1,1.097127441
*CC(*)OCc1ccccc1,1.062049
*CC(*)P(=O)(Oc1ccccc1)N(C)C,1.079628
*CC(*)S(=O)(=O)O,1.63829
*CC(*)S(=O)(=O)c1ccccc1,1.262098
*CC(*)S(=O)c1ccc(Cl)cc1,1.260295436
*CC(*)S(=O)c1ccc(F)cc1,1.228714948
*CC(*)S(=O)c1ccc(OC)cc1,1.170319707
*CC(*)SC,1.082078
*CC(*)SCC,1.004022
*CC(*)SCCCC,0.945111
*CC(*)c1c(C)cc(C)cc1C,0.863839
*CC(*)c1c(Cl)cccc1Cl,1.308424
*CC(*)c1c(F)c(F)c(C(F)(F)F)c(F)c1F,1.452859
*CC(*)c1c(F)c(F)c(F)c(F)c1F,1.453903
*CC(*)c1c(F)c(F)c(OC)c(F)c1F,1.327364
*CC(*)c1c(F)c(F)c(OCC(F)(F)C(F)(F)F)c(F)c1F,1.474523
*CC(*)c1c([2H])c([2H])c([2H])c([2H])c1[2H],0.952504
*CC(*)c1cc(C(C)(C)C)ccc1C,0.868743
*CC(*)c1cc(C(C)C)ccc1C(C)C,0.788705
*CC(*)c1cc(C(F)(F)F)cc(C(F)(F)F)c1,1.309704
*CC(*)c1cc(C)c(C)cc1C,0.860258
*CC(*)c1cc(C)cc(C)c1,0.877927
*CC(*)c1cc(C)ccc1C,0.871346
*CC(*)c1cc(C)ccc1F,1.040064
*CC(*)c1cc(Cl)ccc1Cl,0.714606
*CC(*)c1cc(F)ccc1F,1.199724
*CC(*)c1cc(OC(C)CC)ccc1OC(C)CC,0.881869
*CC(*)c1cc(OC)c(O)c(OC)c1,1.081682
*CC(*)c1cc(OC)ccc1OC,1.02591
*CC(*)c1ccc(-c2ccc3c(c2)C(CCCCCC)(CCCCCC)c2ccccc2-3)cc1,0.910749
*CC(*)c1ccc(-c2ccccc2)cc1,1.010723
*CC(*)c1ccc(C#C)cc1,0.955155
*CC(*)c1ccc(C#N)cc1,1.025224
*CC(*)c1ccc(C(=O)C(F)(F)F)cc1,1.228831
*CC(*)c1ccc(C(=O)CCC)cc1,0.380933
*CC(*)c1ccc(C(=O)CCCCCCC)cc1,0.936887
*CC(*)c1ccc(C(=O)CCN2CCCCC2)cc1,1.009744
*CC(*)c1ccc(C(=O)CCN2CCOCC2)cc1,1.070663
*CC(*)c1ccc(C(=O)N2CCCCC2)cc1,1.001955
*CC(*)c1ccc(C(=O)O)c(C(=O)O)c1,1.285466
*CC(*)c1ccc(C(=O)OC(C)C)cc1,0.977351
*CC(*)c1ccc(C(=O)OC)cc1,1.039152
*CC(*)c1ccc(C(=O)OCC(C)C)cc1,0.961355
*CC(*)c1ccc(C(=O)OCC)cc1,0.996406
*CC(*)c1ccc(C(=O)OCCC)cc1,0.996611
*CC(*)c1ccc(C(=O)OCCCC)cc1,0.981986
*CC(*)c1ccc(C(=O)OCCCCCC)cc1,0.962208
*CC(*)c1ccc(C(=O)OOC(C)(C)C)cc1,0.969385271
*CC(*)c1ccc(C(=O)c2ccc(OC)cc2)cc1,1.056761
*CC(*)c1ccc(C(=O)c2ccccc2)cc1,1.067388
*CC(*)c1ccc(C(C)(C)C)cc1,0.843772
*CC(*)c1ccc(C(C)(O)CCC)cc1,0.912773
*CC(*)c1ccc(C(C)(O)CCCC)cc1,0.905591
*CC(*)c1ccc(C(C)C)cc1,0.86306
*CC(*)c1ccc(C(C)C)cc1C(C)C,0.830693
*CC(*)c1ccc(C(C)CC)cc1,0.866907
*CC(*)c1ccc(C(F)(F)C(F)(F)C(F)(F)C(F)(F)C(F)(F)C(F)(F)C(F)(F)F)cc1,1.408496
*CC(*)c1ccc(C(O)CCN(C)C)cc1,0.977024
*CC(*)c1ccc(C(O)CCN2CCCCC2)cc1,0.984788
*CC(*)c1ccc(C(O)CCN2CCOCC2)cc1,1.022726
*CC(*)c1ccc(C)c(C)c1,0.89082
*CC(*)c1ccc(C)cc1,0.914475
*CC(*)c1ccc(C)cc1C,0.901578
*CC(*)c1ccc(C)nc1,0.934166
*CC(*)c1ccc(C=C)cc1,0.915770386
*CC(*)c1ccc(C=O)cc1,1.036824
*CC(*)c1ccc(CC)cc1,0.903415
*CC(*)c1ccc(CCC#C)cc1,0.967916
*CC(*)c1ccc(CCC)cc1,0.911233
*CC(*)c1ccc(CCCC)cc1,0.894637
*CC(*)c1ccc(CCCCCC)cc1,0.874762
*CC(*)c1ccc(CCCCCCCC)cc1,0.867974
*CC(*)c1ccc(CCCCCCCCC)cc1,0.869035
*CC(*)c1ccc(CCCCCCCCCC)cc1,0.866061
*CC(*)c1ccc(CCCCCCCCCCCC)cc1,0.858281
*CC(*)c1ccc(CCCCCCCCCCCCCC)cc1,0.851683
*CC(*)c1ccc(CCCCCCCCCCCCCCCC)cc1,0.851213
*CC(*)c1ccc(CCl)cc1,1.111641
*CC(*)c1ccc(COC)cc1,1.008527
*CC(*)c1ccc(COCC(CC)CCCC)cc1,0.909648
*CC(*)c1ccc(COCCC)cc1,0.959887
*CC(*)c1ccc(COCCCCCC)cc1,0.936371
*CC(*)c1ccc(COCCCCCCOc2ccc(-c3ccc(OC)cc3)cc2)cc1,1.041772
*CC(*)c1ccc(COCCCCO)cc1,1.001379
*CC(*)c1ccc(COCCO)cc1,1.040403
*CC(*)c1ccc(COCCOCC)cc1,1.003754
*CC(*)c1ccc(COCCOCCCC)cc1,0.98179
*CC(*)c1ccc(COc2ccc(-c3ccc(C#N)cc3)cc2)cc1,1.067137
*CC(*)c1ccc(Cl)c(C)c1,1.062955
*CC(*)c1ccc(Cl)c(Cl)c1,1.217204
*CC(*)c1ccc(Cl)c(F)c1,1.19575
*CC(*)c1ccc(Cl)c([N+](=O)[O-])c1,1.247589
*CC(*)c1ccc(Cl)cc1,1.146995
*CC(*)c1ccc(Cl)cc1C,1.106147
*CC(*)c1ccc(Cl)cc1Cl,1.212573
*CC(*)c1ccc(F)cc1,1.07137
*CC(*)c1ccc(F)cc1C,1.027008
*CC(*)c1ccc(N(C)C)cc1,0.989594
*CC(*)c1ccc(OC(C)=O)cc1,1.082164
*CC(*)c1ccc(OC)c(OC)c1,1.022667601
*CC(*)c1ccc(OC)cc1Cl,1.14391
*CC(*)c1ccc(OCC)cc1,0.959785
*CC(*)c1ccc(OCCC(C)C)cc1,0.922277
*CC(*)c1ccc(OCCC)cc1,0.963862
*CC(*)c1ccc(OCCCC)cc1,0.948733
*CC(*)c1ccc(Oc2ccccc2)cc1,1.037457
*CC(*)c1ccc(S(=O)(=O)O)cc1,1.312674
*CC(*)c1ccc(S(=O)(=O)OCCC)cc1,1.153743
*CC(*)c1ccc2ccccc2c1,1.006646
*CC(*)c1cccc(-c2ccc(-c3ccccc3)cc2)c1,1.016685
*CC(*)c1cccc(C)c1,0.894325
*CC(*)c1cccc(C)n1,0.93951
*CC(*)c1cccc(CC)c1,0.888352
*CC(*)c1cccc(Cl)c1,1.124119
*CC(*)c1cccc(F)c1,1.065812
*CC(*)c1cccc(N(c2ccc(C)cc2)c2ccc(C)cc2)c1,0.956448
*CC(*)c1cccc(O)c1,1.024763
*CC(*)c1cccc(OC(C)=O)c1,1.069074
*CC(*)c1cccc2ccccc12,1.010577
*CC(*)c1ccccc1,0.957021
*CC(*)c1ccccc1C,0.910635
*CC(*)c1ccccc1C(=O)N(C)C,0.931397
*CC(*)c1ccccc1C(=O)Nc1ccccc1,1.016266
*CC(*)c1ccccc1C(=O)O,1.113653
*CC(*)c1ccccc1C(=O)OCC,1.01276
*CC(*)c1ccccc1C(=O)Oc1ccccc1,1.075908
*CC(*)c1ccccc1C(F)(F)F,1.164999
*CC(*)c1ccccc1CC,0.877152
*CC(*)c1ccccc1COC,0.973492
*CC(*)c1ccccc1COC(C)C,0.938903
*CC(*)c1ccccc1COCC,0.96856
*CC(*)c1ccccc1COCCC,0.930357
*CC(*)c1ccccc1COCCC(C)C,0.940381
*CC(*)c1ccccc1COCCCC,0.939152
*CC(*)c1ccccc1COCCCCC,0.938463
*CC(*)c1ccccc1COCCc1ccccc1,1.047229
*CC(*)c1ccccc1COCc1ccccc1,1.05457
*CC(*)c1ccccc1Cl,1.139499
*CC(*)c1ccccc1F,1.060938
*CC(*)c1ccccc1O,1.019119
*CC(*)c1ccccc1OC,0.992343
*CC(*)c1ccccn1,0.995268
*CC(*)c1ccncc1,0.981709
*CC(*)c1nc(C)nc(C)n1,0.956129
*CC(*)c1nc(N)nc(N)n1,1.427477
*CC(*)n1c2ccc(Cl)cc2c2cc(Cl)ccc21,1.245618
*CC(*)n1c2ccccc2c2ccccc21,1.06432
*CC(*)n1ccnc1,1.056698
*CC(*)n1cncn1,1.170708239
*CC(=O)C(*)Cc1c(F)c(F)c(F)c(F)c1F,1.408987
*CC(=O)C(*)c1ccc(F)cc1,1.171374
*CC(=O)C(*)c1cccc(C)c1,1.012241588
*CC(=O)NCCCCCCNC(=O)CCc1ccc(O*)cc1,1.056532
*CC(=O)NCCCCCCNC(=O)CO*,1.090981
*CC(=O)NCCCCCCNC(=O)COc1ccc(O*)cc1,1.111479
*CC(=O)NCCCCCCNC(=O)Cc1ccc(O*)cc1,1.074721
*CC(=O)OC(=O)COc1ccc(C(C)(C)c2ccc(O*)cc2)cc1,1.134448
*CC(=O)OC(=O)COc1ccc(O*)cc1,1.246409
*CC(C(=O)Oc1ccccc1)C(C(=O)O)C(*)(C)C,1.090367
*CC(C(C)C)C(COC(=O)c1ccc(C(=O)O*)cc1)C(C)C,1.005339
*CC(C)(C)C(=O)O*,0.986913
*CC(C)(C)C1C(=O)N(C2CCCCC2)C(=O)C1*,0.983729
*CC(C)(C)C1C(=O)OC(=O)C1*,1.070597
*CC(C)(C)C1CC=C(*)CC1,0.85098
*CC(C)(C)CO*,0.901148
*CC(C)(C)COC(=O)C1CCC(C(=O)O*)CC1,1.012887
*CC(C)(C)COC(=O)CCC(=O)O*,1.039221
*CC(C)(C)COC(=O)CCCCC(=O)O*,1.000737
*CC(C)(C)COC(=O)NC1CCC(CC2CCC(NC(=O)O*)CC2)CC1,0.968633095
*CC(C)(C)COC(=O)Nc1ccc(Cc2ccc(NC(=O)O*)c(C)c2)cc1C,1.042086727
*CC(C)(C)COC(=O)c1ccc(C(=O)O*)cc1,1.085485
*CC(C)(C)CS(=O)(=O)CC(C)(C)COC(=O)Nc1ccc(Cc2ccc(NC(=O)O*)cc2)cc1,1.102869587
*CC(C)(C)CS(=O)(=O)CC(C)(C)COC(=O)c1ccc(C(=O)O*)cc1,1.115688
*CC(C)(CC)C(=O)O*,0.947065
*CC(C)(CC)CO*,0.884276
*CC(C)(CCC)C(=O)O*,0.918433
*CC(C)(CO)CO*,1.00755
*CC(C)(N=C=O)C1C(=O)OC(=O)C1*,1.228222
*CC(C)C(*)(C)C,0.775151
*CC(C)C(=O)O*,1.063488
*CC(C)C(C)COC(=O)c1ccc(C(=O)O*)cc1,1.070428
*CC(C)CCC(C)CNC(=O)c1cc(C(=O)N*)cc(C(C)(C)C)c1,0.963618
*CC(C)CO*,0.937426
*CC(C)O*,0.960769
*CC(C)S(*)(=O)=O,1.300676
*CC(C)S/C(=N\c1ccccc1)S*,1.150989242
*CC(CBr)O*,0.147378
*CC(CC(*)(C#N)C#N)(OC(C)=O)c1ccc(OC(=O)CC)cc1,1.003229763
*CC(CC(*)(C#N)C#N)(OC(C)=O)c1ccc(OC(=O)CCC)cc1,1.003189408
*CC(CC(*)(C#N)C#N)(OC(C)=O)c1ccc(OC(=O)OC)cc1,1.067728365
*CC(CC(*)(C#N)C#N)(OC(C)=O)c1ccc(OC(C)=O)cc1,1.032524675
*CC(CC(*)(C#N)C#N)c1ccc(CCl)cc1,1.081552
*CC(CC(*)(C#N)C(=O)OC)c1ccccc1,0.985696
*CC(CC(Cl)(Cl)Cl)O*,1.441668
*CC(CC)(C(=O)O*)c1ccccc1,1.000601155
*CC(CC)(CC)C(=O)O*,0.902963
*CC(CC)(CC)CO*,0.86755
*CC(CC)(CCl)CO*,1.064383
*CC(CC)C(CC)COC(=O)c1ccc(C(=O)O*)cc1,1.033851
*CC(CC)O*,0.919655
*CC(CC)S*,1.025169
*CC(CCC)C(CCC)COC(=O)c1ccc(C(=O)O*)cc1,1.004876
*CC(CCCC)C(CCCC)COC(=O)c1ccc(C(=O)O*)cc1,0.981855
*CC(CCCC)O*,0.872917
*CC(CCCCCC)C(CCCCCC)COC(=O)c1ccc(C(=O)O*)cc1,0.947513
*CC(CCCCCC)O*,0.848375
*CC(CCCCCCCCCCOc1ccc(/N=N/c2ccc(C#N)cc2)cc1)COC(=O)CCCCCCCCCCCCC(=O)O*,0.974832623
*CC(CCCCCCCCOc1ccc(/N=N/c2ccc(C#N)cc2)cc1)COC(=O)CCCCCCCCCCCCC(=O)O*,0.987164177
*CC(CCCCCCOc1ccc(/N=N/c2ccc(C#N)cc2)cc1)COC(=O)CCCCCCCCCCCCC(=O)O*,1.001902439
*CC(CCCCCCOc1ccc(/N=N/c2ccc(C(F)(F)F)cc2)cc1)COC(=O)CCCCC(=O)O*,1.113156247
*CC(CCCCCCOc1ccc(/N=N/c2ccc(C)cc2)cc1)COC(=O)CCCCC(=O)O*,1.032541323
*CC(CCCCCCOc1ccc(/N=N/c2ccc(Cl)cc2)cc1)COC(=O)CCCCC(=O)O*,1.088777998
*CC(CCCCCCOc1ccc(/N=N/c2ccc(OC)cc2)cc1)COC(=O)CCCCC(=O)O*,1.060124902
*CC(CCl)(CCl)COC(=O)c1ccccc1C(=O)O*,1.255609
*CC(CCl)(CCl)O*,1.294344
*CC(CCl)O*,1.266492
*CC(CO)(CO)CO*,1.12373
*CC(CO*)C(C)(C)C,0.873517
*CC(COC(F)(C(F)(F)F)C(F)(F)F)O*,1.532339
*CC(COC)O*,1.0769
*CC(COCC)O*,1.008899
*CC(COCC=C)O*,1.00297
*CC(COCC=C)S*,1.068294
*CC(COCCCC)O*,0.940619
*CC(COCCCCCC)O*,0.905032
*CC(COc1c(C)cccc1C)O*,1.040939292
*CC(COc1c(Cl)cc(C(C)(C)c2cc(Cl)c(O*)c(Cl)c2)cc1Cl)OC(C)=O,1.247555
*CC(COc1ccc(-c2ccccc2)cc1)O*,1.107391335
*CC(COc1ccc(C(C)(C)c2ccc(O*)cc2)cc1)OC(=O)CC,1.039370482
*CC(COc1ccc(C(C)(C)c2ccc(O*)cc2)cc1)OC(=O)CCl,1.110342338
*CC(COc1ccc(C(C)(C)c2ccc(O*)cc2)cc1)OC(=O)c1ccccc1,1.070807
*CC(COc1ccc(C(C)(C)c2ccc(O*)cc2)cc1)OC(=O)c1ccccc1Cl,1.123298
*CC(COc1ccc(C(C)(C)c2ccc(O*)cc2)cc1)OC(C)=O,1.043826819
*CC(COc1ccc(C(C)(c2ccccc2)c2ccc(O*)cc2)cc1)OC(=O)c1ccccc1,1.087297
*CC(COc1ccc(C(C)(c2ccccc2)c2ccc(O*)cc2)cc1)OC(C)=O,1.060914
*CC(COc1ccc(C2CCCC(CC)(c3ccc(O*)cc3)C2)cc1)OC(C)=O,0.990812
*CC(COc1ccc(Cl)cc1)O*,1.228870713
*CC(COc1ccc(O*)cc1)OC(C)=O,1.101015
*CC(COc1ccc(S(=O)(=O)c2ccc(O*)cc2)cc1)OC(C)=O,1.226706
*CC(COc1cccc(C)c1)O*,1.060004557
*CC(COc1ccccc1)O*,1.114230489
*CC(COc1ccccc1C(C)C)O*,1.012643691
*CC(COc1ccccc1C)O*,1.068860019
*CC(COc1ccccc1Cl)O*,1.220838147
*CC(Cl)(C#N)C1C=CC(*)CC1,1.076658
*CC(Cl)C(Cl)C(*)Cl,1.403008
*CC(F)(F)/C(F)=C(/*)Cl,1.547039
*CC(F)(F)C(F)(F)C(F)(F)COC(=O)CCCCC(=O)O*,1.343796
*CC(F)(F)C(F)(F)C(F)(F)COC(=O)c1cc(C(=O)O*)cc(C(F)(F)C(F)(F)C(F)(F)C(F)(F)C(F)(F)C(F)(F)C(F)(F)F)c1,1.532689
*CC(F)(F)C(F)(F)C(F)(F)COC(=O)c1cc(OCCCCC)cc(C(=O)O*)c1,1.251429
*CC(F)(F)C(F)(F)C(F)(F)COC(=O)c1ccc(OCCCCC)c(C(=O)O*)c1,1.256199
*CC(F)(F)C(F)(F)C(F)(F)COC(=O)c1cccc(-c2cccc(C(=O)O*)c2)c1,1.324164
*CC(F)(F)C(F)(F)C(F)(F)COC(=O)c1cccc(C(=O)O*)c1,1.413973
*CC(F)(F)C(F)(F)C(F)(F)COC(=O)c1cccc(C(=O)O*)c1OCCCCC,1.246103
*CC(F)(F)C(F)(F)C(F)(F)COC(=O)c1cccc(C(F)(F)C(F)(F)C(F)(F)C(F)(F)C(F)(F)c2cccc(C(=O)O*)c2)c1,1.420625
*CC(F)(F)C(F)(F)C(F)(F)COC(=O)c1cccc(C(F)(F)C(F)(F)C(F)(F)c2cccc(C(=O)O*)c2)c1,1.399153
*CC(F)(F)C(F)(F)C(F)(F)COc1c(F)c(F)c(O*)c(F)c1F,1.503968
*CC(F)(F)C1(F)C(*)CC(O)(C(F)(F)F)C1(F)F,1.419528
*CC(F)(F)CC(*)(C(F)(F)F)C(F)(F)F,1.53371
*CC(NC=O)C(c1ccccc1)C(*)(C#N)C(=O)OC,0.993697671
*CC(O)CN(*)c1cc(C)c(/N=N/c2ccc(C#N)cc2)c(C)c1,1.066576719
*CC(O)CN(*)c1cc(C)c(/N=N/c2ccc(Cl)cc2)c(C)c1,1.112457948
*CC(O)CN(*)c1ccc(/N=N/c2ccc(C#N)cc2)cc1,1.112220909
*CC(O)CN(*)c1ccc(/N=N/c2ccc(Cl)cc2)cc1,1.184249788
*CC(O)CN(C)S(=O)(=O)c1ccc(-c2ccc(S(=O)(=O)N(C)CC(O)COc3ccc(C(C)(C)c4ccc(O*)cc4)cc3)cc2)cc1,1.18826
*CC(O)CN(C)S(=O)(=O)c1ccc(-c2ccc(S(=O)(=O)N(C)CC(O)COc3ccc(O*)cc3)cc2)cc1,1.239864
*CC(O)CN(C)S(=O)(=O)c1cccc(S(=O)(=O)N(C)CC(O)COc2ccc(-c3ccc(O*)cc3)cc2)c1,1.24855
*CC(O)CN(C)S(=O)(=O)c1cccc(S(=O)(=O)N(C)CC(O)COc2ccc(C(C)(C)c3ccc(O*)cc3)cc2)c1,1.191833
*CC(O)CN(C)S(=O)(=O)c1cccc(S(=O)(=O)N(C)CC(O)COc2ccc(C3(c4ccc(O*)cc4)c4ccccc4-c4ccccc43)cc2)c1,1.20395
*CC(O)CN(C)S(=O)(=O)c1cccc(S(=O)(=O)N(C)CC(O)COc2ccc(O*)cc2)c1,1.257539
*CC(O)CN(C)S(=O)(=O)c1cccc(S(=O)(=O)N(C)CC(O)COc2ccc(S(=O)(=O)c3ccc(O*)cc3)cc2)c1,1.291352
*CC(O)CN(C)S(=O)(=O)c1cccc(S(=O)(=O)N(C)CC(O)COc2ccc(Sc3ccc(O*)cc3)cc2)c1,1.250516
*CC(O)CO*,1.136827
*CC(O)COC(=O)CCCCCCCCC(=O)OCC(O)COc1ccc(C(C)(C)c2ccc(O*)cc2)cc1,1.040809161
*CC(O)COC(=O)CCCCCCCCCCC(=O)OCC(O)COc1ccc(C(C)(C)c2ccc(O*)cc2)cc1,1.035681104
*CC(O)COC(C/C=C/C(OCC(O)COC(c1cccc(C(O*)(C(F)(F)F)C(F)(F)F)c1)(C(F)(F)F)C(F)(F)F)(C(F)(F)F)C(F)(F)F)(C(F)(F)F)C(F)(F)F,1.457053241
*CC(O)COc1c(C)cc(C(C)(C)c2cc(C)c(O*)c(C)c2)cc1C,0.958245348
*CC(O)COc1c(Cl)cc(C(C)(C)c2cc(Cl)c(O*)c(Cl)c2)cc1Cl,1.242073
*CC(O)COc1ccc(C(C)(C)C2CCC(C)(c3ccc(O*)cc3)CC2)cc1,0.986216
*CC(O)COc1ccc(C(C)(C)c2ccc(O*)c(Cl)c2)cc1Cl,1.170493199
*CC(O)COc1ccc(C(C)(CC)c2ccc(O*)cc2)cc1,1.023609181
*CC(O)COc1ccc(C(C)(c2ccccc2)c2ccc(O*)cc2)cc1,1.043083
*CC(O)COc1ccc(C(C)CC(C)(C)c2ccc(O*)cc2)cc1,1.016491
*CC(O)COc1ccc(C2(C)CC(C)(C)c3cc(O*)ccc32)cc1,1.00709
*CC(O)COc1ccc(C2CC(C(C)C)CCC2(C)c2ccc(O*)cc2)cc1,0.966805
*CC(O)COc1ccc(C2CCCC(CC)(c3ccc(O*)cc3)C2)cc1,0.998101
*CC(O)COc1ccc(Cc2ccc(O*)cc2)cc1,1.101069
*CC(O)COc1ccc(O*)cc1,1.12205
*CC(O)COc1ccc(S(=O)(=O)c2ccc(O*)cc2)cc1,1.245138
*CC(O*)C(C)(C)C,0.867821
*CC(O*)C1CC(F)(F)C1(F)F,1.358336
*CC(OC(C)=O)C1C(=O)OC(=O)C1*,1.214574
*CC(OC)C(C(=O)O)C(*)C(=O)O,1.108826
*CC(OC)C1(C)C(=O)OC(=O)C1(*)C,1.006806
*CC(OC)C1C(=O)OC(=O)C1*,1.207504
*CC(OCC)C(C#N)(C#N)C(*)(C#N)C(=O)OC,0.937636
*CC(S*)C(C)(C)C,0.943608
*CC(S*)C(C)C,0.981154
*CC(c1ccccc1)C(C(=O)O)C(*)C(=O)O,1.081259
*CC(c1ccccc1)C(C(=O)O)C(*)C(=O)OCCCCCCCC,0.967024285
*CC(c1ccccc1)C(C(=O)O)C(*)C(=O)OCCCCCCCCCCCCCC,0.939926803
*CC(c1ccccc1)C(C(=O)O)C(*)C(=O)OCCCCCCCCCCCCCCCCCC,0.923646316
*CC(c1ccccc1)C1C(=O)NC(=O)C1*,1.103042
*CC(c1ccccc1)C1C(=O)OC(=O)C1*,1.10142
*CC(c1ccccc1)S(*)(=O)=O,1.172778
*CC/C(C)=C(/*)Cl,1.055936
*CC/C=C(/*)c1ccccc1,0.989230787
*CC1(*)CC(=O)OC1=O,1.389201
*CC1(*)CCC(C)CC1,0.776733
*CC1(*)CCCCC1,0.801984
*CC1(C(=O)O)COCC(*)(C(=O)O)C1,1.269337
*CC1(C)CC(*)(C)C(=O)OC1=O,1.079437
*CC1CC(*)(C)C(=O)OC1=O,1.169633
*CC1CC(*)C(=O)OC1=O,1.275584
*CC1CC(*)OC(CCC)O1,0.95245
*CC1CC(*)OCO1,1.096759
*CC1CC(CNC(=O)c2cccc(C(=O)N*)c2)CC(C(C)(C)C)C1,0.994775
*CC1CCC(*)C1,0.911656
*CC1CCC(CNC(=O)CCCCC(=O)N*)CC1,1.025213143
*CC1CCC(CNC(=O)CCCCCCC(=O)N*)CC1,1.001745206
*CC1CCC(CNC(=O)CCCCCCCC(=O)N*)CC1,0.985911512
*CC1CCC(CNC(=O)c2cc(C(=O)N*)cc(C(C)(C)C)c2)CC1,0.996088
*CC1CCC(CNC(=O)c2cccc(C(=O)N*)c2)CC1,1.073591
*CC1CCC(COC(=O)C2CCC(C(=O)O*)CC2)CC1,1.024313
*CC1CCC(COC(=O)CCC(=O)O*)CC1,1.052284
*CC1CCC(COC(=O)CCCC(=O)O*)CC1,1.052062735
*CC1CCC(COC(=O)CCCCCC(=O)O*)CC1,1.008411901
*CC1CCC(COC(=O)CCCCCCCC(=O)O*)CC1,0.984625863
*CC1CCC(COC(=O)CCCCCCCCC(=O)O*)CC1,0.982724057
*CC1CCC(COC(=O)c2ccc(C(=O)O*)cc2)CC1,1.088364
*CC1CCC(COC(=O)c2cccc(C(=O)O*)c2)CC1,1.092460807
*CC1CCCC(CNC(=O)c2cc(C(=O)N*)cc(C(C)(C)C)c2)C1,0.987597
*CC1CCCC(CNC(=O)c2cccc(C(=O)N*)c2)C1,1.077077
*CC=C1c2ccccc2C(*)c2ccccc21,1.021866
*CCC(*)(C)C,0.785938
*CCC(*)(C)c1ccccc1,0.895876
*CCC(*)C1CCCC1,0.858047
*CCC(=O)N*,1.166164
*CCC(=O)NCCCCCCNC(=O)CCS*,1.070227
*CCC(=O)NCc1c(C)c(C)c(CNC(=O)CCO*)c(C)c1C,1.06069
*CCC(=O)NCc1cc(C)c(CNC(=O)CCO*)cc1C,1.098116
*CCC(C(=O)OC)C(*)C(=O)OC,1.020325
*CCC(C)(C)CC(C)CNC(=O)CCCCC(=O)N*,0.972919
*CCC(C)(C)CC(C)CNC(=O)c1ccc(C(=O)N*)cc1,1.023755
*CCC(C)C(C)CCNC(=O)c1cc(C(=O)N*)cc(C(C)(C)C)c1,0.979719
*CCC(C)C(C)CCNC(=O)c1cccc(C(=O)N*)c1,1.052398
*CCC(C)CC(C)(C)CNC(=O)c1ccc(C(=O)N*)cc1,1.021299
*CCC(C)CC(CC)CNC(=O)c1ccc(C(=O)N*)cc1,1.029076006
*CCC(C)O*,0.928671
*CCC(Cl)C(*)C,1.030426
*CCC(Cl)C(*)Cl,1.275888
*CCC(F)(F)C(*)(F)Cl,1.408923
*CCC(F)(F)C(*)(F)F,1.380669
*CCC([2H])C(*)([2H])C,0.795168
*CCC/C=C(/*)c1ccc(Cl)cc1,1.104687
*CCC/C=C(/*)c1ccc(OC)cc1,1.004822055
*CCC/C=C(/*)c1ccccc1,0.965359393
*CCC1C(=O)N(CC)C(=O)C1*,1.084982
*CCC1C(=O)N(CCC)C(=O)C1*,1.05501
*CCC1CC(*)C2C3CCC(C3)C12,0.919885
*CCC1CCC(*)C1,0.88564
*CCCC(*)(C)C(=O)O,1.007511
*CCCC(*)(C)CC,0.790003
*CCCC(=O)NCCCCCCNC(=O)CCCOC(=O)c1ccc(-c2ccc(C(=O)O*)cc2)cc1,1.100589749
*CCCC(=O)NCCCCCCNC(=O)CCCOC(=O)c1cccc(C(=O)O*)c1,1.099982459
*CCCC(C)(C)CCCNC(=O)c1ccc(C(=O)N*)cc1,1.0205
*CCCC(C)(C)CNC(=O)C(=O)N*,1.03015
*CCCC(C)(C)CNC(=O)CCCC(=O)N*,0.997862
*CCCC(C)(C)CNC(=O)CCCCC(=O)N*,0.99077
*CCCC(C)(C)CNC(=O)CCCCCC(=O)N*,0.976359
*CCCC(C)(C)CNC(=O)CCCCCCCC(=O)N*,0.953702
*CCCC(C)(C)CNC(=O)c1ccc(C(=O)N*)cc1,1.04576
*CCCC(C)(C)CNC(=O)c1cccc(C(=O)N*)c1,1.04395
*CCCC(CC)CCNC(=O)c1ccc(C(=O)N*)cc1,1.046178
*CCCC(CCNC(=O)c1ccc(C(=O)N*)cc1)C(C)C,1.0367
*CCCC(Cl)C(*)Cl,1.200919
*CCCC1(CCCNC(=O)CCCCC(=O)N*)c2ccccc2-c2ccccc21,1.050691
*CCCC1(CCCNC(=O)CCCCCCCCC(=O)N*)c2ccccc2-c2ccccc21,1.011897
*CCCC1(CCCNC(=O)c2cccc(C(=O)N*)c2)c2ccccc2-c2ccccc21,1.092603
*CCCC1(CCCNC(=O)c2ccccc2-c2ccccc2C(=O)N*)c2ccccc2-c2ccccc21,1.061176
*CCCCC(=O)NCCc1ccc(CCNC(=O)CCCCS*)cc1,1.059044146
*CCCCC(=O)NCc1ccc(CNC(=O)CCCCO*)cc1,1.066877
*CCCCC(=O)NCc1ccc(CNC(=O)CCCCS*)cc1,1.088632
*CCCCC(=O)OCCCCCCOC(=O)c1ccc(O*)cc1,1.059147895
*CCCCCC(=O)NCCCCCCNC(=O)CCCCCOC(=O)c1ccc(C(=O)O*)cc1,1.053219623
*CCCCCC(=O)NCc1ccc(CNC(=O)CCCCCO*)cc1,1.048667398
*CCCCCC(=O)NCc1ccc(CNC(=O)CCCCCS*)cc1,1.063575985
*CCCCCC(=O)NCc1ccc(CNC(=O)CCCCO*)cc1,1.059839349
*CCCCCC(=O)NCc1ccc(CNC(=O)CCCO*)cc1,1.067406778
*CCCCCC(=O)Nc1ccc(NC(=O)CCCCCOC(=O)CCCCC(=O)O*)cc1,1.075605101
*CCCCCC(=O)OCCCCCCOC(=O)c1ccc(O*)cc1,1.053435254
*CCCCCC(=O)S*,1.057527
*CCCCCCC(=O)N*,0.969703
*CCCCCCC(=O)NCCc1ccc(CCNC(=O)CCCCCCS*)cc1,1.012721723
*CCCCCCC(=O)NCc1ccc(CNC(=O)CCCCCCO*)cc1,1.023740683
*CCCCCCC(=O)NCc1ccc(CNC(=O)CCCCCCS*)cc1,1.036382
*CCCCCCC(=O)NCc1ccc(CNC(=O)CCCCO*)cc1,1.044443908
*CCCCCCC(=O)NCc1ccc(CNC(=O)CCCO*)cc1,1.060725612
*CCCCCCCC(=O)OCC1(C)COC(*)OC1,1.005195
*CCCCCCCC(=O)OCCCCC1COC(*)O1,1.003407
*CCCCCCCC(=O)OCCOC(=O)CCCCCCCC1OCC2(COC(*)OC2)CO1,1.035085
*CCCCCCCCC(=O)N*,0.946994
*CCCCCCCCC(=O)NCCc1ccc(CCNC(=O)CCCCCCCCS*)cc1,0.984591144
*CCCCCCCCC(=O)NCc1ccc(CNC(=O)CCCCCCCCO*)cc1,0.984544644
*CCCCCCCCC(=O)NCc1ccc(CNC(=O)CCCCCCCCS*)cc1,1.000097086
*CCCCCCCCC(=O)NCc1ccc(CNC(=O)CCCCO*)cc1,1.017489866
*CCCCCCCCC(=O)NCc1ccc(CNC(=O)CCCO*)cc1,1.02860485
*CCCCCCCCCC(=O)N*,0.924175
*CCCCCCCCCCC(=O)N*,0.919366
*CCCCCCCCCCC(=O)NCc1ccc(CNC(=O)CCCCO*)cc1,1.006667097
*CCCCCCCCCCC(=O)NCc1ccc(CNC(=O)CCCO*)cc1,1.007604261
*CCCCCCCCCCC(=O)OCCCCCCOC(=O)c1ccc(O*)cc1,0.997244842
*CCCCCCCCCCC(=O)OCCOC(=O)c1ccc(O*)cc1,1.033461909
*CCCCCCCCCCCCCCCCCCCCOC(=O)Cc1ccc(CC(=O)O*)cc1,0.940873135
*CCCCCCCCCCCCCCCCCCCCOC(=O)c1ccc(-c2ccc(C(=O)O*)cc2)cc1,0.96936753
*CCCCCCCCCCCCCCCCCCCCOC(=O)c1cccc(-c2cccc(C(=O)O*)c2)c1,0.967156281
*CCCCCCCCCCCCCCCCCCCCOC(=O)c1cccc(C(=O)O*)c1,0.948791958
*CCCCCCCCCCCCCCCCCCCCOC(=O)c1ccccc1-c1ccccc1C(=O)O*,0.965543505
*CCCCCCCCCCCCCCCCCCCCOC(=O)c1ccccc1C(=O)O*,0.946208535
*CCCCCCCCCCCCCCCCCCNC(=O)NCc1ccc(CNC(=O)N*)cc1,0.970130187
*CCCCCCCCCCCCCCCCCCNC(=O)c1ccc(C(=O)N*)cc1,0.955766378
*CCCCCCCCCCCCCCCCOC(=O)Nc1ccc(Cc2ccc(NC(=O)O*)cc2)cc1,1.013411459
*CCCCCCCCCCCCCCNC(=O)Cc1ccc(CC(=O)N*)cc1,0.964260168
*CCCCCCCCCCCCCCNC(=O)c1ccc(C(=O)N*)cc1,0.982367451
*CCCCCCCCCCCCNC(=O)CCc1ccc(CCC(=O)N*)cc1,0.969008
*CCCCCCCCCCCCNC(=O)Cc1ccc(CC(=O)N*)cc1,0.98742046
*CCCCCCCCCCCCNC(=O)NCc1ccc(CNC(=O)N*)cc1,1.029675484
*CCCCCCCCCCCCNC(=O)c1ccc(-c2ccc(C(=O)N*)cc2)cc1,1.028987551
*CCCCCCCCCCCCNC(=O)c1ccc(C(=O)N*)cc1,0.997226
*CCCCCCCCCCCCNC(=O)c1cccc(C(=O)N*)c1,1.001096798
*CCCCCCCCCCCCOC(=O)CCCCCNC(=O)c1ccc(C(=O)NCCCCCC(=O)O*)cc1,1.004124074
*CCCCCCCCCCCCOC(=O)Nc1ccc(Cc2ccc(NC(=O)O*)cc2)cc1,1.045837851
*CCCCCCCCCCCCOC(=O)c1cccc(C(=O)O*)c1,1.009024764
*CCCCCCCCCCCNC(=O)c1ccc(C(=O)N*)cc1,1.008433435
*CCCCCCCCCCNC(=O)/C=C(\C)C(=O)N*,0.97816
*CCCCCCCCCCNC(=O)CCCCC(=O)N*,0.954889
*CCCCCCCCCCNC(=O)CCCCCCCCCCC(=O)N*,0.927024
*CCCCCCCCCCNC(=O)CCc1ccc(CCC(=O)N*)cc1,0.990973379
*CCCCCCCCCCNC(=O)Cc1ccc(CC(=O)N*)cc1,1.005531675
*CCCCCCCCCCNC(=O)c1ccc(Cc2ccc(C(=O)N*)cc2)cc1,1.029660973
*CCCCCCCCCCNC(=O)c1cccc(C(=O)N*)c1,1.024308199
*CCCCCCCCCCNC(=O)c1ccccc1C(=O)N*,1.025225388
*CCCCCCCCCCOC(=O)CCCCC(=O)O*,0.95024
*CCCCCCCCCCOC(=O)CCCCCNC(=O)c1ccc(C(=O)NCCCCCC(=O)O*)cc1,1.016366931
*CCCCCCCCCCOC(=O)Cc1ccc(CC(=O)O*)cc1,1.004087483
*CCCCCCCCCCOC(=O)Nc1ccc(Cc2ccc(NC(=O)O*)cc2)cc1,1.073043635
*CCCCCCCCCCOC(=O)c1ccc(-c2ccc(C(=O)O*)cc2)cc1,1.042804
*CCCCCCCCCCOC(=O)c1ccc(C(=O)O*)cc1,1.024318
*CCCCCCCCCCOC(=O)c1ccc(NC(=O)O*)cc1,1.059813354
*CCCCCCCCCCOC(=O)c1ccc2cc(C(=O)O*)ccc2c1,1.062219
*CCCCCCCCCCOC(=O)c1cccc(C(=O)O*)c1,1.029972
*CCCCCCCCCCOC(=O)c1ccccc1-c1ccccc1C(=O)O*,1.033546113
*CCCCCCCCCNC(=O)CCCCC(=O)N*,0.970371
*CCCCCCCCCNC(=O)c1ccc(C(=O)N*)cc1,1.035898
*CCCCCCCCCNC(=O)c1cccc(C(=O)N*)c1,1.044151608
*CCCCCCCCCOC(=O)Nc1ccc(Cc2ccc(NC(=O)O*)cc2)cc1,1.083651523
*CCCCCCCCCOC(=O)c1ccc(C(=O)O*)cc1,1.043273
*CCCCCCCCCSC(=O)S*,1.042252571
*CCCCCCCCNC(=O)CCc1ccc(CCC(=O)N*)cc1,1.002873591
*CCCCCCCCNC(=O)Cc1ccc(CC(=O)N*)cc1,1.027515
*CCCCCCCCNC(=O)c1cccc(C(=O)N*)c1,1.044298
*CCCCCCCCNC(=O)c1ccccc1C(=O)N*,1.047517365
*CCCCCCCCOC(=O)Nc1ccc(C)c(NC(=O)O*)c1,1.083580351
*CCCCCCCCOC(=O)Nc1ccc(Cc2ccc(NC(=O)O*)cc2)cc1,1.098228448
*CCCCCCCCOC(=O)c1ccc(-c2ccc(C(=O)O*)cc2)cc1,1.082556
*CCCCCCCCOC(=O)c1ccc(C(=O)O*)cc1,1.059904
*CCCCCCCCOc1ccc(C(C)(C)c2ccc(O*)cc2)cc1,0.984375527
*CCCCCCCCOc1ccc(C(c2ccc(O*)cc2)(C(F)(F)F)C(F)(F)F)cc1,1.189215506
*CCCCCCCCc1nc2ccc(-c3ccc4nc(*)oc4c3)cc2o1,1.099486
*CCCCCCCNC(=O)c1ccc(C(=O)N*)cc1,1.074736
*CCCCCCCNC(=O)c1cccc(C(=O)N*)c1,1.064753779
*CCCCCCCOC(=O)Nc1ccc(Cc2ccc(NC(=O)O*)cc2)cc1,1.101652931
*CCCCCCCOC(=O)c1ccc(-c2ccc(C(=O)O*)cc2)cc1,1.109317
*CCCCCCCOC(=O)c1ccc(C(=O)O*)cc1,1.075473
*CCCCCCN(C(=O)C(F)(F)C(F)(F)C(F)(F)C(=O)N(*)C(C)C)C(C)C,1.147962
*CCCCCCN(C)C(=O)c1ccc(C(=O)N(*)C)cc1,1.027706248
*CCCCCCN(CC)C(=O)c1ccc(C(=O)N(*)CC)cc1,0.988101229
*CCCCCCNC(=O)/C=C(\C)C(=O)N*,1.04695
*CCCCCCNC(=O)CCC(C)CC(=O)N*,0.987361
*CCCCCCNC(=O)CCC1(CCC(=O)N*)c2ccccc2-c2ccccc21,1.043209
*CCCCCCNC(=O)CCCCCCCC(=O)N*,0.970275
*CCCCCCNC(=O)CCCCCCCCC(=O)N*,0.954669
*CCCCCCNC(=O)CCCCCCCCCCC(=O)N*,0.94065
*CCCCCCNC(=O)Cc1ccc(C(=O)N*)cc1,1.075858
*CCCCCCNC(=O)c1cc(C(=O)N*)cc(C(C)(C)C)c1,1.002745
*CCCCCCNC(=O)c1ccc(C(=O)N*)cc1,1.091524
*CCCCCCNC(=O)c1ccc(C(C)(C)c2ccc(C(=O)N*)cc2)cc1,1.039889822
*CCCCCCNC(=O)c1ccc(C(C)(CC)c2ccc(C(=O)N*)cc2)cc1,1.017377584
*CCCCCCNC(=O)c1ccc(C(C)c2ccc(C(=O)N*)cc2)cc1,1.063149523
*CCCCCCNC(=O)c1ccc(Cc2ccc(C(=O)N*)cc2)cc1,1.070637638
*CCCCCCNC(=O)c1cccc(C(=O)N*)c1,1.07955
*CCCCCCNC(=O)c1ccccc1-c1ccccc1C(=O)N*,1.062729
*CCCCCCNC(=O)c1ccccc1C(=O)N*,1.086745504
*CCCCCCOC(=O)C(=O)O*,1.079358
*CCCCCCOC(=O)C/C(=C/C(=O)O*)c1ccc(OCC)cc1,1.045181659
*CCCCCCOC(=O)CCC(=O)O*,1.033686
*CCCCCCOC(=O)CCCCC(=O)O*,1.001373
*CCCCCCOC(=O)CCCCCCCCC(=O)O*,0.952678
*CCCCCCOC(=O)CCCCCNC(=O)CCCCC(=O)NCCCCCC(=O)O*,1.006226
*CCCCCCOC(=O)CCCS(=O)(=O)Cc1ccc(CS(=O)(=O)CCCC(=O)O*)cc1,1.165317783
*CCCCCCOC(=O)Cc1ccc(CC(=O)O*)cc1,1.059500642
*CCCCCCOC(=O)Nc1ccc(C)c(NC(=O)OCCCCCCOc2ccc(-c3ccc(O*)cc3)cc2)c1,1.074878
*CCCCCCOC(=O)Nc1ccc(Cc2ccc(NC(=O)O*)cc2)cc1,1.114752097
*CCCCCCOC(=O)c1ccc(-c2ccc(C(=O)O*)cc2)cc1,1.108549
*CCCCCCOC(=O)c1ccc(C(=O)O*)cc1,1.10089
*CCCCCCOC(=O)c1ccc2cc(C(=O)O*)ccc2c1,1.101943
*CCCCCCOC(=O)c1cccc(-c2cccc(C(=O)O*)c2)c1,1.096171502
*CCCCCCOC(=O)c1cccc(C(=O)O*)c1,1.08404
*CCCCCCOC(=O)c1ccccc1-c1ccccc1C(=O)O*,1.099628085
*CCCCCCOc1ccc(-c2ccc(O*)c3ccccc23)c2ccccc12,1.060142
*CCCCCCOc1ccc(C(=O)N(C(=O)c2ccc(O*)cc2)c2cc(C)cc(C)c2)cc1,1.046739
*CCCCCCOc1ccc(C(=O)N(C(=O)c2ccc(O*)cc2)c2ccc(Oc3ccccc3)cc2)cc1,1.098172
*CCCCCCOc1ccc(C(=O)N(C(=O)c2ccc(O*)cc2)c2cccc3ccccc23)cc1,1.073981
*CCCCCCOc1ccc(C(=O)N(C(=O)c2ccc(O*)cc2)c2ccccc2)cc1,1.065746
*CCCCCCOc1ccc(C(=O)OC(=O)c2ccc(O*)cc2)cc1,1.111963
*CCCCCCOc1ccc(C(C)(C)c2ccc(O*)cc2)cc1,1.005774089
*CCCCCCS(*)(=O)=O,1.197046
*CCCCCNC(=O)Cc1ccc(C(=O)N*)cc1,1.094578
*CCCCCNC(=O)c1ccc(C(=O)N*)cc1,1.101565
*CCCCCNC(=O)c1cccc(C(=O)N*)c1,1.107454365
*CCCCCOC(=O)CCCCC(=O)O*,1.023669
*CCCCCOC(=O)Cc1ccc(CC(=O)O*)cc1,1.077218136
*CCCCCOC(=O)c1ccc(-c2ccc(C(=O)O*)cc2)cc1,1.133275
*CCCCCOC(=O)c1ccc(C(=O)O*)cc1,1.122916
*CCCCCOC(=O)c1ccc(C(C)(CC)c2ccc(C(=O)O*)cc2)cc1,1.043250648
*CCCCCOC(=O)c1ccc2cc(C(=O)O*)ccc2c1,1.140887
*CCCCCOC(=O)c1cccc(-c2cccc(C(=O)O*)c2)c1,1.120375578
*CCCCCOC(=O)c1cccc(C(=O)O*)c1,1.124167
*CCCCCOC(=O)c1ccccc1-c1ccccc1C(=O)O*,1.104174502
*CCCCCOC(=O)c1ccccc1C(=O)O*,1.127270902
*CCCCCOCO*,0.980891
*CCCCCOc1ccc(-c2ccc(O*)c3ccccc23)c2ccccc12,1.072245
*CCCCCOc1ccc(C(=O)OC(=O)c2ccc(O*)cc2)cc1,1.130986
*CCCCCOc1cccc(C(=O)OC(=O)c2cccc(O*)c2)c1,1.132304
*CCCCCSS*,1.16961
*CCCCN(C)C(=O)c1ccc(C(=O)N(*)C)cc1,1.058405553
*CCCCNC(=O)Cc1ccc(C(=O)N*)cc1,1.121741
*CCCCNC(=O)Cc1ccc(CNC(=O)CCCO*)cc1,1.084833839
*CCCCNC(=O)Nc1ccc(Cc2ccc(NC(=O)O*)cc2)cc1,1.148862
*CCCCNC(=O)c1ccc(C(=O)N*)cc1,1.136965864
*CCCCNC(=O)c1ccc(C(C)(CC)c2ccc(C(=O)N*)cc2)cc1,1.051041006
*CCCCOC(=O)C/C(=C/C(=O)O*)c1ccc(OCC)cc1,1.075115557
*CCCCOC(=O)C1CCC(C(=O)O*)CC1,1.05536
*CCCCOC(=O)CCC(=O)O*,1.09218
*CCCCOC(=O)CCCC(=O)O*,1.05737
*CCCCOC(=O)CCCCC(=O)O*,1.042484
*CCCCOC(=O)CCCCC(=O)OCCCCOC(=O)c1ccc(C(=O)O*)cc1,1.097063358
*CCCCOC(=O)CCCCCCC(=O)OCCCCOC(=O)c1ccc(C(=O)O*)cc1,1.073374588
*CCCCOC(=O)CCCCCCCCC(=O)O*,0.97525
*CCCCOC(=O)CCCCCCCCC(=O)OCCCCOC(=O)c1ccc(C(=O)O*)cc1,1.050488285
*CCCCOC(=O)CCCCCCCCCCC(=O)OCCCCOC(=O)c1ccc(C(=O)O*)cc1,1.038484737
*CCCCOC(=O)CCCCCNC(=O)c1ccc(C(=O)NCCCCCC(=O)O*)cc1,1.068295836
*CCCCOC(=O)COCC(=O)O*,1.148861
*CCCCOC(=O)Nc1ccc(Cc2ccc(NC(=O)O*)cc2)cc1,1.149812659
*CCCCOC(=O)SSSSC(=O)O*,1.384308311
*CCCCOC(=O)c1ccc(C(C)(C)c2ccc(C(=O)O*)cc2)cc1,1.077464393
*CCCCOC(=O)c1ccc(C(C)(CC)c2ccc(C(=O)O*)cc2)cc1,1.056703332
*CCCCOC(=O)c1ccc2cc(C(=O)O*)ccc2c1,1.166844
*CCCCOC(=O)c1cccc(C(=O)O*)c1,1.152085
*CCCCOC(=S)c1cccc(C(=S)O*)c1,1.201626093
*CCCCOc1ccc(-c2ccc(O*)c3ccccc23)c2ccccc12,1.065327
*CCCCOc1ccc(C(=O)OC(=O)c2ccc(O*)cc2)cc1,1.143151
*CCCCOc1ccc(C(=O)OCCOC(=O)c2ccc(O*)cc2)cc1,1.131973
*CCCCOc1cccc(C(=O)OC(=O)c2cccc(O*)c2)c1,1.14767
*CCCCS(*)(=O)=O,1.287865
*CCCCc1ccc(*)cc1,0.963521753
*CCCN(*)C,0.910679
*CCCN(*)C(=O)C(C)(C)C,0.945184
*CCCN(C)C(=O)c1ccc(C(=O)N(*)C)cc1,1.084264571
*CCCN(CC)C(=O)c1ccc(C(=O)N(*)CC)cc1,1.022372318
*CCCN*,0.967748
*CCCNC(=O)CCCCC(=O)NCCCN(*)C,1.013304
*CCCNC(=O)CCCCC(=O)NCCCO*,1.04379
*CCCNC(=O)Cc1ccc(C(=O)N*)cc1,1.152178
*CCCNC(=O)c1ccc(C(=O)NCCCO*)cc1,1.138897
*CCCNC(=O)c1ccc(C(C)(CC)c2ccc(C(=O)N*)cc2)cc1,1.051018222
*CCCNC(=O)c1cccc(C(=O)N*)c1,1.160011
*CCCOC(=O)CCC(=O)O*,1.13055
*CCCOC(=O)CCCC(=O)O*,1.083974
*CCCOC(=O)CCCCC(=O)O*,1.064616
*CCCOC(=O)CCCCCCC(=O)O*,1.021834
*CCCOC(=O)Cc1ccc(CC(=O)O*)cc1,1.130590386
*CCCOC(=O)c1ccc(-c2ccc(C(=O)O*)cc2)cc1,1.16511198
*CCCOC(=O)c1ccc(C(C)(CC)c2ccc(C(=O)O*)cc2)cc1,1.066046785
*CCCOC(=O)c1ccc(O*)cc1,1.142961
*CCCOC(=O)c1ccc2cc(C(=O)O*)ccc2c1,1.192867
*CCCOC(=O)c1cccc(-c2cccc(C(=O)O*)c2)c1,1.153341527
*CCCOC(=O)c1cccc(C(=O)O*)c1,1.194701
*CCCOC(=O)c1ccccc1-c1ccccc1C(=O)O*,1.154578626
*CCCOCCCOC(=O)c1ccc(-c2ccc(C(=O)O*)cc2)cc1,1.148892
*CCCOc1ccc(-c2ccc(O*)c3ccccc23)c2ccccc12,1.0931
*CCCOc1ccc(C(=O)OC(=O)c2ccc(O*)cc2)cc1,1.182427
*CCCOc1cccc(C(=O)OC(=O)c2cccc(O*)c2)c1,1.175624
*CCN(*)C,0.955978
*CCN(*)C(=O)CCC(F)(F)C(F)(F)C(F)(F)C(F)(F)C(F)(F)C(F)(F)C(F)(F)C(F)(F)F,1.558340554
*CCN(*)C(=O)CCCCCCCCCCCC,0.881373338
*CCN(*)C(=O)CCCOc1ccc(SC)cc1,1.130756311
*CCN(*)C(=O)c1cc(F)cc(F)c1,1.311582
*CCN(*)C(=O)c1ccc(Cl)cc1,1.204037064
*CCN(*)C(=O)c1ccc(F)c(F)c1F,1.275322
*CCN(*)C(=O)c1ccc(OC)cc1,1.103055737
*CCN(*)C(=O)c1ccc(OCC=C)cc1,1.080795033
*CCN(*)C(=O)c1ccsc1,1.22547844
*CCN(*)Cc1ccccc1,1.018541
*CCN(C)C(=O)c1ccc(C(=O)N(*)C)cc1,1.099668271
*CCN(CC)C(=O)c1ccc(C(=O)N(*)CC)cc1,1.00907528
*CCN(CCCC(=O)Nc1ccc(/N=N/c2ccccc2)cc1)CCOC(=O)NCCCCCCNC(=O)O*,1.098091632
*CCN(CCCC)C(=O)c1ccc(C(=O)N(*)CCCC)cc1,0.975750117
*CCN(CCOC(=O)NCCCCCCNC(=O)O*)CC(=O)Nc1ccc(/N=N/c2ccccc2)cc1,1.124217989
*CCN(CCOC(=O)NCCCCCCNC(=O)O*)CCC(=O)Nc1ccc(/N=N/c2ccccc2)cc1,1.114302771
*CCN(CCOC(=O)NCCCCCCNC(=O)O*)c1ccc(/N=N/c2ccc(Br)cc2)cc1,1.248332485
*CCN(CCOC(=O)NCCCCCCNC(=O)O*)c1ccc(/N=N/c2ccc(C(C)=O)cc2)cc1,1.114311305
*CCN(CCOC(=O)NCCCCCCNC(=O)O*)c1ccc(/N=N/c2ccc(C(C)C)cc2)cc1,1.068206784
*CCN(CCOC(=O)NCCCCCCNC(=O)O*)c1ccc(/N=N/c2ccc(C)cc2)cc1,1.088739704
*CCN(CCOC(=O)NCCCCCCNC(=O)O*)c1ccc(/N=N/c2ccc(C)cc2C)cc1,1.081203115
*CCN(CCOC(=O)NCCCCCCNC(=O)O*)c1ccc(/N=N/c2ccc(Cl)cc2)cc1,1.150518436
*CCN(CCOC(=O)NCCCCCCNC(=O)O*)c1ccc(/N=N/c2ccc(F)cc2)cc1,1.137408769
*CCN(CCOC(=O)NCCCCCCNC(=O)O*)c1ccc(/N=N/c2ccc(OC)cc2)cc1,1.128493957
*CCN(CCOC(=O)NCCCCCCNC(=O)O*)c1ccc(/N=N/c2ccccc2)cc1,1.102120471
*CCN*,1.028576
*CCNC(=O)c1ccc(C(C)(CC)c2ccc(C(=O)N*)cc2)cc1,1.053328664
*CCNC(=O)c1ccc(O*)cc1,1.168363
*CCNC(=O)c1cccc(C(=O)N*)c1,1.211652
*CCOC(=O)/C=C/C(=O)O*,1.229317
*CCOC(=O)C1CCC(C(=O)O*)CC1,1.103275
*CCOC(=O)CCC(=O)O*,1.175058
*CCOC(=O)CCCCC(=O)O*,1.092877
*CCOC(=O)CCCCCC(=O)O*,1.063859
*CCOC(=O)CCCCCCCC(=O)O*,1.01967
*CCOC(=O)CCCCCCCCC(=O)O*,1.000263
*CCOC(=O)CCCCCNC(=O)c1ccc(C(=O)NCCCCCC(=O)O*)cc1,1.093497026
*CCOC(=O)Cc1ccc(-c2ccc(CC(=O)O*)cc2)cc1,1.151359485
*CCOC(=O)Nc1ccc(-c2ccc(NC(=O)O*)c(C)c2)cc1C,1.153676786
*CCOC(=O)Nc1ccc(C(C)(C)c2ccc(NC(=O)O*)cc2)cc1,1.150468412
*CCOC(=O)Nc1ccc(Cc2ccc(NC(=O)O*)c(C)c2)cc1C,1.12615973
*CCOC(=O)Nc1ccc(NC(=O)O*)cc1,1.273892
*CCOC(=O)c1ccc(-c2ccc(C(=O)O*)cc2)cc1,1.199488
*CCOC(=O)c1ccc(C(=O)O*)c2ccccc12,1.236088
*CCOC(=O)c1ccc(C(C)(CC)c2ccc(C(=O)O*)cc2)cc1,1.072165648
*CCOC(=O)c1ccc(O*)cc1,1.189705
*CCOC(=O)c1ccc2ccc(C(=O)O*)cc2c1,1.219044
*CCOC(=O)c1cccc(C(=O)O*)c1,1.218225
*CCOC(=O)c1cccc2c(C(=O)O*)cccc12,1.230863
*CCOC(=O)c1ccccc1C(=O)O*,1.230876
*CCOC(=S)c1cccc(C(=S)O*)c1,1.264566918
*CCOCC(=O)O*,1.211711
*CCOCC(CCl)O*,1.209632
*CCOCCOC(=O)C(C)C(=O)O*,1.149742
*CCOCCOC(=O)C(CCC)C(=O)O*,1.073627
*CCOCCOC(=O)C(CCCCC)C(=O)O*,1.023453
*CCOCCOC(=O)CCC(=O)O*,1.150754
*CCOCCOC(=O)CCCC(=O)O*,1.120073
*CCOCCOC(=O)CCCCC(=O)O*,1.086877
*CCOCCOC(=O)CCCCCC(=O)O*,1.064926
*CCOCCOC(=O)CCCCCCC(=O)O*,1.045767
*CCOCCOC(=O)CCCCCCCC(=O)O*,1.030708
*CCOCCOC(=O)NCCCCCCNC(=O)O*,1.111761
*CCOCCOC(=O)c1ccc(-c2ccc(C(=O)O*)cc2)cc1,1.206472
*CCOCCOC(=O)c1ccc(C(=O)O*)cc1,1.197829
*CCOCCOC(=O)c1cccc(C(=O)O*)c1,1.203305
*CCOCCOC(=O)c1ccccc1-c1ccccc1C(=O)O*,1.162281878
*CCOCCOC(=O)c1ccccc1C(=O)O*,1.202748
*CCOCCOCCOC(=O)CCCCC(=O)O*,1.086451
*CCOCCOCCOC(=O)CCCCCC(=O)O*,1.070171
*CCOCCOCCOC(=O)NCCCCCCNC(=O)O*,1.108851
*CCOCCOCCOC(=O)c1ccc(-c2ccc(C(=O)O*)cc2)cc1,1.193675
*CCOCCOCCOCCOC(=O)NCCCCCCNC(=O)O*,1.097901
*CCOCCOCCOCCOCCOCCOC(=O)NCCCCCCNC(=O)O*,1.093421
*CCOCCOCCOCCOCCOCc1cc(CO*)cc(OCCCCCCCCCCCCCCCC)c1,0.969334138
*CCOCCOCCOCCOCCOc1ccc(/C=C(\C)c2ccc(O*)cc2)cc1,1.083822
*CCOCCOCCOCCOCc1cc(CO*)cc(OCCCCCCCCCCCCCCCC)c1,0.956416902
*CCOCCOCCOCCOCc1cc(CO*)cc(OCCCCCCCCCCCCCCCCCC)c1,0.95764794
*CCOCCOCCOCCOc1ccc(/C=C(\C)c2ccc(O*)cc2)cc1,1.087292
*CCOCCOCCOc1ccc(/C=C(\C)c2ccc(O*)cc2)cc1,1.068122
*CCOCCOc1ccc(C(=O)OC(=O)c2ccc(O*)cc2)cc1,1.192535
*CCOc1ccc(C(=O)OC(=O)c2ccc(O*)cc2)cc1,1.202979
*CCS/C(=N\CC)S*,1.169041
*CCS/C(=N\c1ccccc1)S*,1.199436862
*CCSSCCO*,1.238539
*CCSSCCOCO*,1.235504
*CCSSSSCCO*,1.354535
*CCc1c(C)c(C)c(*)c(C)c1C,0.893393237
*CCc1cc(*)c(C)cc1C,0.932397
*CCc1cc(Cl)c(*)cc1Cl,1.246431099
*CCc1ccc(*)c(Cl)c1Cl,1.277334045
*CCc1ccc(*)c(F)c1,1.169048
*CCc1ccc(C(=O)O*)cc1,1.145164404
*CCc1ccc(CCNC(=O)CCCCCCCC(=O)N*)cc1,1.00906537
*CCc1ccc(CCNC(=O)CCCCCCCCC(=O)N*)cc1,0.998998
*CCc1ccc(CCNC(=O)CCCCCCCCCC(=O)N*)cc1,1.005888
*CCc1ccc(CCNC(=O)CCCCCCCCCCC(=O)N*)cc1,0.988824032
*CCc1ccc(CCNC(=O)CCCCCCCCCCCC(=O)N*)cc1,0.985024487
*CCc1ccc(CCNC(=O)CCCCCCCCCCCCC(=O)N*)cc1,0.966358
*CCc1ccc(CCNC(=O)CCCCCCCCCCCCCC(=O)N*)cc1,0.956992356
*CCc1ccc(Cc2ccc(*)cc2)cc1,1.024504013
*CCc1ccc(Cc2ccc(CCS*)cc2)cc1,1.074630049
*CNC(=O)CCCC(=O)N*,1.233972
*CNC(=O)OC(c1ccco1)C(OC(=O)NCc1ccc(C(C)(C)c2ccc(*)o2)o1)c1ccco1,1.1925
*CNC(=O)OCC(OC(=O)NCc1ccc(*)o1)c1ccco1,1.255166
*CNC(=O)OCC(OC(=O)NCc1ccc(C(C)(C)c2ccc(*)o2)o1)c1ccco1,1.181881
*CNC(=O)OCC(OC(=O)NCc1ccc(C(CCC)c2ccc(*)o2)o1)c1ccco1,1.162406
*CNC(=O)OCCOC(=O)NCc1ccc(C(C)(C)c2ccc(*)o2)o1,1.185993
*CNC(=O)OCc1ccc(COC(=O)NCc2ccc(C(C)(C)c3ccc(*)o3)o2)o1,1.188935
*CNC(=O)OCc1ccc(COCc2ccc(COC(=O)NCc3ccc(C(C)(C)c4ccc(*)o4)o3)o2)o1,1.195558
*CNC(=O)OCc1cocc1COC(=O)NCc1ccc(C(C)(C)c2ccc(*)o2)o1,1.193862
*COC(=O)NCCCCCCNC(=O)OCc1ccc(*)o1,1.139742
*COC(=O)NCCCCCCNC(=O)OCc1cccc(*)n1,1.114240094
*COC(=O)NCc1ccc(CNC(=O)OCc2ccc(*)o2)o1,1.266993
*COC(=O)Nc1ccc(Cc2ccc(NC(=O)OCc3ccc(*)o3)cc2)cc1,1.201188
*COCOc1ccc(C(=O)OC(=O)c2ccc(O*)cc2)cc1,1.211303
*COc1ccc(C(=O)OC(=O)c2ccc(O*)cc2)cc1,1.213015
*COc1ccc(C(C)(C)c2ccc(O*)cc2)cc1,1.069685038
*CS(=O)(=O)C1CCC(*)S(=O)(=O)C1,1.402842
*Cc1c(C)c(C)c(CNC(=O)CCCCC(=O)N*)c(C)c1C,1.022496202
*Cc1c(C)c(C)c(CSC(=O)C(=O)S*)c(C)c1C,1.079517647
*Cc1c(C)c(C)c(CSC(=O)CCC(=O)S*)c(C)c1C,1.082228797
*Cc1c(C)c(C)c(CSC(=O)CCCCCCC(=O)S*)c(C)c1C,1.015255128
*Cc1cc(*)c(N)c(C)c1N,1.131229703
*Cc1cc(*)c(O)cc1C,1.045611
*Cc1cc(C)c(*)cc1C,0.89624315
*Cc1cc(C)c(C(=O)O*)cc1C,1.04999148
*Cc1cc(C)c(CNC(=O)CCCCC(=O)N*)cc1C,1.064493
*Cc1cc(C)c(CNC(=O)c2ccc(C(=O)N*)cc2)cc1C,1.113647
*Cc1cc(CNC(=O)CCCCC(=O)N*)cc(C(C)(C)C)c1,1.027109
*Cc1cc(CNC(=O)c2cccc(C(=O)N*)c2)cc(C(C)(C)C)c1,1.07438
*Cc1ccc(-c2ccc(C(=O)O*)cc2)cc1,1.119980214
*Cc1ccc(C(=O)N*)cc1,1.18267554
*Cc1ccc(CN(C)C(=O)CCCCC(=O)N(*)C)cc1,1.06854409
*Cc1ccc(CN(C)C(=O)CCCCCCC(=O)N(*)C)cc1,1.03999408
*Cc1ccc(CN(C)C(=O)CCCCCCCCC(=O)N(*)C)cc1,1.007033423
*Cc1ccc(CN(C)C(=O)CCCCCCCCCCC(=O)N(*)C)cc1,0.992606204
*Cc1ccc(CN(C)C(=O)CCCCCCCCCCCCC(=O)N(*)C)cc1,0.971297273
*Cc1ccc(CN(CC)C(=O)CCCCC(=O)N(*)CC)cc1,1.013801665
*Cc1ccc(CN(CC)C(=O)CCCCCCC(=O)N(*)CC)cc1,0.991675767
*Cc1ccc(CN(CC)C(=O)CCCCCCCCC(=O)N(*)CC)cc1,0.980332205
*Cc1ccc(CN(CC)C(=O)CCCCCCCCCCC(=O)N(*)CC)cc1,0.968011414
*Cc1ccc(CN(CC)C(=O)CCCCCCCCCCCCC(=O)N(*)CC)cc1,0.949108297
*Cc1ccc(CN(CC)C(=O)CCCCCCCCCCCCCCC(=O)N(*)CC)cc1,0.937088136
*Cc1ccc(CN/C(C)=N/*)cc1,1.06228659
*Cc1ccc(CNC(=O)CC(C)(C)CC(C)C(=O)N*)cc1,1.053632
*Cc1ccc(CNC(=O)CCCCC(=O)N*)cc1,1.110901106
*Cc1ccc(CNC(=O)CCCCCCCCC(=O)N*)cc1,1.039789
*Cc1ccc(CNC(=O)CCCCCCCCCC(=O)N*)cc1,1.022751
*Cc1ccc(CNC(=O)CCCCCCCCCCC(=O)N*)cc1,1.011629
*Cc1ccc(CNC(=O)CCCCCCCCCCCC(=O)N*)cc1,0.997469
*Cc1ccc(CNC(=O)CCCCCCCCCCCCC(=O)N*)cc1,0.989165407
*Cc1ccc(CNC(=O)CCCCCCCCCCCCCCC(=O)N*)cc1,0.977332891
*Cc1ccc(CNC(=O)CCCCCCCCCCCCCCCC(=O)N*)cc1,0.967137289
*Cc1ccc(CNC(=O)c2cc(C(=O)N*)cc(C(C)(C)C)c2)cc1,1.070172
*Cc1ccc(COC(=O)CCCCCCC(=O)O*)cc1,1.062836641
*Cc1ccc(COC(=O)CCCCCCCCCCC(=O)O*)cc1,1.004809328
*Cc1ccc(COC(=O)CCCCCCCCCCCCCCCCCCC(=O)O*)cc1,0.947319595
*Cc1ccc(COC(=O)CCCCS(=O)(=O)CCCCC(=O)O*)cc1,1.140839851
*Cc1ccc(COC(=O)CCCCSCCCCC(=O)O*)cc1,1.080722105
*Cc1ccc(COC(=O)c2cccc(C(=O)O*)c2)cc1,1.172079
*Cc1ccc(CSC(=O)NCCCCCCNC(=O)S*)cc1,1.143140815
*Cc1ccc(CSSS*)cc1,1.366094
*Cc1cccc(CN(C)C(=O)CCCCC(=O)N(*)C)c1,1.063035162
*Cc1cccc(CNC(=O)/C=C(\C)C(=O)N*)c1,1.129872208
*Cc1cccc(CNC(=O)CCC2(CCC(=O)N*)c3ccccc3-c3ccccc32)c1,1.100879
*Cc1cccc(CNC(=O)CCCCC(=O)N*)c1,1.107045
*Cc1cccc(CNC(=O)c2cc(C(=O)N*)cc(C(C)(C)C)c2)c1,1.082251
*Cc1cccc(CNC(=O)c2cccc(C(=O)N*)c2)c1,1.182452
*Cc1cccc(CNC(=O)c2ccccc2-c2ccccc2C(=O)N*)c1,1.131854
*Cc1ccccc1CSS*,1.220249
*N1C(=O)C2=C(C=C(C=C2)C2=CC=C3C(=O)N(C(=O)C3=C2)C2=C3C=CC=C(*)C3=CC=C2)C1=O,1.012801085
*N1CCOC1(*)CC,0.854464
*N=C1C=CC(=NC2=CC(=O)C(*)=CC2=O)C=C1,1.147573076
*NC(=O)/C=C/C(=O)Nc1nc(*)nc(N)n1,1.425494
*NC(=O)NCCCCCCNC(=O)Nc1cccc(*)n1,1.159755198
*NC(=O)Nc1ccc(Cc2ccc(NC(=O)Nc3cccc(*)n3)cc2)cc1,1.156345
*Nc1cc(*)ccc1C,1.043061788
*Nc1cc(*)ccc1CC,1.009226587
*Nc1cc(*)ccc1CCCCCCCCCCCC,0.896679
*Nc1cc(*)ccc1N,1.205910253
*Nc1cc(*)ccc1OCCCCCC,0.997820895
*Nc1cc(C)c(*)cc1C,0.926020023
*Nc1cc(C)c(*)cc1OC,1.006691277
*Nc1cc(OCC)c(*)cc1OCC,0.969552939
*Nc1cc(OCCCC)c(*)cc1OCCCC,0.970342356
*Nc1cc(OCCCCCC)c(*)cc1OCCCCCC,0.928014078
*Nc1ccc(*)cc1-c1ccccc1,1.056212184
*Nc1ccc(*)cc1C,1.035507528
*Nc1ccc(*)cc1C(C)C,0.91867277
*Nc1ccc(*)cc1C(C)CC,0.927110425
*Nc1ccc(*)cc1CCC,0.955944653
*Nc1ccc(*)cc1Cl,1.282885823
*Nc1ccc(*)cc1F,1.281567509
*Nc1ccc(*)cc1N,1.219693637
*Nc1ccc(*)cc1OCCCC,0.999733012
*Nc1ccc(*)cc1OCCCCCC,0.978006073
*Nc1ccc(*)cc1OCCCCCCCCCCCC,0.925420421
*Nc1ccc(-c2ccc(*)cc2)c(C)c1,1.022611513
*Nc1ccc(-c2ccc(*)cc2)c(OC)c1,1.081858951
*Nc1ccc(-c2ccc(*)cc2)cc1,1.085849222
*OC(*)(C)C,0.911847
*OC(*)C,1.014894
*OC(*)CCC,0.895652
*OC(*)CCC#N,1.098816
*OC(*)CCCC,0.878944
*OC(*)CCCCC,0.852991
*OC(*)CCCCCC,0.858886
*OC(*)CCCCCCC,0.853596
*OC(*)CCCCCCCC,0.846646
*OC(=O)CCS(=O)(=O)Cc1ccc(CS(=O)(=O)CCC(*)=O)cc1,1.327446356
*OC(=O)CCSCc1ccc(CSCCC(*)=O)cc1,1.19764915
*OC(=O)CCSc1ccc(SCCC(*)=O)cc1,1.257053945
*OC(=O)CCc1ccc(CCC(*)=O)cc1,1.129321919
*OC(=O)CSCc1ccc(CSCC(*)=O)cc1,1.266518249
*OC(=O)c1ccc(C(*)=O)cc1,1.25813
*OC(=O)c1ccc(C(C)(C)c2ccc(C(*)=O)cc2)cc1,1.060471
*OC(=O)c1ccc(Cc2ccc(C(*)=O)cc2)cc1,1.131897753
*OC(=O)c1ccc(SCCCCSc2ccc(C(*)=O)cc2)cc1,1.208305
*OC(=O)c1cccc(C(=O)Oc2ccc3c(c2)Oc2cc(*)ccc2C32OC(=O)c3ccccc32)c1,1.218958
*OC(C(*)=O)C(C)C,0.963853
*OC(C)C(*)=O,1.06851
*OC(C)CC(*)=O,1.063013
*OC(C)CCCC(C)C(*)=O,0.935855
*OC(C)CCOC(=O)c1ccc(-c2ccc(C(*)=O)cc2)cc1,1.126774
*OC(C)CCOC(=O)c1cccc(-c2cccc(C(*)=O)c2)c1,1.104079356
*OC(C)CCOC(=O)c1ccccc1-c1ccccc1C(*)=O,1.124369133
*OC(C)COC(=O)/C=C(/CC(*)=O)c1cc(C)ccc1OC,1.062891963
*OC(C)COC(=O)/C=C(/CC(*)=O)c1ccc(OCC)cc1,1.069663888
*OC(C)COC(=O)c1ccc(-c2ccc(C(*)=O)cc2)cc1,1.136564089
*OC(C)COC(=O)c1ccc(C(*)=O)cc1,1.165455
*OC(C)COC(=O)c1cccc(-c2cccc(C(*)=O)c2)c1,1.12852931
*OC(C)COC(=O)c1cccc(C(*)=O)c1,1.151352
*OC(C)COC(=O)c1ccccc1-c1ccccc1C(*)=O,1.126200767
*OC(C)COC(=O)c1ccccc1C(*)=O,1.16997
*OC(C)COCC(C)OC(=O)c1ccccc1C(*)=O,1.115238
*OC(CC(*)=O)C(C)(C)C,0.954092
*OC(CC(*)=O)C(C)(Cl)Cl,1.316126
*OC(CC(*)=O)C(Cl)(Cl)Cl,1.512696
*OC(CC(*)=O)C(Cl)Cl,1.431189
*OC(CC)CC(*)=O,1.015036
*OC(CCl)C(*)CCl,1.334817
*OC(F)(F)C(F)(F)C(F)(F)C(*)(F)F,1.696413
*OC(F)(F)COC(=O)c1cc(OCCCCC)cc(C(=O)OCC(*)(F)F)c1,1.237324
*OC(F)(F)COC(=O)c1cccc(C(=O)OCC(*)(F)F)c1,1.409772
*OC(F)(F)COC(=O)c1cccc(C(F)(F)C(F)(F)C(F)(F)c2cccc(C(=O)OCC(*)(F)F)c2)c1,1.414333
*OC(c1ccc(Cl)cc1)C(C)(C)C(*)=O,1.106174
*OC(c1ccc(OC)cc1)C(C)(C)C(*)=O,1.020816999
*OC(c1ccccc1)C(C)(C)C(*)=O,1.017242
*OC1C(C)(C)C(OC(=O)C2CCC(C(*)=O)CC2)C1(C)C,0.986198
*OC1C(C)(C)C(OC(=O)c2ccc(C(*)=O)cc2)C1(C)C,1.034462
*OC1C(CO)OC(*)C(NC(C)=O)C1O,0.98095
*OC1CCC(OC(=O)CCC(*)=O)CC1,1.086296027
*OC1CCC(OC(=O)CCCCC(*)=O)CC1,1.058776
*OC1CCC(OC(=O)CCCCCCCCC(*)=O)CC1,0.989317
*ON(C(F)(F)C(*)(F)F)C(F)(F)C(F)(F)Br,1.94618
*ON(C(F)(F)F)C(F)(Br)C(*)(F)F,2.017905
*ON(C(F)(F)F)C(F)(C(*)(F)F)C(F)(F)F,1.681047
*ON(C(F)(F)F)C(F)(Cl)C(*)(F)F,1.717055
*OS(=O)(=O)c1ccc(S(=O)(=O)c2ccc(S(=O)(=O)Oc3ccc(S(=O)(=O)c4ccc(*)cc4)cc3)cc2)cc1,1.375232842
*Oc1c(-c2ccccc2)cc(-c2cc(-c3ccccc3)c(OC(=O)CCCCCCCCC(*)=O)c(-c3ccccc3)c2)cc1-c1ccccc1,1.052987
*Oc1c(-c2ccccc2)cc(Cc2cc(-c3ccccc3)c(OC(=O)CCCCC(*)=O)c(-c3ccccc3)c2)cc1-c1ccccc1,1.065074
*Oc1c(-c2ccccc2)cc(Cc2cc(-c3ccccc3)c(OC(=O)CCCCCC(*)=O)c(-c3ccccc3)c2)cc1-c1ccccc1,1.078251
*Oc1c(C(C)C)cc(C(*)=O)cc1C(C)C,0.867539905
*Oc1c(C(C)C)cc(C(=O)c2cccc(C(=O)c3ccc(*)cc3)c2)cc1C(C)C,1.037301
*Oc1c(C)c(C)c(NC(=O)c2ccc(C(=O)Nc3ccc(*)cc3)cc2)c(C)c1C,1.058277
*Oc1c(C)c(C)c(Oc2ccc(NC(=O)c3ccc(C(=O)Nc4ccc(*)cc4)cc3)cc2)c(C)c1C,1.093031
*Oc1c(C)cc(*)cc1C(C)CCCCCCCCCCCC,0.865601196
*Oc1c(C)cc(-c2cc(C)c(OC(=O)CCCCC(*)=O)c(C)c2)cc1C,1.081859
*Oc1c(C)cc(-c2cc(C)c(OC(=O)CCCCCC(*)=O)c(C)c2)cc1C,1.052016
*Oc1c(C)cc(-c2cc(C)c(OC(=O)CCCCCCCCC(*)=O)c(C)c2)cc1C,1.027821
*Oc1c(C)cc(/N=N/c2ccc(C(*)=O)cc2)cc1C,1.072482224
*Oc1c(C)cc(C(C)(C)c2cc(C)c(OC(*)=O)c(Cl)c2)cc1Cl,1.096453101
*Oc1c(C)cc(C(C)(C)c2cc(C)c(OC(=O)CCCCC(*)=O)c(C)c2)cc1C,0.987237719
*Oc1c(C)cc(C(C)(C)c2cc(C)c(OC(=O)CCCCCC(*)=O)c(C)c2)cc1C,0.978439051
*Oc1c(C)cc(C(C)(C)c2cc(C)c(OC(=O)CCCCCCCCC(*)=O)c(C)c2)cc1C,0.977868541
*Oc1c(C)cc(C(C)(C)c2cc(C)c(OC(=O)c3ccc(C(*)=O)cc3)c(C)c2)cc1C,1.027504
*Oc1c(C)cc(C(C)(C)c2cc(C)c(OC(=O)c3cccc(C(*)=O)c3)c(C)c2)cc1C,1.012936
*Oc1c(C)cc(CC(*)C=C)cc1C,0.959369332
*Oc1c(CC(C)C)cc(*)cc1-c1ccccc1,0.929828939
*Oc1c(CCC)cc(*)cc1-c1ccccc1,0.967827917
*Oc1c(CCCCC)cc(*)cc1-c1ccccc1,0.972596446
*Oc1c(CCCCCCC)cc(*)cc1-c1ccccc1,0.947356579
*Oc1c(CCCCCCCCC)cc(*)cc1-c1ccccc1,0.93467907
*Oc1c(Cl)cc(C(C)(C)c2cc(Cl)c(OC(=O)CCCCC(*)=O)c(Cl)c2)cc1Cl,1.231797002
*Oc1c(Cl)cc(C(c2cc(Cl)c(OC(*)=O)c(Cl)c2)C(Cl)(Cl)Cl)cc1Cl,1.365905733
*Oc1c([2H])c([2H])c(C(c2c([2H])c([2H])c(OC(*)=O)c([2H])c2[2H])(C([2H])([2H])[2H])C([2H])([2H])[2H])c([2H])c1[2H],1.110963
*Oc1cc(C)c(*)cc1C,0.959749343
*Oc1cc(C)c(CC(*)C=C)cc1C,0.946355
*Oc1cc(C)cc(OC(=O)c2cccc(C(*)=O)c2)c1,1.162738
*Oc1cc(CC)cc(OC(=O)c2cccc(C(*)=O)c2)c1,1.11171
*Oc1cc(CCCC)cc(OC(=O)c2cccc(C(*)=O)c2)c1,1.100663
*Oc1cc(CCCCCC)cc(OC(=O)c2cccc(C(*)=O)c2)c1,1.062554
*Oc1cc(CCCCCCCC)cc(OC(=O)c2cccc(C(*)=O)c2)c1,1.044084
*Oc1cc(CCCCCCCCC)cc(OC(=O)c2cccc(C(*)=O)c2)c1,1.024594
*Oc1cc(CCCCCCCCCCC)cc(OC(=O)c2cccc(C(*)=O)c2)c1,1.019283
*Oc1cc(CCCCCCCCCCCCC)cc(OC(=O)c2cccc(C(*)=O)c2)c1,1.000393
*Oc1cc(Cl)c(C(C)(C)c2c(Cl)cc(OC(*)=O)cc2Cl)c(Cl)c1,1.402018
*Oc1cc(Oc2ccc(C(C)(C)c3ccc(*)cc3)cc2)cc([N+](=O)[O-])c1,1.098236
*Oc1ccc(*)cc1,1.18040751
*Oc1ccc(-c2cc(-c3ccccc3)c(-c3ccc(OC(=O)c4ccc(C(*)=O)cc4-c4ccccc4)cc3)c(-c3ccccc3)c2-c2ccccc2)cc1,0.994207
*Oc1ccc(-c2ccc(-c3ccc(Oc4ccc(C(=O)c5cccc(C(=O)c6ccc(*)cc6)c5)cc4)cc3)cc2)cc1,1.127746
*Oc1ccc(-c2ccc(C(*)=O)cc2)cc1,1.160721187
*Oc1ccc(-c2ccc(OC(*)(Oc3ccccc3)Oc3ccccc3)c(C)c2)cc1C,0.963962
*Oc1ccc(-c2ccc(OC(*)(Oc3ccccc3)Oc3ccccc3)cc2)cc1,0.946834
*Oc1ccc(-c2ccc(OC(=O)/C=C/c3ccc(/C=C/C(*)=O)cc3)cc2)cc1,1.143132
*Oc1ccc(-c2ccc(OC(=O)CCCCCC(*)=O)cc2)cc1,1.114447933
*Oc1ccc(-c2ccc(OC(=O)CCCCCCC(*)=O)cc2)cc1,1.096125205
*Oc1ccc(-c2ccc(OC(=O)CCCCCCCC(*)=O)cc2)cc1,1.085228818
*Oc1ccc(-c2ccc(OC(=O)CCCCCCCCC(*)=O)cc2)cc1,1.067006462
*Oc1ccc(-c2ccc(OC(=O)CCCCCCCCCC(*)=O)cc2)cc1,1.052217358
*Oc1ccc(-c2ccc(OC(=O)CCCCCCCCCCC(*)=O)cc2)cc1,1.048800246
*Oc1ccc(-c2ccc(OC(=O)CCCCCCCCCCCC(*)=O)cc2)cc1,1.035543983
*Oc1ccc(-c2ccc(OC(=O)CCCCCCCCCCCCC(*)=O)cc2)cc1,1.035429
*Oc1ccc(-c2ccc(OC(=O)c3cc(CCCCC)cc(C(*)=O)c3)cc2)cc1,1.087005
*Oc1ccc(-c2ccc(OC(=O)c3ccc(C(*)=O)cc3)cc2)cc1-c1ccccc1,1.119574
*Oc1ccc(-c2ccc(OC(=O)c3cccc(C(*)=O)c3)cc2)cc1,1.166916
*Oc1ccc(-c2ccc(Oc3ccc(C(=O)c4cccc(C(=O)c5ccc(*)cc5)c4)cc3)cc2)cc1,1.115029
*Oc1ccc(-c2ccc(Oc3ccc(C(=O)c4ccccc4-c4ccccc4C(=O)c4ccc(*)cc4)cc3)cc2)cc1,1.04422
*Oc1ccc(/C=C/C(*)=O)cc1,1.175796
*Oc1ccc(/C=C/C(=O)c2ccc(Oc3ccc(C(C)(C)c4ccc(*)c(C)c4)cc3C)cc2)cc1,1.024743
*Oc1ccc(/C=C/C(=O)c2ccc(Oc3ccc(C(C)(C)c4ccc(*)cc4)cc3)cc2)cc1,1.045728
*Oc1ccc(/C=C/C(=O)c2ccc(Oc3ccc(C(C)(c4ccccc4)c4ccc(*)cc4)cc3)cc2)cc1,1.06757
*Oc1ccc(/N=N/c2ccc(*)cc2)cc1,1.124419507
*Oc1ccc(/N=N/c2ccc(C(*)=O)cc2)c(CCCCCCCCCCCCCCC)c1,0.965679908
*Oc1ccc(/N=N/c2ccc(C(*)=O)cc2)cc1,1.171766108
*Oc1ccc(/N=N/c2ccc(C(*)=O)cc2)cc1C,1.13925078
*Oc1ccc(/N=N/c2ccc(OC(=O)CC(C)CCC(*)=O)cc2C)c(C)c1,1.085747183
*Oc1ccc(C(*)=O)cc1,1.212982
*Oc1ccc(C(*)=O)cc1CCCCCC,0.977038436
*Oc1ccc(C(*)=O)cc1CCCCCCCCCC,0.948614378
*Oc1ccc(C(*)=O)cc1CCCCCCCCCCCC,0.925162069
*Oc1ccc(C(*)=O)cc1CCCCCCCCCCCCCC,0.924912
*Oc1ccc(C(*)=O)cc1CCCCCCCCCCCCCCCC,0.91368793
*Oc1ccc(C(*)=O)cc1CCCCCCCCCCCCCCCCCC,0.911357895
*Oc1ccc(C(=O)NCC(C)(C)CCCNC(=O)c2ccc(*)cc2)cc1,1.058369
*Oc1ccc(C(=O)Nc2cc(SCCC#N)c(NC(=O)c3ccc(*)cc3)cc2SCCC#N)cc1,1.178097
*Oc1ccc(C(=O)OCCCCCCOC(=O)c2ccc(*)cc2)cc1,1.09082
*Oc1ccc(C(=O)OCCCCCOC(=O)c2ccc(*)cc2)cc1,1.111667
*Oc1ccc(C(=O)OCCCCOC(=O)c2ccc(*)cc2)cc1,1.13918
*Oc1ccc(C(=O)OCCCOC(=O)c2ccc(*)cc2)cc1,1.166085
*Oc1ccc(C(=O)OCCOC(=O)c2ccc(*)cc2)cc1,1.183738
*Oc1ccc(C(=O)c2ccc(C(=O)c3ccc(*)c(C(C)C)c3)cc2)cc1C,1.033163
*Oc1ccc(C(=O)c2ccc(C(=O)c3ccc(*)cc3)cc2)cc1,1.137285
*Oc1ccc(C(=O)c2ccc(Oc3ccc(C(=O)c4cccc(C(=O)c5ccc(*)cc5)c4)cc3)cc2)cc1,1.143277
*Oc1ccc(C(=O)c2cccc(C(=O)c3ccc(*)c(C(C)C)c3)c2)cc1C,1.031224
*Oc1ccc(C(=O)c2cccc(C(=O)c3ccc(*)c(C(C)C)c3)c2)cc1CC,1.011566
*Oc1ccc(C(=O)c2cccc(C(=O)c3ccc(*)c(CC)c3)c2)cc1CC,1.051094
*Oc1ccc(C(=O)c2cccc(C(=O)c3ccc(*)cc3)c2)cc1,1.135808
*Oc1ccc(C(=O)c2ccccc2)c(-c2cc(Oc3ccc(-c4ccc(*)cc4)cc3)ccc2C(=O)c2ccccc2)c1,1.033603
*Oc1ccc(C(=O)c2ccccc2)c(-c2cc(Oc3ccc(C(C)(C)c4ccc(*)cc4)cc3)ccc2C(=O)c2ccccc2)c1,1.023805
*Oc1ccc(C(=O)c2ccccc2)c(-c2cc(Oc3ccc(C(c4ccc(*)cc4)(C(F)(F)F)C(F)(F)F)cc3)ccc2C(=O)c2ccccc2)c1,1.134062
*Oc1ccc(C(C)(C)c2cc(Cl)c(OC(*)=O)c(Cl)c2)cc1,1.195318104
*Oc1ccc(C(C)(C)c2ccc(C(C)(C)c3ccc(Oc4ccc(C(=O)Nc5ccc(NC(=O)c6ccc(*)cc6)cc5)cc4)cc3)cc2)cc1,1.062453
*Oc1ccc(C(C)(C)c2ccc(C(C)(C)c3ccc(Oc4ccc(C(=O)Nc5cccc(NC(=O)c6ccc(*)cc6)c5)cc4)cc3)cc2)cc1,1.077773
*Oc1ccc(C(C)(C)c2ccc(OC(*)(Oc3ccccc3)Oc3ccccc3)cc2)cc1,0.996871
*Oc1ccc(C(C)(C)c2ccc(OC(*)=O)c(C(C)C)c2)cc1C(C)C,0.953820148
*Oc1ccc(C(C)(C)c2ccc(OC(*)=O)c(C)c2)cc1C,1.027559076
*Oc1ccc(C(C)(C)c2ccc(OC(*)=O)c(CC)c2)cc1CC,1.006186116
*Oc1ccc(C(C)(C)c2ccc(OC(*)=O)c(Cl)c2)cc1,1.163251
*Oc1ccc(C(C)(C)c2ccc(OC(*)=O)c(Cl)c2)cc1C,1.120462
*Oc1ccc(C(C)(C)c2ccc(OC(*)=O)c(Cl)c2)cc1Cl,1.191858
*Oc1ccc(C(C)(C)c2ccc(OC(*)=S)cc2)cc1,1.06991806
*Oc1ccc(C(C)(C)c2ccc(OC(=O)/C=C/C(*)=O)cc2)cc1,1.075528595
*Oc1ccc(C(C)(C)c2ccc(OC(=O)C(*)=O)cc2)cc1,1.119549048
*Oc1ccc(C(C)(C)c2ccc(OC(=O)C3CCC(C(*)=O)CC3)cc2)cc1,1.068034
*Oc1ccc(C(C)(C)c2ccc(OC(=O)CCC(*)=O)cc2)cc1,1.104572775
*Oc1ccc(C(C)(C)c2ccc(OC(=O)CCCCC(*)=O)cc2)cc1,1.074914508
*Oc1ccc(C(C)(C)c2ccc(OC(=O)CCCCCCCCC(*)=O)cc2)cc1,1.029038272
*Oc1ccc(C(C)(C)c2ccc(OC(=O)c3ccc(C(*)=O)cc3)c(C(C)C)c2)cc1C(C)C,0.978279
*Oc1ccc(C(C)(C)c2ccc(OC(=O)c3ccc(C(*)=O)cc3)c(C(C)CC)c2)cc1C(C)CC,0.970411
*Oc1ccc(C(C)(C)c2ccc(OC(=O)c3ccc(C(*)=O)cc3)c(C)c2)cc1C,1.042434
*Oc1ccc(C(C)(C)c2ccc(OC(=O)c3ccc(C(*)=O)cc3)c(CCCC)c2)cc1CCCC,1.008613
*Oc1ccc(C(C)(C)c2ccc(OC(=O)c3ccc(C(*)=O)cc3)c(Cl)c2)cc1Cl,1.150007
*Oc1ccc(C(C)(C)c2ccc(OC(=O)c3ccc(C(*)=O)cc3)cc2)cc1,1.09638
*Oc1ccc(C(C)(C)c2ccc(OC(=O)c3ccc(C(C)(CC)c4ccc(C(*)=O)cc4)cc3)cc2)cc1,1.050345
*Oc1ccc(C(C)(C)c2ccc(OC(=O)c3cccc(C(*)=O)c3)c(C)c2)cc1C,1.052373
*Oc1ccc(C(C)(C)c2ccc(OC(=O)c3cccc(C(*)=O)c3)cc2)cc1,1.100323
*Oc1ccc(C(C)(C)c2ccc(OC(=O)c3cccc(C(F)(F)C(F)(F)C(F)(F)c4cccc(C(*)=O)c4)c3)cc2)cc1,1.197266
*Oc1ccc(C(C)(C)c2ccc(Oc3ccc(*)nn3)cc2)cc1,1.067575
*Oc1ccc(C(C)(C)c2ccc(Oc3ccc(C(=O)Nc4ccc(NC(=O)c5ccc(*)cc5)cc4)cc3)cc2)cc1,1.099994
*Oc1ccc(C(C)(C)c2ccc(Oc3ccc(C(=O)Nc4cccc(NC(=O)c5ccc(*)cc5)c4)cc3)cc2)cc1,1.116244
*Oc1ccc(C(C)(C)c2ccc(Oc3ccc(C(=O)c4ccc(*)cc4)cc3)cc2)cc1,1.06148
*Oc1ccc(C(C)(C)c2ccc(Oc3ccc(C(=O)c4ccc(C(=O)c5ccc(*)cc5)cc4)cc3)cc2)cc1,1.084629
*Oc1ccc(C(C)(C)c2ccc(Oc3ccc(C(=O)c4ccccc4-c4ccccc4C(=O)c4ccc(*)cc4)cc3)cc2)cc1,1.081704658
*Oc1ccc(C(C)(C)c2cccc(C(C)(C)c3ccc(Oc4ccc(C(=O)Nc5ccc(NC(=O)c6ccc(*)cc6)cc5)cc4)cc3)c2)cc1,1.073372
*Oc1ccc(C(C)(C)c2cccc(C(C)(C)c3ccc(Oc4ccc(C(=O)Nc5cccc(NC(=O)c6ccc(*)cc6)c5)cc4)cc3)c2)cc1,1.072385
*Oc1ccc(C(C)(CC(C)C)c2ccc(OC(*)=O)cc2)cc1,1.019209928
*Oc1ccc(C(C)(CC(C)C)c2ccc(OC(*)=S)cc2)cc1,1.00955565
*Oc1ccc(C(C)(CC)c2ccc(OC(*)=O)c(C)c2)cc1C,0.978376218
*Oc1ccc(C(C)(CC)c2ccc(OC(*)=O)c(Cl)c2)cc1Cl,1.138604023
*Oc1ccc(C(C)(CC)c2ccc(OC(*)=O)cc2)cc1,1.041623348
*Oc1ccc(C(C)(CC)c2ccc(OC(*)=S)cc2)cc1,1.043937945
*Oc1ccc(C(C)(CC)c2ccc(OC(=O)/C=C/C(*)=O)cc2)cc1,1.029771257
*Oc1ccc(C(C)(CCC#N)c2ccc(OC(*)=O)c(C)c2)cc1C,1.000002
*Oc1ccc(C(C)(CCC#N)c2ccc(OC(*)=O)cc2)cc1,1.084021974
*Oc1ccc(C(C)(CCC)c2ccc(OC(*)=O)cc2)cc1,1.02809106
*Oc1ccc(C(C)(CCCC)c2ccc(OC(*)=O)cc2)cc1,0.999224113
*Oc1ccc(C(C)(CCCCCCC)c2ccc(OC(*)=O)cc2)cc1,0.985271712
*Oc1ccc(C(C)(c2ccc(*)cc2)C(F)(F)F)cc1,1.127541
*Oc1ccc(C(C)(c2ccccc2)c2ccc(OC(*)=O)cc2)cc1,1.083887
*Oc1ccc(C(C)c2ccc(OC(*)=O)c(C)c2)cc1C,1.026373
*Oc1ccc(C(C)c2ccc(OC(*)=O)cc2)cc1,1.123803652
*Oc1ccc(C(C)c2ccc(OC(*)=S)cc2)cc1,1.114694876
*Oc1ccc(C(CC)(CC)c2ccc(OC(*)=S)cc2)cc1,0.988917499
*Oc1ccc(C(CC)c2ccc(OC(*)=O)cc2)cc1,1.080466562
*Oc1ccc(C(CC)c2ccc(OC(*)=S)cc2)cc1,1.06326273
*Oc1ccc(C(CCC)(CCC)c2ccc(OC(*)=O)c(C)c2)cc1C,0.894372236
*Oc1ccc(C(CCC)c2ccc(OC(*)=O)cc2)cc1,1.056891
*Oc1ccc(C(CCC)c2ccc(OC(*)=S)cc2)cc1,1.055492751
*Oc1ccc(C(CCCC)(CCCC)c2ccc(OC(*)=O)cc2)cc1,0.936249939
*Oc1ccc(C(CCCCC)(CCCCC)c2ccc(OC(*)=O)cc2)cc1,0.949324091
*Oc1ccc(C(c2ccc(OC(*)=O)cc2)C(C)C)cc1,1.052491877
*Oc1ccc(C(c2ccc(OC(*)=S)cc2)C(C)C)cc1,1.041394475
*Oc1ccc(C(c2ccc(OC(*)=S)cc2)C(CC)CC)cc1,0.996028591
*Oc1ccc(C(c2ccc(Oc3ccc(C(=O)Nc4ccc(-c5ccc(NC(=O)c6ccc(*)cc6)cc5C(F)(F)F)c(C(F)(F)F)c4)cc3)cc2)(C(F)(F)F)C(F)(F)F)cc1,1.275337
*Oc1ccc(C(c2ccc(Oc3ccc(C(=O)Nc4ccc(NC(=O)c5ccc(*)cc5)cc4)cc3)cc2)(C(F)(F)F)C(F)(F)F)cc1,1.234282
*Oc1ccc(C(c2ccc(Oc3ccc(C(=O)c4ccc(*)cc4)cc3)cc2)(C(F)(F)F)C(F)(F)F)cc1,1.20604
*Oc1ccc(C(c2ccc(Oc3ccc(C(=O)c4ccccc4-c4ccccc4C(=O)c4ccc(*)cc4)cc3)cc2)(C(F)(F)F)C(F)(F)F)cc1,1.191735419
*Oc1ccc(C(c2ccccc2)(c2ccccc2)c2ccc(Oc3ccc(C(=O)Nc4ccc(NC(=O)c5ccc(*)cc5)cc4)cc3)cc2)cc1,1.085838
*Oc1ccc(C2(C)CCC(C(C)(C)c3ccc(Oc4ccc(C(=O)c5ccc(*)cc5)cc4)cc3)CC2)cc1,1.01124
*Oc1ccc(C2(c3ccc(OC(*)=O)c(Cl)c3)CC3CCC2C3)cc1Cl,1.149376
*Oc1ccc(C2(c3ccc(OC(*)=O)cc3)CC(C)CC(C)(C)C2)cc1,0.862959
*Oc1ccc(C2(c3ccc(OC(*)=O)cc3)CCCCC2)cc1,1.070385
*Oc1ccc(C2(c3ccc(OC(=O)CCCC(*)=O)cc3)c3ccccc3-c3ccccc32)cc1,1.12309
*Oc1ccc(C2(c3ccc(OC(=O)CCCCCCCCC(*)=O)cc3)c3ccccc3-c3ccccc32)cc1,1.071537
*Oc1ccc(C2(c3ccc(OC(=O)c4ccc(C(*)=O)cc4)cc3)CCc3ccccc32)cc1,1.070737
*Oc1ccc(C2(c3ccc(OC(=O)c4ccc(C(*)=O)cc4)cc3)c3ccccc3-c3ccccc32)cc1,1.105605
*Oc1ccc(C2(c3ccc(OC(=O)c4ccc(Oc5ccc(C6(c7ccc(Oc8ccc(C(*)=O)cc8)cc7)CCC(C(C)(C)C)CC6)cc5)cc4)cc3)CC3CC2C2CCCC32)cc1,1.028161756
*Oc1ccc(C2(c3ccc(OC(=O)c4cccc(C(*)=O)c4)cc3)CCCCC2)cc1,1.092468
*Oc1ccc(C2(c3ccc(OC(=O)c4cccc(C(*)=O)c4)cc3)c3ccccc3-c3ccccc32)cc1,1.085653
*Oc1ccc(C2(c3ccc(Oc4ccc(/C=C/C(=O)c5ccc(*)cc5)cc4)cc3)c3ccccc3-c3ccccc32)cc1,1.036433
*Oc1ccc(C2(c3ccc(Oc4ccc5c(=O)n6c7cc(Oc8ccc9c(c8)nc8c%10ccc(*)c%11cccc(c(=O)n98)c%11%10)ccc7nc6c6cccc4c56)cc3)c3ccccc3-c3ccccc32)cc1,1.149891584
*Oc1ccc(CC(*)=O)cc1,1.177081
*Oc1ccc(CC(C#N)(C#N)Cc2ccc(*)cc2)cc1,1.028301
*Oc1ccc(CC(Cc2ccc(*)cc2)(C(=O)OCC)C(=O)OCC)cc1,1.028955
*Oc1ccc(CNC(=O)CCCCC(=O)NCc2ccc(OC3COC4C(*)COC34)cc2)cc1,1.157005475
*Oc1ccc(Cc2ccc(*)cc2)cc1,1.098609356
*Oc1ccc(Cc2ccc(OC(*)=O)c(C)c2)cc1C,1.076401726
*Oc1ccc(Cc2ccc(OC(*)=O)cc2)cc1,1.164469587
*Oc1ccc(Cc2ccc(OC(*)=S)cc2)cc1,1.150153092
*Oc1ccc(Cc2ccc(OC(=O)CCCCC(*)=O)cc2)cc1,1.133683
*Oc1ccc(Cc2ccc(OC(=O)c3cc(OCCCCC)cc(C(*)=O)c3)cc2)cc1,1.08218
*Oc1ccc(Cc2ccc(OC(=O)c3cccc(C(*)=O)c3)cc2)cc1,1.162588
*Oc1ccc(NC(=O)/C=C/c2ccc(/C=C/C(=O)Nc3ccc(*)cc3)cc2)cc1,1.125444
*Oc1ccc(NC(=O)CCCCC(=O)Nc2ccc(*)cc2)cc1,1.136763
*Oc1ccc(NC(=O)CCCCCC(=O)Nc2ccc(*)cc2)cc1,1.101341
*Oc1ccc(NC(=O)CCCCCCC(=O)Nc2ccc(*)cc2)cc1,1.093428
*Oc1ccc(NC(=O)CCCCCCCC(=O)Nc2ccc(*)cc2)cc1,1.082313
*Oc1ccc(NC(=O)CCCCCCCCC(=O)Nc2ccc(*)cc2)cc1,1.061419
*Oc1ccc(NC(=O)CCCCCCCCCCC(=O)Nc2ccc(*)cc2)cc1,1.038234
*Oc1ccc(NC(=O)NCCCCCCNC(*)=O)c(C)c1,1.101720701
*Oc1ccc(NC(=O)NCCCCCCNC(*)=O)cc1C,1.108348782
*Oc1ccc(NC(=O)c2cc(C(=O)Nc3ccc(*)cc3)cc(C(F)(F)C(F)(F)C(F)(F)C(F)(F)C(F)(F)C(F)(F)C(F)(F)C(F)(F)F)c2)cc1,1.407714
*Oc1ccc(NC(=O)c2cc(C(=O)Nc3ccc(*)cc3)cc(C(F)(F)C(F)(F)C(F)(F)C(F)(F)F)c2)cc1,0.802998
*Oc1ccc(NC(=O)c2cc(C(=O)Nc3ccc(Oc4ccc(C(c5ccc(*)cc5)(C(F)(F)F)C(F)(F)F)cc4)cc3)cc(C(C)(C)C)c2)cc1,1.146414
*Oc1ccc(NC(=O)c2cc(C(=O)Nc3ccc(Oc4ccc(C(c5ccc(*)cc5)(C(F)(F)F)C(F)(F)F)cc4)cc3)cc([N+](=O)[O-])c2)cc1,1.255166
*Oc1ccc(NC(=O)c2ccc(*)cc2)cc1,1.131747
*Oc1ccc(NC(=O)c2ccc(C(=O)Nc3ccc(*)cc3)cc2)cc1,1.165492
*Oc1ccc(NC(=O)c2ccc(C(=O)Nc3ccc(Oc4ccc(C(c5ccc(*)cc5)(C(F)(F)F)C(F)(F)F)cc4)cc3)cc2)cc1,1.190391
*Oc1ccc(NC(=O)c2ccc(Oc3ccc(C(=O)Nc4ccc(*)cc4)cc3)cc2)cc1,1.16475
*Oc1ccc(NC(=O)c2ccc(S(=O)(=O)c3ccc(C(=O)Nc4ccc(Oc5ccc(C(c6ccc(*)cc6)(C(F)(F)F)C(F)(F)F)cc5)cc4)cc3)cc2)cc1,1.268065
*Oc1ccc(NC(=O)c2cccc(C(=O)Nc3ccc(*)cc3)c2)cc1,1.165099
*Oc1ccc(NC(=O)c2cccc(C(=O)Nc3ccc(Oc4ccc(C(c5ccc(*)cc5)(C(F)(F)F)C(F)(F)F)cc4)cc3)c2)cc1,1.19342
*Oc1ccc(OC(=O)/C=C/c2ccc(/C=C/C(*)=O)cc2)cc1,1.169972
*Oc1ccc(OC(=O)CCCCC(*)=O)cc1,1.154418
*Oc1ccc(OC(=O)Oc2ccc(C(*)=O)cc2)cc1,1.242069
*Oc1ccc(OC(=O)c2ccc(C(*)=O)cc2)cc1,1.195418
*Oc1ccc(OC(=O)c2ccc(C(*)=O)cc2)cc1C1CC2CCC1C2,1.100996
*Oc1ccc(OC(=O)c2ccc(C(*)=O)cc2)cc1C1CCCCC1,1.073286
*Oc1ccc(OC(=O)c2ccc(C(*)=O)cc2)cc1CCC(C)CC,1.047319
*Oc1ccc(OC(=O)c2ccc(C(*)=O)cc2Sc2ccc(C)cc2)cc1,1.176905042
*Oc1ccc(OC(=O)c2ccc(C(*)=O)cc2Sc2ccccc2)cc1C,1.19566255
*Oc1ccc(OC(=O)c2ccc(C(C)(C)c3ccc(C(*)=O)cc3)cc2)cc1,1.100909
*Oc1ccc(OC(=O)c2ccc(OCCCCCCCCOc3ccc(C(*)=O)cc3)cc2)cc1C(=O)CC,1.102014
*Oc1ccc(OC(=O)c2ccc(Sc3cccc(OC(=O)c4ccc(C(=O)Oc5cccc(Sc6ccc(C(*)=O)cc6)c5)cc4)c3)cc2)cc1C,1.212043
*Oc1ccc(OC(=O)c2cccc(Sc3ccc(OC(=O)c4ccc(C(=O)Oc5ccc(Sc6cccc(C(*)=O)c6)cc5)cc4)cc3)c2)cc1-c1ccccc1,1.197022
*Oc1ccc(OC(=O)c2cccc(Sc3ccc(OC(=O)c4ccc(C(=O)Oc5ccc(Sc6cccc(C(*)=O)c6)cc5)cc4)cc3)c2)cc1C,1.199313
*Oc1ccc(Oc2ccc(C(=O)Nc3ccc(Cc4ccc(NC(=O)c5ccc(*)cc5)cc4)cc3)cc2)cc1,1.136132
*Oc1ccc(Oc2ccc(C(=O)Nc3ccc(Cc4ccc(NC(=O)c5ccc(*)cc5)cc4)cc3)cc2)cc1-c1ccccc1,1.119082
*Oc1ccc(Oc2ccc(C(=O)Nc3ccc(Oc4ccc(-c5ccc(Oc6ccc(NC(=O)c7ccc(*)cc7)cc6)cc5)cc4)cc3)cc2)cc1C,1.103981
*Oc1ccc(Oc2ccc(C(=O)Nc3ccc(Oc4ccc(NC(=O)c5ccc(*)cc5)cc4)cc3)cc2)cc1-c1ccccc1,1.123838
*Oc1ccc(Oc2ccc(C(=O)Nc3ccc(Oc4ccc(S(=O)(=O)c5ccc(Oc6ccc(NC(=O)c7ccc(*)cc7)cc6)cc5)cc4)cc3)cc2)cc1,1.204628
*Oc1ccc(Oc2ccc(C(=O)Nc3ccc(Oc4ccc(S(=O)(=O)c5ccc(Oc6ccc(NC(=O)c7ccc(*)cc7)cc6)cc5)cc4)cc3)cc2)cc1C,1.196004
*Oc1ccc(Oc2ccc(C(=O)c3ccc(*)cc3)cc2)cc1C,1.079962
*Oc1ccc(Oc2ccc(C(=O)c3ccc(*)cc3)cc2)cc1C(C)(C)C,1.023695
*Oc1ccc(Oc2ccc(C(=O)c3cccc(-c4cccc(C(=O)c5ccc(*)cc5)c4)c3)cc2)cc1,1.117499
*Oc1ccc(Oc2ccc(C(=O)c3cccc(C(=O)c4ccc(*)cc4)c3)cc2)cc1,1.123855
*Oc1ccc(Oc2ccc(C(=O)c3ccccc3)c(-c3cc(*)ccc3C(=O)c3ccccc3)c2)cc1,1.056402
*Oc1ccc(Oc2ccc(NC(=O)c3ccc(Oc4ccc(Oc5ccc(C(=O)Nc6ccc(*)cc6)cc5)cc4)cc3)cc2)cc1,1.136224
*Oc1ccc(Oc2ccc(NC(=O)c3ccc(Oc4ccc(Oc5ccc(C(=O)Nc6ccc(*)cc6)cc5)cc4-c4ccccc4)cc3)cc2)cc1,1.111646
*Oc1ccc(Oc2ccc(NC(=O)c3ccc(Oc4ccc(Oc5ccc(C(=O)Nc6ccc(*)cc6)cc5)cc4C)cc3)cc2)cc1,1.117163
*Oc1ccc(Oc2ccc(NC(=O)c3ccc(Oc4ccc(Oc5ccc(C(=O)Nc6ccc(*)cc6)cc5)cc4C)cc3)cc2)cc1C,1.093692
*Oc1ccc(Oc2ccc(OC(*)=O)cc2)cc1,1.198585
*Oc1ccc(Oc2ccc(OC(=O)c3cc(OCCCCC)cc(C(*)=O)c3)cc2)cc1,1.096174
*Oc1ccc(Oc2ccc(OC(=O)c3cccc(C(*)=O)c3)cc2)cc1,1.181756
*Oc1ccc(Oc2ccc(Oc3ccc(C(=O)c4ccc(*)cc4)cc3)cc2)cc1,1.120772
*Oc1ccc(Oc2ccc(Oc3ccc(S(=O)(=O)c4ccc(*)cc4)cc3)cc2)cc1,1.207403
*Oc1ccc(Oc2ccc(S(=O)(=O)c3ccc(*)cc3)cc2)cc1,1.230817
*Oc1ccc(Oc2ccc(S(=O)(=O)c3ccc(-c4ccc(-c5ccc(S(=O)(=O)c6ccc(*)cc6)cc5)cc4)cc3)cc2)cc1,1.259381
*Oc1ccc(Oc2cccc(*)n2)c(C)c1,1.10984
*Oc1ccc(S(=O)(=O)N(C)CCCCN(C)S(=O)(=O)c2ccc(Oc3ccc(C(C)(C)c4ccc(*)cc4)cc3)cc2)cc1,1.167096
*Oc1ccc(S(=O)(=O)c2ccc(-c3ccc(-c4ccc(S(=O)(=O)c5ccc(*)cc5)cc4)cc3)cc2)cc1,1.269976
*Oc1ccc(S(=O)(=O)c2ccc(-c3ccc(-c4ccc(S(=O)(=O)c5ccc(Oc6ccc(-c7ccc(*)cc7)cc6)cc5)cc4)cc3)cc2)cc1,1.233897
*Oc1ccc(S(=O)(=O)c2ccc(-c3ccc(S(=O)(=O)c4ccc(*)cc4)cc3)cc2)cc1,1.302743
*Oc1ccc(S(=O)(=O)c2ccc(-c3ccc(S(=O)(=O)c4ccc(Oc5ccc(-c6ccc(-c7ccc(*)cc7)cc6)cc5)cc4)cc3)cc2)cc1,1.2455
*Oc1ccc(S(=O)(=O)c2ccc(OC(*)=O)cc2)cc1,1.349469
*Oc1ccc(S(=O)(=O)c2ccc(Oc3ccc(-c4ccc(*)cc4)cc3)cc2)cc1,1.221331
*Oc1ccc(S(=O)(=O)c2ccc(Oc3ccc(-c4ccc(-c5ccc(*)cc5)cc4)cc3)cc2)cc1,1.192656
*Oc1ccc(S(=O)(=O)c2ccc(Oc3ccc(C(=O)c4ccc(*)cc4)cc3)cc2)cc1,1.223396
*Oc1ccc(S(=O)(=O)c2ccc(Oc3ccc(C(=O)c4ccc(-c5ccc(C(=O)c6ccc(*)cc6)cc5)cc4)cc3)cc2)cc1,1.190844
*Oc1ccc(S(=O)(=O)c2ccc(Oc3ccc(C(=O)c4cccc(C(=O)c5ccc(*)cc5)c4)cc3)cc2)cc1,1.205803
*Oc1ccc(S(=O)(=O)c2ccc(Oc3ccc(C(C)(C)c4ccc(*)c(Cl)c4)cc3Cl)cc2)cc1,1.203225
*Oc1ccc(S(=O)(=O)c2ccc(Oc3ccc(C(C)(c4ccccc4)c4ccc(*)cc4)cc3)cc2)cc1,1.140756
*Oc1ccc(S(=O)(=O)c2ccc(Oc3ccc(C(c4ccc(*)cc4)(C(F)(F)F)C(F)(F)F)cc3)cc2)cc1,1.299755
*Oc1ccc(S(=O)(=O)c2ccc(Oc3ccc(C(c4ccc(*)cc4)C(C)C)cc3)cc2)cc1,1.123499
*Oc1ccc(S(=O)(=O)c2ccc(Oc3ccc(C(c4ccccc4)(c4ccccc4)c4ccc(*)cc4)cc3)cc2)cc1,1.093592
*Oc1ccc(S(=O)(=O)c2ccc(Oc3ccc(C4(c5ccc(*)cc5)CC5CCC4C5)cc3)cc2)cc1,1.132071
*Oc1ccc(S(=O)(=O)c2ccc(Oc3ccc(C4(c5ccc(*)cc5)CCCCC4)cc3)cc2)cc1,1.139381
*Oc1ccc(S(=O)(=O)c2ccc(Oc3ccc(C4(c5ccc(*)cc5)c5ccccc5-c5ccccc54)cc3)cc2)cc1,1.145725
*Oc1ccc(S(=O)(=O)c2ccc(Oc3ccc(C4CCCC(C(C)c5ccc(*)cc5)C4)cc3)cc2)cc1,1.100074
*Oc1ccc(S(=O)(=O)c2ccc(Oc3ccc(Cc4ccc(*)cc4)cc3)cc2)cc1,1.191108
*Oc1ccc(S(=O)(=O)c2ccc(Oc3ccc(S(=O)(=O)c4ccc(-c5ccc(-c6ccc(S(=O)(=O)c7ccc(*)cc7)cc6)cc5)cc4)cc3)cc2)cc1,1.287483
*Oc1ccc(S(=O)(=O)c2ccc(Oc3ccc(Sc4ccc(*)cc4)cc3)cc2)cc1,1.236524
*Oc1ccc(S(=O)(=O)c2ccc3ccc(S(=O)(=O)c4ccc(*)cc4)cc3c2)cc1,1.326487
*Oc1ccc(Sc2ccc(OC(*)=O)cc2)cc1,1.248558
*Oc1ccc2cc(C(*)=O)ccc2c1,1.181395
*Oc1cccc(*)c1,1.172888838
*Oc1cccc(*)c1C#N,1.141483532
*Oc1cccc(C(*)=O)c1,1.215361
*Oc1cccc(C(=O)OCC(F)(F)C(F)(F)C(F)(F)COC(=O)c2cccc(*)c2)c1,1.326199
*Oc1cccc(C(F)(F)C(F)(F)C(F)(F)c2cccc(OC(=O)c3cccc(C(F)(F)C(F)(F)C(F)(F)c4cccc(C(*)=O)c4)c3)c2)c1,1.32826
*Oc1cccc(NC(=O)CCCCC(=O)Nc2ccc(*)cc2)c1,1.121333
*Oc1cccc(NC(=O)CCCCCC(=O)Nc2ccc(*)cc2)c1,1.105855
*Oc1cccc(NC(=O)CCCCCCC(=O)Nc2ccc(*)cc2)c1,1.098722
*Oc1cccc(NC(=O)CCCCCCCC(=O)Nc2ccc(*)cc2)c1,1.077073
*Oc1cccc(NC(=O)CCCCCCCCC(=O)Nc2ccc(*)cc2)c1,1.058603
*Oc1cccc(NC(=O)CCCCCCCCCC(=O)Nc2ccc(*)cc2)c1,1.043108
*Oc1cccc(NC(=O)c2cc(C(=O)Nc3ccc(*)cc3)cc(C(F)(F)C(F)(F)C(F)(F)C(F)(F)F)c2)c1,1.341106
*Oc1cccc(NC(=O)c2ccc(C(=O)c3cccc(C(=O)Nc4ccc(*)cc4)c3)cc2)c1,1.166173
*Oc1cccc(NC(=O)c2cccc(C(=O)Nc3ccc(*)cc3)c2)c1,1.170105
*Oc1cccc(OC(=O)CCC(*)=O)c1,1.213562
*Oc1cccc(OC(=O)c2cc(OCCCCC)cc(C(*)=O)c2)c1,1.102734
*Oc1cccc(OC(=O)c2cccc(C(*)=O)c2)c1,1.20393
*Oc1cccc(Oc2ccc(NC(=O)c3ccc(Oc4cccc(Oc5ccc(C(=O)Nc6ccc(*)cc6)cc5)c4)cc3)cc2)c1,1.158439
*Oc1cccc(Oc2cccc(NC(=O)c3cccc(Oc4cccc(Oc5cccc(C(=O)Nc6cccc(*)c6)c5)c4)c3)c2)c1,1.165212
*Oc1cccc(Oc2cccc(OC(*)=O)c2)c1,1.19063
*Oc1cccc(S(=O)(=O)c2ccc(*)cc2)c1,1.290651
*Oc1ccccc1CNC(=O)NCCCCCCNC(*)=O,1.114771362
*SC(C)C(*)=O,1.202905
*Sc1ccc(Cc2ccc(SC(*)=O)cc2)cc1,1.185746
*Sc1ccc(Nc2ccc(*)cc2)cc1,1.177009
*c1c(*)c2ccccc2c2ccccc12,0.929967
*c1c(C)cc(-c2cc(C)c(N3C(=O)c4ccc(Oc5cc6ccccc6cc5Oc5ccc6c(c5)C(=O)N(*)C6=O)cc4C3=O)c(C)c2)cc1C,1.092816
*c1c(C)cc(Cc2cc(C)c(N3C(=O)c4ccc(Oc5cc6ccccc6cc5Oc5ccc6c(c5)C(=O)N(*)C6=O)cc4C3=O)c(C)c2)cc1C,1.125246
*c1c(C)cc(Cc2cc(C)c(N3C(=O)c4ccc(Oc5ccc6ccc(Oc7ccc8c(c7)C(=O)N(*)C8=O)cc6c5)cc4C3=O)c(C)c2)cc1C,1.102131
*c1c(C)cc(Cc2cc(C)c(N3C(=O)c4ccc(Oc5cccc6c(Oc7ccc8c(c7)C(=O)N(*)C8=O)cccc56)cc4C3=O)c(C)c2)cc1C,1.096324
*c1c(F)c(F)c(*)c(F)c1F,1.296751
*c1cc(*)c(O)c(C=O)c1,1.205627
*c1cc(*)cc(-c2nc3ccccc3o2)c1,1.141948
*c1cc(-c2ccc(OCCCCCCCCCCS(=O)(=O)O)c(S(*)(=O)=O)c2)ccc1OCCCCCCCCCCS(=O)(=O)O,1.139516573
*c1cc(/N=N/c2ccc(C#N)cc2)cc(*)c1O,1.063718394
*c1cc(/N=N/c2ccc(OC)cc2)cc(*)c1O,1.119389519
*c1cc(C=O)cc(*)c1O,1.241784
*c1cc(CCCCCC)c(*)cc1CCCCCC,0.846070325
*c1cc(N2C(=O)c3ccc(Oc4cc5ccccc5cc4Oc4ccc5c(c4)C(=O)N(*)C5=O)cc3C2=O)cc(C(F)(F)F)c1,1.251261
*c1cc(N2C(=O)c3ccc(Oc4ccc5ccc(Oc6ccc7c(c6)C(=O)N(*)C7=O)cc5c4)cc3C2=O)cc(C(F)(F)F)c1,1.287744
*c1cc(N2C(=O)c3ccc(Oc4cccc5c(Oc6ccc7c(c6)C(=O)N(*)C7=O)cccc45)cc3C2=O)cc(C(F)(F)F)c1,1.245709
*c1cc(O)c(O)cc1*,1.067172
*c1cc(OCC)c(*)cc1OC,0.903468314
*c1cc(OCC)c(*)cc1OCC,0.921235814
*c1cc(OCCCCCC)c(*)cc1OC,0.954754285
*c1cc2cccccc-2c1*,0.88454
*c1ccc(*)c(CCCCCC)c1,0.803880053
*c1ccc(*)c(N(C)C)c1,0.862318404
*c1ccc(*)c(OC)c1N,0.948069021
*c1ccc(*)c(OCCCCCCCCCC)c1,0.917784957
*c1ccc(*)c2ccccc12,0.903592
*c1ccc(*)c2nc(-c3ccc(C)cc3)c(-c3ccc(C)cc3)nc12,0.696121
*c1ccc(*)c2nc(-c3ccccc3)c(-c3ccccc3)nc12,0.868472
*c1ccc(*)c2nc(CC)c(CC)nc12,0.91159
*c1ccc(*)c2nc(CCCCCCC)c(CCCCCCC)nc12,0.919578
*c1ccc(*)c2nccnc12,1.088104
*c1ccc(*)cc1,1.362471
*c1ccc(*)nc1,1.074548
*c1ccc(-c2cc(C(C)(C)C)c(Oc3ccc(N4C(=O)c5ccc(S(=O)(=O)c6ccc7c(c6)C(=O)N(*)C7=O)cc5C4=O)cc3)c(C(C)(C)C)c2)cc1,1.038295729
*c1ccc(-c2cc(C(C)(C)C)c(Oc3ccc(N4C(=O)c5ccc(S(=O)(=O)c6ccc7c(c6)C(=O)N(*)C7=O)cc5C4=O)cc3C(F)(F)F)c(C(C)(C)C)c2)cc1,1.056036478
*c1ccc(-c2ccc(*)c(C)c2)cc1C,0.848474297
*c1ccc(-c2ccc(*)c(Cl)c2)cc1Cl,1.042848665
*c1ccc(-c2ccc(*)nc2)cn1,1.138571
*c1ccc(-c2ccc(-c3ccc(*)n3C)o2)o1,1.159483
*c1ccc(-c2ccc(-c3ccc(C(*)(c4c(F)c(F)c(F)c(F)c4F)C(F)(F)F)cc3)cc2)cc1,1.152389
*c1ccc(-c2ccc(-c3ccc(C(*)(c4ccc(N(C)C)cc4)C(F)(F)F)cc3)cc2)cc1,1.000653
*c1ccc(-c2ccc(-c3ccc(C(*)c4c(F)c(F)c(F)c(F)c4F)cc3)cc2)cc1,1.103832
*c1ccc(-c2ccc(-c3cnc4cc(Oc5ccc6nc(*)cnc6c5)ccc4n3)cc2)cc1,1.036152
*c1ccc(-c2ccc(-c3nc4cc(Oc5ccc6nc(-c7ccccc7)c(*)nc6c5)ccc4nc3-c3ccccc3)cc2)cc1,0.969317
*c1ccc(-c2ccc(S(=O)(=O)NCCCCCCNS(*)(=O)=O)cc2)cc1,1.226652168
*c1ccc(-c2ccc3nc(Oc4cc(-c5ccccc5)c5cc(*)ccc5n4)cc(-c4ccccc4)c3c2)cc1,0.989096
*c1ccc(-c2cnc3cc(Oc4ccc5nc(*)cnc5c4)ccc3n2)cc1,1.045706
*c1ccc(-c2cnc3ccc(Oc4ccc5ncc(*)nc5c4)cc3n2)cc1,1.113972
*c1ccc(-c2nc3cc(C)ccc3o2)c(*)c1,1.020147
*c1ccc(-c2nc3cc(Oc4ccc5nc(*)c(-c6ccccc6)nc5c4)ccc3nc2-c2ccccc2)cc1,0.977634
*c1ccc(-c2nc3cc(Oc4ccc5nc(-c6ccccc6)c(*)nc5c4)ccc3nc2-c2ccccc2)cc1,0.981361
*c1ccc(-c2nc3ccc(Oc4ccc5nc(*)c(-c6ccccc6)nc5c4)cc3nc2-c2ccccc2)cc1,0.96472
*c1ccc(-c2nc3ccccc3o2)c(*)c1,1.084555
*c1ccc(C(C#N)(C#N)C(*)(C#N)C#N)cc1,0.95194847
*c1ccc(C(C)(C)c2ccc(N3C(=O)c4ccc(Oc5ccc6cc(Oc7ccc8c(c7)C(=O)N(*)C8=O)ccc6c5)cc4C3=O)cc2)cc1,1.154665
*c1ccc(C(C)(C)c2ccc(N3C(=O)c4ccc(Oc5ccc6ccc(Oc7ccc8c(c7)C(=O)N(*)C8=O)cc6c5)cc4C3=O)cc2)cc1,1.132128
*c1ccc(C(C)(C)c2ccc(N3C(=O)c4ccc(Oc5cccc6c(Oc7ccc8c(c7)C(=O)N(*)C8=O)cccc56)cc4C3=O)cc2)cc1,1.135503
*c1ccc(C(c2ccc(N3C(=O)c4ccc(Oc5cc6ccccc6cc5Oc5ccc6c(c5)C(=O)N(*)C6=O)cc4C3=O)cc2)(C(F)(F)F)C(F)(F)F)cc1,1.266069
*c1ccc(C(c2ccc(N3C(=O)c4ccc(Oc5ccc6cc(Oc7ccc8c(c7)C(=O)N(*)C8=O)ccc6c5)cc4C3=O)cc2)(C(F)(F)F)C(F)(F)F)cc1,1.22555
*c1ccc(C(c2ccc(N3C(=O)c4ccc(Oc5ccc6ccc(Oc7ccc8c(c7)C(=O)N(*)C8=O)cc6c5)cc4C3=O)cc2)(C(F)(F)F)C(F)(F)F)cc1,1.232586
*c1ccc(C(c2ccc(N3C(=O)c4ccc(Oc5cccc6c(Oc7ccc8c(c7)C(=O)N(*)C8=O)cccc56)cc4C3=O)cc2)(C(F)(F)F)C(F)(F)F)cc1,1.17469
*c1ccc(C2C(C(=O)OCC)C(*)C2C(=O)OCC)cc1,1.050188
*c1ccc(Cc2ccc(N3C(=O)c4ccc(S(=O)(=O)c5ccc6c(c5)C(=O)N(*)C6=O)cc4C3=O)c(C(C)(C)C)c2)cc1C(C)(C)C,1.011327552
*c1ccc(N(*)C)cc1,1.082186271
*c1ccc(N(*)CC)cc1,1.047330737
*c1ccc(N(*)CCCCCCCC)cc1,0.934178606
*c1ccc(N(*)CCCCCCCCCC)cc1,0.907354687
*c1ccc(N(*)CCCCCCCCCCCC)cc1,0.895382151
*c1ccc(N2C(=O)c3ccc(C(c4ccc5c(c4)C(=O)N(c4ccc(N6C(=O)c7ccc(-c8ccc9c(c8)C(=O)N(*)C9=O)cc7C6=O)cc4)C5=O)(C(F)(F)F)C(F)(F)F)cc3C2=O)cc1,1.241777114
*c1ccc(NC(=O)CCCCCCCCC(=O)NS(*)(=O)=O)cc1,1.157252071
*c1ccc(OC(=O)c2cc(C(=O)Oc3ccc(C4(*)OC(=O)c5ccccc54)cc3)cc(C(C)(C)C)c2)cc1,1.082543
*c1ccc(OC(=O)c2cc(Cl)cc(C(=O)Oc3ccc(C4(*)OC(=O)c5ccccc54)cc3)c2)cc1,1.216541
*c1ccc(OC(=O)c2ccc(C(=O)Oc3ccc(C4(*)NC(=O)c5ccccc54)cc3)cc2)cc1,1.157496
*c1ccc(OC(=O)c2ccc(C(=O)Oc3ccc(C4(*)OC(=O)c5ccccc54)cc3)cc2)cc1,1.155778
*c1ccc(OC(=O)c2cccc(C(=O)Oc3ccc(C4(*)NC(=O)c5ccccc54)cc3)c2)cc1,1.180432
*c1ccc(OC(=O)c2cccc(C(=O)Oc3ccc(C4(*)OC(=O)c5ccccc54)cc3)c2)cc1,1.178401
*c1ccc(Oc2ccc(-c3c(-c4ccccc4)c(-c4ccc(-c5nc6ccccc6c(*)c5-c5ccccc5)cc4)nc4ccccc34)cc2)cc1,0.983929913
*c1ccc(Oc2ccc(-c3cc(-c4ccccc4)c4cc(Oc5ccc6nc(*)cc(-c7ccccc7)c6c5)ccc4n3)cc2)cc1,1.05246
*c1ccc(Oc2ccc(-c3ccc(Oc4ccc(-c5cnc6cc(-c7ccc8nc(*)cnc8c7)ccc6n5)cc4)cc3)cc2)cc1,1.097241305
*c1ccc(Oc2ccc(-c3ccc(Oc4ccc(N5C(=O)c6ccc(Oc7cc8ccccc8cc7Oc7ccc8c(c7)C(=O)N(*)C8=O)cc6C5=O)cc4)cc3)cc2)cc1,1.193213
*c1ccc(Oc2ccc(-c3ccc(Oc4ccc(N5C(=O)c6ccc(Oc7ccc8cc(Oc9ccc%10c(c9)C(=O)N(*)C%10=O)ccc8c7)cc6C5=O)cc4)cc3)cc2)cc1,1.194599
*c1ccc(Oc2ccc(-c3ccc(Oc4ccc(N5C(=O)c6ccc(Oc7ccc8ccc(Oc9ccc%10c(c9)C(=O)N(*)C%10=O)cc8c7)cc6C5=O)cc4)cc3)cc2)cc1,1.203075
*c1ccc(Oc2ccc(-c3ccc4nc(Oc5cc(-c6ccccc6)c6cc(*)ccc6n5)cc(-c5ccccc5)c4c3)cc2)cc1,1.006166
*c1ccc(Oc2ccc(-c3cnc4cc(-c5ccc6nc(*)cnc6c5)ccc4n3)cc2)cc1,1.062377
*c1ccc(Oc2ccc(-c3cnc4cc(Oc5ccc6nc(*)cnc6c5)ccc4n3)cc2)cc1,1.103957
*c1ccc(Oc2ccc(-c3cnc4cc5nc(*)cnc5cc4n3)cc2)cc1,1.093802
*c1ccc(Oc2ccc(-c3cnc4cc5ncc(*)nc5cc4n3)cc2)cc1,1.090047
*c1ccc(Oc2ccc(-c3cnc4ccc(-c5ccc6nc(*)cnc6c5)cc4n3)cc2)cc1,1.067397
*c1ccc(Oc2ccc(-c3cnc4ccc(-c5ccc6ncc(*)nc6c5)cc4n3)cc2)cc1,1.069051
*c1ccc(Oc2ccc(-c3cnc4ccc(Oc5ccc6nc(*)cnc6c5)cc4n3)cc2)cc1,1.106149
*c1ccc(Oc2ccc(-c3nc4cc(-c5ccc6nc(*)c(-c7ccccc7)nc6c5)ccc4nc3-c3ccccc3)cc2)cc1,0.905398
*c1ccc(Oc2ccc(-c3nc4cc(Oc5ccc6nc(*)c(-c7ccccc7)nc6c5)ccc4nc3-c3ccccc3)cc2)cc1,1.015353
*c1ccc(Oc2ccc(-c3nc4cc(Oc5ccc6nc(-c7ccccc7)c(*)nc6c5)ccc4nc3-c3ccccc3)cc2)cc1,1.040559
*c1ccc(Oc2ccc(-c3nc4cc(S(=O)(=O)c5ccc6nc(-c7ccccc7)c(*)nc6c5)ccc4nc3-c3ccccc3)cc2)cc1,1.141637
*c1ccc(Oc2ccc(-c3nc4ccc(-c5ccc6nc(*)c(-c7ccccc7)nc6c5)cc4nc3-c3ccccc3)cc2)cc1,0.948962
*c1ccc(Oc2ccc(-c3nc4ccc(Oc5ccc6nc(*)c(-c7ccccc7)nc6c5)cc4nc3-c3ccccc3)cc2)cc1,0.952256
*c1ccc(Oc2ccc(C(=O)c3ccc(Oc4ccc(-c5nc6ccccc6n5-c5ccc(-n6c(*)nc7ccccc76)cc5)cc4)cc3)cc2)cc1,1.096003
*c1ccc(Oc2ccc(N3C(=O)c4ccc(Oc5cc6ccccc6cc5Oc5ccc6c(c5)C(=O)N(*)C6=O)cc4C3=O)cc2)cc1,1.208411141
*c1ccc(Oc2ccc(N3C(=O)c4ccc(Oc5ccc6cc(Oc7ccc8c(c7)C(=O)N(*)C8=O)ccc6c5)cc4C3=O)cc2)cc1,1.193055
*c1ccc(Oc2ccc(N3C(=O)c4ccc(Oc5ccc6ccc(Oc7ccc8c(c7)C(=O)N(*)C8=O)cc6c5)cc4C3=O)cc2)cc1,1.206474
*c1ccc(Oc2ccc(N3C(=O)c4ccc(Oc5cccc6c(Oc7ccc8c(c7)C(=O)N(*)C8=O)cccc56)cc4C3=O)cc2)cc1,1.205446
*c1ccc(Oc2ccc(Oc3ccc(-c4cnc5cc(-c6ccc7nc(*)cnc7c6)ccc5n4)cc3)cc2)cc1,1.058044
*c1ccc(Oc2ccc(Oc3ccc(-c4cnc5ccc(-c6ccc7nc(*)cnc7c6)cc5n4)cc3)cc2)cc1,1.088351
*c1ccc(Oc2ccc(Oc3ccc(-c4cnc5ccc(-c6ccc7ncc(*)nc7c6)cc5n4)cc3)cc2)cc1,1.066501
*c1ccc(Oc2ccc(Oc3ccc(N4C(=O)c5ccc(Oc6cc7ccccc7cc6Oc6ccc7c(c6)C(=O)N(*)C7=O)cc5C4=O)cc3)cc2)cc1,1.196947
*c1ccc(Oc2ccc(Oc3ccc(N4C(=O)c5ccc(Oc6ccc7ccc(Oc8ccc9c(c8)C(=O)N(*)C9=O)cc7c6)cc5C4=O)cc3)cc2)cc1,1.176896
*c1ccc(Oc2ccc(Oc3ccc(Oc4ccc(-c5cnc6cc(-c7ccc8nc(*)cnc8c7)ccc6n5)cc4)cc3)cc2)cc1,1.086772
*c1ccc(Oc2ccc(Oc3ccc(Oc4ccc(-c5cnc6ccc(-c7ccc8nc(*)cnc8c7)cc6n5)cc4)cc3)cc2)cc1,1.104454
*c1ccc(Oc2ccc(Oc3ccc(Oc4ccc(-c5cnc6ccc(-c7ccc8ncc(*)nc8c7)cc6n5)cc4)cc3)cc2)cc1,1.104829
*c1ccc(Oc2ccc(S(=O)(=O)c3ccc(Oc4ccc(-c5nc6ccccc6n5-c5ccc(-n6c(*)nc7ccccc76)cc5)cc4)cc3)cc2)cc1,1.164962
*c1ccc(Oc2cccc(N3C(=O)c4ccc(Oc5cc6ccccc6cc5Oc5ccc6c(c5)C(=O)N(*)C6=O)cc4C3=O)c2)cc1,1.209963
*c1ccc(Oc2cccc(N3C(=O)c4ccc(Oc5ccc6cc(Oc7ccc8c(c7)C(=O)N(*)C8=O)ccc6c5)cc4C3=O)c2)cc1,1.192533
*c1ccc(Oc2cccc(N3C(=O)c4ccc(Oc5ccc6ccc(Oc7ccc8c(c7)C(=O)N(*)C8=O)cc6c5)cc4C3=O)c2)cc1,1.211292
*c1ccc(Oc2cccc(N3C(=O)c4ccc(Oc5cccc6c(Oc7ccc8c(c7)C(=O)N(*)C8=O)cccc56)cc4C3=O)c2)cc1,1.199396
*c1ccc(Oc2cccc(Oc3ccc(N4C(=O)c5ccc(Oc6cc7ccccc7cc6Oc6ccc7c(c6)C(=O)N(*)C7=O)cc5C4=O)cc3)c2)cc1,1.206182
*c1ccc(Sc2ccc(-c3nc4cc(-c5ccc6nc(-c7ccccc7)c(*)nc6c5)ccc4nc3-c3ccccc3)cc2)cc1,1.055249
*c1ccc(Sc2ccc(-c3nc4ccc(-c5ccc6nc(*)c(-c7ccccc7)nc6c5)cc4nc3-c3ccccc3)cc2)cc1,1.020581
*c1ccc(Sc2ccc(Oc3ccc(Sc4ccc(N5C(=O)c6ccc(Oc7ccc(C(C)(C)c8ccc(Oc9ccc%10c(c9)C(=O)N(*)C%10=O)cc8)cc7)cc6C5=O)cc4)cc3)cc2)cc1,1.201486662
*c1ccc([N+](=O)[O-])c2c1C(=O)c1c([N+](=O)[O-])ccc(*)c1C2=O,1.319886
*c1ccc2c(c1)C(*)(C)CC2(C)C,0.857638
*c1ccc2c(c1)C(=O)N(C1CCC(N3C(=O)c4ccc(C(*)(C(F)(F)F)C(F)(F)F)cc4C3=O)CC1)C2=O,1.150973
*c1ccc2ccc(*)cc2c1,1.013382
*c1ccc2oc3ccc(S(*)(=O)=O)cc3c2c1,1.36384
*c1ccc2oc3ccc(S(=O)(=O)c4ccc(Oc5ccc(S(*)(=O)=O)cc5)cc4)cc3c2c1,1.330691
*c1cccc(*)c1,1.085747
*c1cccc(*)c1N,1.091735
*c1cccc(*)n1,1.114978
*c1cccc(-c2cc(CCCCCCCCCCCCCC)cc(*)c2O)c1O,0.937095019
*c1cccc(-c2cc(CCCCCCCCCCCCCCCC)cc(*)c2N)c1N,0.912752497
*c1cccc(-c2nc3cc(Oc4ccc5nc(-c6ccccc6)c(*)nc5c4)ccc3nc2-c2ccccc2)c1,1.011134
*c1cccc(-c2nc3ccc(Oc4ccc5nc(*)c(-c6ccccc6)nc5c4)cc3nc2-c2ccccc2)c1,0.97628
*c1cccc(-n2c(=O)c3cc4c(=O)n(*)c(=O)c4cc3c2=O)c1,1.300939
*c1cccc(-n2c(=O)c3cc4c(=O)n(*)c(=O)c4cc3c2=O)n1,1.299073
*c1cccc(N2C(=O)c3ccc(Oc4cc5ccccc5cc4Oc4ccc5c(c4)C(=O)N(*)C5=O)cc3C2=O)c1,1.25356
*c1cccc(N2C(=O)c3ccc(Oc4ccc5cc(Oc6ccc7c(c6)C(=O)N(*)C7=O)ccc5c4)cc3C2=O)c1,1.234897
*c1cccc(N2C(=O)c3ccc(Oc4ccc5ccc(Oc6ccc7c(c6)C(=O)N(*)C7=O)cc5c4)cc3C2=O)c1,1.216489
*c1cccc(N2C(=O)c3ccc(Oc4cccc5c(Oc6ccc7c(c6)C(=O)N(*)C7=O)cccc45)cc3C2=O)c1,1.198017
*c1cccc(OCCCCCOc2cccc(N3C(=O)c4ccc(-c5cccc6c5C(=O)N(*)C6=O)cc4C3=O)c2)c1,1.181185328
*c1cccc(Oc2ccc(-c3ccc(Oc4cccc(-n5c(=O)c6cc7c(=O)n(*)c(=O)c7cc6c5=O)c4)cc3)cc2)c1,1.206476
*c1cccc2c(*)cccc12,0.86018
*c1cnc(*)c(C)c1,0.940208
*c1nc(-c2ccccc2)nc(N(*)C)n1,1.169992
*c1ncc(-c2cnc(*)c(C)c2)cc1C,0.956487
CC1(C)CC(CC(C)(C*)C1)N1C(=O)C2=CC=C(C=C2C1=O)C1=CC2=C(C=C1)C(=O)N(*)C2=O,1.073641694
FC(F)(F)C(C1=CC2=C(OC(=N2)C2=CC=C(OC3=C4C5C6=C(C=CC=C6)C(C6=C5C=CC=C6)C4=C(OC4=CC=C(*)C=C4)C4=C3C3C5=C(C=CC=C5)C4C4=C3C=CC=C4)C=C2)C=C1)(C1=CC=C2OC(*)=NC2=C1)C(F)(F)F,1.039447171
FC(F)(F)C(C1=CC2=C(OC(=N2)C2=CC=C(OC3=C4C5C6=C(C=CC=C6)C(C6=C5C=CC=C6)C4=C(OC4=CC=C(*)C=C4)C=C3)C=C2)C=C1)(C1=CC=C2OC(*)=NC2=C1)C(F)(F)F,1.11911461
FC(F)(F)C(C1=CC2=C(OC(=N2)C2=CC=C(OC3=CC=C(OC4=CC=C(*)C=C4)C4=C3C3C5=C(C=CC=C5)C4C4=C3C=CC=C4)C=C2)C=C1)(C1=CC=C2OC(*)=NC2=C1)C(F)(F)F,1.139363786