SMILES,SHEAR
CC1(C)CC(CC(C)(C*)C1)N1C(=O)C2=CC=C(C=C2C1=O)C1=CC2=C(C=C1)C(=O)N(*)C2=O,2.061
*N1C(=O)C2=C(C=C(C=C2)C2=CC=C3C(=O)N(C(=O)C3=C2)C2=C3C=CC=C(*)C3=CC=C2)C1=O,3.051
*N1C(=O)C2=C(C=C(C=C2)C(=O)C2=CC=C3C(=O)N(C(=O)C3=C2)C2=CC=C3OCCOCCOC4=C(OCCOCCOC3=C2)C=CC(*)=C4)C1=O,2.369
FC(F)(F)C(C1=CC2=C(OC(=N2)C2=CC=C(OC3=C4C5C6=C(C=CC=C6)C(C6=C5C=CC=C6)C4=C(OC4=CC=C(*)C=C4)C=C3)C=C2)C=C1)(C1=CC=C2OC(*)=NC2=C1)C(F)(F)F,1.427
CC1(C)CC(C)(C2=CC(=CC=C12)N1C(=O)C2=CC=C(C=C2C1=O)C(=O)C1=CC2=C(C=C1)C(=O)N(*)C2=O)C1=CC=C(*)C=C1,2.269
*C*,1.23
*CC(*)C,1.516
*CC(*)CC,1.259
*CC(*)CCC,1.115
*CC(*)C(C)C,1.249
*CC(*)CCCC,1.354
*CC(*)CC(C)C,1.315
*CC(*)CCCCC,1.307
*CC(*)CCC(C)C,1.454
*CC(*)CCC(C)CC,1.769
*CC(*)CCCCCCC,1.333
*CC(*)CCCCCCCC,1.326
*CC(*)(C)C,2.248
*CC(*)(C)CC,1.683
*CCC(*)(C)C,1.445
*CCCC(*)(C)C,1.921
*CCCC(*)(C)CC,1.532
*CCCCCCCC(*)C,1.17
*CC(*)C1CC1,1.479
*CC(*)CC1CCCCC1,1.8
*CC1CCC(*)C1,2.156
*CC(*)CCCCCCCCCC,1.142
*CC(*)CCCCCCCCCCCC,1.388
*CC(*)CCCCCCCCCCCCCCCC,1.302
*CC(*)C(C)CC,1.405
*CC(*)CC(C)CC,1.329
*CC(*)CC(C)(C)C,1.354
*/C=C/CCC*,1.229
*/C=C/CC*,1.039
*/C=C/CC*,1.209
*/C=C/CCCCCCCC*,1.109
*CC(*)CCCCCCCCCCCCCCCCCCCC,1.278
*/C=C/CCCCCCCCCC*,0.857
*CC(*)CCCCCCCCCCCCCC,1.549
*/C=C/CCCCCC*,1.002
*CC(*)CCCCCCCCCCCCC,1.394
*CC(*)CCCCCCCCCCC,1.309
*CC(*)CCCCCCCCC,1.312
*CC(*)C1CC=CCC1,1.759
*C1CCC1*,2.065
*/C=C/*,1.161
*/C=C/CCCCC*,0.879
*/C=C/C(C*)C(C)CC,1.371
*/C=C/CCCCCCCCCC*,0.964
*/C=C/*,0.892
*CC1(*)CCCCC1,1.667
*CC/C=C(/*)C(C)(C)C,1.845
*CC(*)c1ccccc1,2.787
*CC(*)c1ccccc1C,1.627
*CC(*)c1ccccc1CC,1.686
*CC(*)c1ccccc1COC,1.85
*CC(*)c1ccccc1COCC,1.701
*CC(*)c1ccccc1COCCC,1.52
*CC(*)c1ccccc1COC(C)C,1.472
*CC(*)c1ccccc1COCCCC,1.496
*CC(*)c1ccccc1COCCCCC,1.681
*CC(*)c1ccccc1COCCC(C)C,1.55
*CC(*)c1ccccc1COCc1ccccc1,1.87
*CC(*)c1ccccc1COCCc1ccccc1,2.083
*CC(*)c1ccccc1C(=O)NC,1.858
*CC(*)c1ccccc1C(=O)N(C)C,1.606
*CC(*)c1ccccc1C(=O)Nc1ccccc1,1.35
*CC(*)c1ccccc1C(=O)O,2.233
*CC(*)c1ccccc1C(=O)OC,2.038
*CC(*)c1ccccc1C(=O)OCC,1.878
*CC(*)c1ccccc1C(=O)OCCC,1.635
*CC(*)c1ccccc1C(=O)OC(C)C,1.439
*CC(*)c1ccccc1C(=O)OCCCC,1.578
*CC(*)c1ccccc1C(=O)OCC(C)C,1.651
*CC(*)c1ccccc1C(=O)OCCCCC,1.753
*CC(*)c1ccccc1C(=O)OCCC(C)C,1.455
*CC(*)c1ccccc1C(=O)OCCCCCC,1.647
*CC(*)c1ccccc1C(=O)Oc1ccccc1,1.46
*CC(*)c1ccccc1C(=O)OCCN(C)C,1.943
*CC(*)c1ccc(C(=O)OCCN(C)C)cc1,2.224
*CC(*)c1cccc(C)c1,0.629
*CC(*)c1cccc(CC)c1,1.673
*CC(*)c1cccc(-c2ccc(-c3ccccc3)cc2)c1,3.046
*CC(*)c1cccc(Cl)c1,1.96
*CC(*)c1cccc(F)c1,1.979
*CC(*)c1ccc(C)cc1,3.061
*CC(*)c1ccc(C(C)C)cc1,1.776
*CC(*)c1ccc(CCCC)cc1,2.103
*CC(*)c1ccc(C(C)(C)C)cc1,1.783
*CC(*)c1ccc(C(C)CC)cc1,2.017
*CC(*)c1ccc(CCCCCC)cc1,1.887
*CC(*)c1ccc(CCCCCCCC)cc1,1.976
*CC(*)c1ccc(CCCCCCCCC)cc1,1.764
*CC(*)c1ccc(CCCCCCCCCC)cc1,1.76
*CC(*)c1ccc(CCCCCCCCCCCC)cc1,1.68
*CC(*)c1ccc(CCCCCCCCCCCCCC)cc1,1.697
*CC(*)c1ccc(CCCCCCCCCCCCCCCC)cc1,1.796
*CC(*)c1ccc(CCCCCCCCCCCCCCCCCC)cc1,1.699
*CC(*)c1ccc(-c2ccccc2)cc1,2.652
*CC(*)c1ccc(Cl)cc1,2.65
*CC(*)c1ccc(/C(C)=N/O)cc1,2.105
*CC(*)c1ccc(C(C)(C)O)cc1,2.199
*CC(*)c1ccc(COC)cc1,2.372
*CC(*)c1ccc(COCCC)cc1,2.073
*CC(*)c1ccc(COCCCCCC)cc1,1.911
*CC(*)c1ccc(COCCOCCCC)cc1,2.177
*CC(*)c1ccc(C(=O)N(C)C)cc1,2.64
*CC(*)c1ccc(C(=O)N(CC)CC)cc1,2.76
*CC(*)c1ccc(C(=O)N2CCCCC2)cc1,1.657
*CC(*)c1ccc(C(=O)CCN2CCCCC2)cc1,2.172
*CC(*)c1ccc(C(=O)N2CCOCC2)cc1,2.662
*CC(*)c1ccc(C(=O)OC)cc1,2.21
*CC(*)c1ccc(F)cc1,2.897
*CC(*)c1ccc(I)cc1,3.205
*CC(*)c1ccc(N(C)C)cc1,2.85
*CC(*)c1ccc(OCC)cc1,1.892
*CC(*)c1ccc(OCCC)cc1,1.792
*CC(*)c1ccc(OCCCC)cc1,1.935
*CC(*)c1ccc(OCCC(C)C)cc1,1.797
*CC(*)c1ccc(C)cc1C,1.033
*CC(*)c1ccc(C(C)C)cc1C(C)C,1.525
*CC(*)c1ccc(F)cc1C,1.093
*CC(*)c1ccc(Cl)cc1C,1.741
*CC(*)c1ccc(Cl)cc1Cl,1.838
*CC(*)c1cc(C)ccc1C,2.93
*CC(*)c1cc(C(C)(C)C)ccc1C,1.892
*CC(*)c1cc(C(C)C)ccc1C(C)C,1.784
*CC(*)c1cc(Cl)ccc1Cl,0.472
*CC(*)c1cc(F)ccc1F,3.393
*CC(*)c1cc(C)ccc1F,3.272
*CC(*)c1cc(Br)ccc1OCCCC,2.481
*CC(*)c1cc(Br)ccc1OCC,3.533
*CC(*)c1cc(C)cc(C)c1,1.232
*CC(*)c1c(F)c(F)c(F)c(F)c1F,3.615
*CC(*)(C)c1ccccc1,1.933
*CC(*)(C)c1ccc(C(C)C)cc1,1.683
*C(F)(F)C(*)(F)c1ccccc1,2.143
*CC(*)c1cccc2ccccc12,1.264
*CC(*)c1ccc(C(C)=O)cc1,2.347
*CC(*)(C(=O)OC)c1ccccc1,2.451
*CC(*)(C)c1ccc(C)cc1,2.067
*CC(*)n1cc2ccccc2n1,0.124
*CC(c1ccccn1)C(c1ccccc1)C(*)c1ccccn1,2.648
*CC(*)c1ccc(O)cc1,2.835
*CC(*)c1ccc(OC(C)=O)cc1,1.781
*CC(*)c1ccc(CCC)cc1,2.128
*CC(*)c1ccc(COCCCCCCOc2ccc(-c3ccc(OC)cc3)cc2)cc1,2.316
*CC(*)c1ccc(COCC(CC)CCCC)cc1,1.833
*CC(*)c1ccc(COCCOCCCCCCCC)cc1,1.799
*CC(CC(*)(C#N)C(=O)OC)c1ccccc1,2.535
*CC(*)c1ccc(C(=O)O)c(C(=O)O)c1,2.529
*C([2H])([2H])C(*)([2H])c1c([2H])c([2H])c([2H])c([2H])c1[2H],2.753
*CC(*)O,2.15
*CC(*)C=O,2.553
*CC(*)OC(=O)CCCCCCCCCCC,1.14
*CC(*)OC(=O)CCCCCCCCCCCCCCC,1.151
*CC(*)OC(=O)CCCCCCCCCCCCCCCCC,1.23
*CC(*)C(C)=O,1.521
*CC(*)C(=O)C(C)C,1.459
*CC(*)(C)C(C)=O,1.404
*CC(*)C#N,1.774
*CC(*)(C)C#N,1.751
*CC(*)c1ccccn1,3.288
*CC(*)OC,1.634
*CC(*)OCC,1.517
*CC(*)OC(C)=O,1.249
*CC(*)OC(=O)CC,1.589
*CC(*)OC(=O)c1ccccc1,1.6
*CC(*)CCCN(CC(C)C)CC(C)C,1.99
*CC(*)O[N+](=O)[O-],1.976
*/C=C/C(C)C(*)C(=O)OC,1.416
*CC(*)OC(C)C,1.218
*CC(*)CCc1ccccc1C,1.454
*CC(*)CCc1ccc(C)cc1,2.522
*CC(*)Cc1cc(C)ccc1C,2.705
*CC(*)Cc1ccc(C)c(C)c1,1.478
*CC(*)Cc1cc(C)cc(C)c1,1.889
*CC(*)C(=O)C1CCCCC1,1.629
*CC(*)C(=O)c1ccccc1O,2.219
*CC/C=C(/*)c1ccccc1,2.848
*CC(*)C(=O)c1ccc(C(C)(C)C)cc1,1.622
*CC(*)C(=O)c1ccc(CC)cc1,2.531
*CC(*)C(=O)c1ccc(C)cc1,2.916
*CC(*)OC(=O)c1ccc(OC(=O)CCC)cc1,1.88
*CC(*)OC(=O)C1(F)C(F)(F)C(F)(F)C(F)(F)C(F)(F)C1(F)F,1.055
*CC(*)c1cccs1,2.005
*C1Cc2ccccc2C1*,1.449
*CCC/C=C(/*)c1ccc(OC)cc1,1.943
*CCC/C=C(/*)c1ccccc1,2.613
*CCC/C=C(/*)c1ccc(Cl)cc1,2.449
*CC(*)CNc1ccc([N+](=O)[O-])cc1,2.079
*CC(*)CNc1ccc([N+](=O)[O-])cn1,1.873
*CC(*)CNc1ccc([N+](=O)[O-])cc1C,2.203
*CC(*)CNc1ccc([N+](=O)[O-])c(C(F)(F)F)c1,1.933
*CC(*)CNc1ccc([N+](=O)[O-])cc1[N+](=O)[O-],2.166
*CC1CC(*)C(OC(=O)CCCCCCCCCCOc2ccc(-c3ccc(C#N)cc3)cc2)C1OC(=O)CCCCCCCCCCOc1ccc(-c2ccc(C#N)cc2)cc1,2.424
*CC1CC(*)C(OC(=O)CCCCCCCCCCOc2ccc(-c3ccc(C#N)cc3)cc2)C1,2.492
*CCC1CC(OC(=O)CCCCCCCCCCOc2ccc(-c3ccc(C#N)cc3)cc2)CC1*,2.766
*CC(*)n1ccnc1,1.835
*CC(*)OC(=O)CCCCCCCCCCCCCCCCCCCCC,1.359
*CC(*)OCCCCCCCCCCCCCCCCCC,1.368
*CC(*)OC(=O)c1ccc(C#N)cc1,2.238
*CC(*)OCC(C)(C)CC(C)C,1.732
*C(F)(F)C(*)(F)OC(F)C(F)F,2.215
*CC(*)C(=O)c1ccc(Br)cc1,3.577
*CC(*)OC(=O)CC1CCCC1,1.636
*CC(*)N1CCCC1=O,1.995
*CCC1CC2C(CC(*)C2OC(=O)CCCCCCCCCCOc2ccc(-c3ccc(C#N)cc3)cc2)C1OC(=O)CCCCCCCCCCOc1ccc(-c2ccc(C#N)cc2)cc1,2.712
*CC(*)C(=O)O,2.828
*CC(*)C(=O)OC,1.747
*CC(*)C(=O)OCC,1.758
*CC(*)C(=O)OCCCC,1.603
*CC(*)C(=O)OCCCCCC,1.618
*CC(*)C(=O)OCCCCCCCCCCCCCC,1.358
*CC(*)C(=O)OCCCCCCCCCCCCCCCC,1.532
*CC(*)C(=O)OCCCCCCCCCCCCCCCCCC,1.356
*CC(*)C(=O)OCCCCCCCCCCCCCCCCCCCCCC,1.42
*CC(*)C(=O)OC(F)(C(F)(F)F)C(F)(F)F,2.508
*CC(*)(C)C(=O)OC,1.826
*CC(*)(C)C(=O)OCC,1.613
*CC(*)(C)C(=O)OCCCC,1.462
*CC(*)(C)C(=O)OC(C)CC,1.412
*CC(*)(C)C(=O)OCC(C)C,1.425
*CC(*)(C)C(=O)OC(C)(C)C,1.065
*CC(*)(C)C(=O)OCCCCCC,1.521
*CC(*)(C)C(=O)OCCCCCCCC,1.735
*CC(*)(C)C(=O)OCCCCCCCCCCCC,1.418
*CC(*)(C)C(=O)OCCCCCCCCCCCCCC,1.434
*CC(*)(C)C(=O)OCCCCCCCCCCCCCCCCCC,1.422
*CC(*)(C)C(=O)OC1CCCCC1,1.546
*CC(*)(C)C(=O)OC1CCCCC1C,1.724
*CC(*)(C)C(=O)OC1CCC(C)CC1,1.508
*CC(*)(C)C(=O)OC1CCCC(C)C1,1.49
*CC(*)(C)C(=O)OC1CC(C)CC(C)(C)C1,1.301
*CC(*)(C)C(=O)Oc1ccccc1,2.316
*CC(*)(C)C(=O)Oc1ccccc1C,1.73
*CC(*)(C)C(=O)OCc1ccccc1,2.269
*CC(*)(C)C(=O)OCCc1ccccc1,2.002
*CC(*)(C)C(=O)Oc1ccc2ccccc2c1,1.853
*CC(*)(C)C(=O)OCCF,2.281
*CC(*)(C)C(=O)OCCCl,1.627
*CC(*)(C)C(=O)OCCBr,2.465
*CC(*)(C)C(=O)OC(C)C(F)(F)F,1.519
*CC(*)(C)C(=O)OC(C(F)(F)F)C(F)(F)F,2.337
*CC(*)(C)C(=O)OC(F)(C(F)(F)F)C(F)(F)F,2.457
*CC(*)(C)C(=O)OC(C(F)(F)F)(C(F)(F)F)C(F)(F)F,1.941
*CC(*)(C)C(=O)OC(F)(C(F)(F)F)C(F)(F)Cl,1.825
*CC(*)(C)C(=O)OCC(F)(F)C(F)(F)C(F)(F)C(F)(F)C(F)(F)C(F)(F)C(F)(F)F,1.438
*CC(*)(C)C(=O)Oc1c(Cl)c(Cl)c(Cl)c(Cl)c1Cl,1.603
*CC(*)(C)C(=O)OCc1ccccc1Cl,1.742
*CC(*)(C)C(=O)OCCOCC,2.201
*CC(*)(C)C(=O)OCC1CCCO1,1.924
*CC(*)(C)C(=O)OCc1ccco1,2.477
*CC(*)(C)C(=O)OCCN(C)C,1.975
*CC(*)(C)C(=O)OCCN(CC)CC,2.097
*CC(*)(C)C(=O)OCc1cccc([N+](=O)[O-])c1,1.53
*CC(*)(Cl)C(=O)OCC,1.951
*CC(*)(Cl)C(=O)OC(C)CC,1.866
*CC(*)(Cl)C(=O)OC1CCCCC1,1.876
*CC(*)C(=O)NC(C)C,1.596
*CC(*)C(=O)N(CCCC)CCCC,1.594
*CC(*)C(=O)NCCCCCCCCCCCC,1.307
*CC(*)C(=O)NCCCCCCCCCCCCCC,1.457
*CC(*)C(=O)NCCCCCCCCCCCCCCCC,1.414
*CC(*)C(=O)NCCCCCCCCCCCCCCCCCC,1.374
*CC(*)C(=O)NCCCCCCCCCCCCCCCCCCCCCC,1.473
*CC(*)C(=O)OC(CC)CC,1.723
*CC(*)(C)C(=O)Oc1cccc(C)c1,1.13
*CC(*)C(=O)OCC(CC)CCCC,1.388
*CC(*)C(=O)OCCCCCCCCC,1.612
*CC(*)C(=O)OC1CCCCC1,1.642
*CC(*)C(=O)OC1CC(C)CC(C)(C)C1,1.519
*CC(*)(C)C(=O)OCCCCCCCCCC,1.338
*CC(*)(C)C(=O)OC1CC2CCC1(C)C2(C)C,1.738
*CC(*)(Cl)C(=O)OCCC,1.939
*CC(*)(Cl)C(=O)OCCCC,2.037
*CC(*)(C#N)C(=O)OC,2.809
*CC(*)C(=O)OCC(C)CC,1.419
*CC(*)C(=O)OC(C)CCCCC,1.37
*CC(*)C(=O)OC(C)CCCCCC,1.664
*CC(*)C(=O)OCC(CC)CC,1.628
*CC(*)C(=O)OCC(C)(C)C,1.188
*CC(*)C(=O)OC(C)CC(C)C,1.732
*CC(*)C(=O)OC(CCC(CC)CCCC)CC(C)C,1.557
*CC(*)C(=O)OCCC#N,2.102
*CC(*)C(=O)OCCSC,1.853
*CC(*)C(=O)OCCCSC,2.051
*CC(*)C(=O)OCCSCC,1.933
*CC(*)C(=O)OCCCCSC,1.868
*CC(*)C(=O)OCCCSCC,2.213
*CC(*)C(=O)OCCSCC#N,1.813
*CC(*)C(=O)OCCSCCC#N,2.148
*CC(*)C(=O)OCCSCCCC#N,1.656
*CC(*)C(=O)OCCCSCCC#N,2.042
*CC(*)C(=O)OCCCCCCSCC#N,1.575
*CC(*)C(=O)OC12CC3CC(C)(CC(C)(C3)C1)C2,3.691
*CC(*)C(=O)N1CCCCC1,2.166
*CC(*)C(=O)N1CCOCC1,2.655
*CC(*)C(=O)Oc1ccccc1,2.692
*CC(*)C(=O)Oc1ccccc1C,1.884
*CC(*)C(=O)Oc1cccc(C)c1,1.311
*CC(*)C(=O)Oc1ccc(C)cc1,2.474
*CC(*)C(=O)Oc1ccccc1C(C)(C)C,1.504
*CC(*)C(=O)Oc1ccc(C(C)(C)C)cc1,1.746
*CC(*)C(=O)Oc1ccc(OC)cc1,1.816
*CC(*)C(=O)Oc1ccc(C(=O)OCCCC)cc1,1.85
*CC(*)C(=O)Oc1ccc(-c2ccccc2)cc1,2.621
*CC(*)C(=O)OCc1ccccc1,2.167
*CC(*)C(=O)OCCc1ccccc1,2.202
*CC(*)C(=O)Oc1cccc(N(C)C)c1,1.623
*CC(*)C(=O)N(C)c1ccccc1,1.609
*CC(*)C(=O)Oc1ccc(C#N)cc1,2.65
*CC(*)C(=O)OCc1ccc(C#N)cc1,3.31
*CC(*)C(=O)Oc1ccccc1Cl,1.328
*CC(*)C(=O)Oc1ccc(Cl)cc1Cl,1.775
*CC(*)C(=O)Oc1c(Cl)c(Cl)c(Cl)c(Cl)c1Cl,1.802
*CC(*)C(=O)Oc1cccc2ccccc12,2.051
*CC(*)C(=O)N(C)C,2.199
*CC(*)C(=O)NCCCC,1.418
*CC(*)C(=O)NC(C)CC,1.386
*CC(*)C(=O)NC(C)(C)C,1.659
*CC(*)C(=O)N(C(C)C)C(C)C,0.529
*CC(*)(C)C(=O)OCCCCC,1.66
*CC(*)(C)C(=O)OCC(CC)CCCC,1.45
*CC(*)(C)C(=O)OCCC(C)(C)C,1.493
*CC(*)(C)C(=O)OC(C)C(C)(C)C,1.293
*CC(*)(C)C(=O)OCCC(C)CC(C)(C)C,1.707
*CC(*)(C)C(=O)OCCOC,1.935
*CC(*)(C)C(=O)OCCNC(C)(C)C,1.842
*CC(*)(C)C(=O)OCCC#N,1.801
*CC(*)(C)C(=O)OCC[N+](=O)[O-],2.436
*CC(*)(C)C(=O)OC(F)(F)C(F)(F)C(F)(F)C(F)(F)C(F)(F)C(F)(F)C(F)(F)C(F)(F)F,1.431
*CC(*)(C)C(=O)OCCS(=O)CC,2.247
*CC(*)(C)C(=O)OCC1(C)COCOC1,2.365
*CC(*)(C)C(=O)OCC1(C)COC(C)(C)OC1,1.851
*CC(*)(C)C(=O)OCC(C)(C)C1OCC(C)(C)CO1,1.506
*CC(*)(C)C(=O)OC12CC3CC(CC(C3)C1)C2,1.413
*CC(*)(C)C(=O)OC12CC3CC(C)(CC(C)(C3)C1)C2,3.31
*CC(*)(C)C(=O)Oc1ccc(CC#N)cc1,2.198
*CC(*)(CC)C(=O)OCC,1.626
*CC(*)(CC(=O)OCC)C(=O)OCC,1.736
*CC(*)(CC(=O)OCCCC)C(=O)OCCCC,1.789
*CC(*)(C#N)C(=O)OCCCC,2.231
*CC(*)(CF)C(=O)OC,2.418
*CC(*)(CF)C(=O)OCC,1.978
*CC(*)(Cl)C(=O)OC(C)C,1.516
*CC(*)(CC(=O)OC1CCCCC1)C(=O)OC1CCCCC1,1.903
*CC(*)(CC(=O)Oc1ccccc1)C(=O)Oc1ccccc1,2.987
*CC(*)(CC(=O)OCc1ccccc1)C(=O)OCc1ccccc1,2.456
*CC(*)(CC(=O)OCCc1ccccc1)C(=O)OCCc1ccccc1,2.392
*CC(*)(CC(=O)OCCCc1ccccc1)C(=O)OCCCc1ccccc1,2.312
*CC(*)C(=O)Oc1ccc(Cl)cc1,2.441
*CC(*)(C)C(=O)Oc1ccc(C#N)cc1,2.479
*CC(*)C(=O)OCCC(C)C,1.642
*CC(*)C(=O)OCC(C)CCC,1.65
*CC(*)C(=O)OCCC(C)OC,1.68
*CC(*)(C)C(=O)OC1CCC(C(C)(C)C)CC1,1.413
*CC(*)(C)C(=O)OCC(C)(C)C,1.143
*CC(*)(C)C(=O)Oc1ccc(C(C)(C)C)cc1,1.963
*CC(*)(C)C(N)=O,1.942
*CC(*)(C)C(=O)Oc1ccc(C)cc1,2.266
*C1C(=O)N(C2CCCCC2)C(=O)C1*,0.93
*CC(*)(CC(=O)OCCCCC)C(=O)OCCCCC,1.916
*CC(*)(CC(=O)OCCCCCC)C(=O)OCCCCCC,1.431
*CC(*)(CC(=O)OCCC)C(=O)OCCC,1.711
*CC(*)(CC(=O)Oc1ccccc1C)C(=O)Oc1ccccc1C,2.037
*CC(*)(CC(=O)Oc1cccc(C)c1)C(=O)Oc1cccc(C)c1,1.574
*CC(*)(CC(=O)Oc1ccc(C)cc1)C(=O)Oc1ccc(C)cc1,2.736
*CC(*)(C#N)C(=O)OCC,1.781
*CCC(C(=O)OCC)C(*)C(=O)OCC,1.452
*C1C(=O)N(c2ccccc2)C(=O)C1*,2.108
*C1C(=O)N(c2ccc(C)cc2)C(=O)C1*,2.04
*CC(*)(C)C(=O)Oc1ccc(C)cc1C,1.594
*CC(*)(C)C(=O)OCCN(CC)S(=O)(=O)C(F)(F)C(F)(F)C(F)(F)C(F)(F)C(F)(F)C(F)(F)C(F)(F)C(F)(F)F,1.697
*CC(*)(C#N)C(=O)OCCCCCC,1.542
*CC(*)(C)C(=O)OCC1CO1,2.345
*CC(*)(C)C(=O)OCCCCCCOc1ccc(-c2ccc(OC)cc2)cc1,2.36
*CC(*)(C)C(=O)OCCN(CC)c1ccc(/N=N/c2ccc([N+](=O)[O-])cc2)cc1,2.528
*CC(*)C(=O)OCCN(CC)c1ccc(/N=N/c2ccc([N+](=O)[O-])cc2)cc1,2.666
*CC(*)C(=O)OCCCCCC(=O)Oc1ccc(-c2ccc(C#N)cc2)cc1,2.593
*CCCC(*)(C)C(=O)O,1.963
*CC(*)(C)C(=O)NC(=O)OC(C)COc1c(Br)cc(S(=O)(=O)c2cc(Br)c(OCC(C)O)c(Br)c2)cc1Br,1.797
*CC(*)C(=O)OCCCCCCOc1ccc(C(=O)Oc2ccc(C#N)cc2)cc1,2.211
*CC(*)(C)C(=O)OCCCCn1c2ccccc2c2ccccc21,0.633
*CC(*)C(=O)NCCCCCC(=O)O,2.251
*CC(*)C(=O)OC(C)CCC(CC)CCCC,1.423
*CC(*)C(=O)NCCCCCCCC/C=C/CCCCCCCC,1.329
*CC(*)(C)C(=O)Oc1ccc([N+](=O)[O-])cc1,2.626
*C1C(=O)OC(=O)C1*,2.189
*CC(*)Cl,1.42
*CCCCCCCCCCC(Cl)C(*)Cl,1.311
*CC(*)CC(C)C(F)(F)F,1.965
*CCC(Cl)C(*)Cl,1.62
*/C=C/C(C*)CCC,1.519
*CC(*)C=C(C)C,0.948
*CC/C=C(/*)CCCCCCCCCC,1.48
*CC/C=C(/*)C(C)(C)C,2.228
*CC/C(C)=C(/*)C,0.995
*/C=C/C(C)C(*)C,0.772
*/C=C/C(C)(C)C(*)(C)C,1.925
*/C=C/C(C(=O)OC(C)C)C(*)C(=O)OC(C)C,1.72
*C1C=CC(*)C1,1.788
*CO*,2.658
*OC(*)C(Cl)(Cl)Cl,0.705
*OC(*)CCC#N,1.828
*CCO*,1.46
*CC(C)(C)O*,1.296
*CC(O*)c1ccccc1,2.926
*CC(COc1ccccc1)O*,2.516
*CC(COc1ccccc1C)O*,1.849
*CC(COc1cccc(C)c1)O*,0.884
*CC(COc1ccccc1Cl)O*,1.515
*CC(COc1ccc(Cl)cc1)O*,2.423
*CC(COc1ccccc1C(C)C)O*,1.631
*CCCCO*,1.234
*CCCCCCCCCCCCO*,1.055
*Oc1ccc(*)cc1,2.223
*Oc1cccc(*)c1,0.745
*Oc1c(C)cc(*)cc1C,1.434
*Oc1c(-c2ccccc2)cc(*)cc1-c1ccccc1,3.108
*Oc1ccc(Cc2ccc(*)cc2)cc1,2.452
*OC1C(C)(C)C(*)C1(C)C,2.8
*CCCCCCCCCCCCCCCCCCOCO*,1.164
*CCCCCCCCCCOCCCCCCOCCCCCCO*,1.101
*CCCCCCCCCCOCCCCCCCCCCOCCCCO*,0.978
*CCCCCCCCCCC(=O)OCCOC(=O)c1ccc(O*)cc1,1.861
*CCCCCC(=O)OCCCCCCOC(=O)c1ccc(O*)cc1,1.589
*CCCCC(=O)OCCCCCCOC(=O)c1ccc(O*)cc1,1.822
*CCCCCCCCCCC(=O)OCCCCCCOC(=O)c1ccc(O*)cc1,1.479
*CCCCCCC(=O)NCCCCCCNC(=O)CCCCCCO*,1.404
*CCCCCCCCC(=O)NCCCCCCNC(=O)CCCCCCCCO*,1.347
*CCCCCCCCC(=O)NCCCCCOCCCCCNC(=O)CCCO*,1.355
*CCCCCCCCCCC(=O)NCCCCCOCCCCCNC(=O)CCCO*,1.316
*CCCCCCCCC(=O)NCCCCCOCCCCCNC(=O)CCCCO*,1.446
*CCCCCCCCCCC(=O)NCCCCCOCCCCCNC(=O)CCCCO*,1.351
*CCCCCNC(=O)CCCCCCOCCCCCCC(=O)NCCCCCO*,1.287
*CCCCCNC(=O)CCCCCCCCOCCCCCCCCC(=O)NCCCCCO*,1.061
*CCCC(=O)NCc1ccc(CNC(=O)CCCO*)cc1,2.087
*CCCCCC(=O)NCc1ccc(CNC(=O)CCCCCO*)cc1,1.832
*CCCCCCC(=O)NCc1ccc(CNC(=O)CCCCCCO*)cc1,1.86
*CCCCCCCCC(=O)NCc1ccc(CNC(=O)CCCCCCCCO*)cc1,1.569
*Oc1ccc(S(=O)(=O)c2ccc(Oc3ccc(C(C)(C)c4ccc(*)cc4)cc3)cc2)cc1,2.369
*CCOCCOC(=O)CCCCCCCCCCCCCCCCC(=O)O*,1.162
*CCOC(=O)c1ccc(C(C)(CC)c2ccc(C(=O)O*)cc2)cc1,1.848
*Oc1ccc(S(=O)(=O)c2ccc(Oc3ccc(Cc4ccc(*)cc4)cc3)cc2)cc1,2.292
*CC(COc1ccc(-c2ccccc2)cc1)O*,2.278
*Oc1c(C)cc(*)cc1-c1ccccc1,1.132
*CC(COc1ccc(C(C)(C)c2ccc(O*)cc2)cc1)OC(C)=O,2.429
*CC(COc1ccc(C(C)(C)c2ccc(O*)cc2)cc1)OC(=O)CCl,2.555
*CC(COc1ccc(C(C)(C)c2ccc(O*)cc2)cc1)OC(=O)CC,2.078
*CC(O)COc1ccc(C(C)(C)c2ccc(O*)c(Cl)c2)cc1Cl,1.333
*CC(O)COc1c(Cl)cc(C(C)(C)c2cc(Cl)c(O*)c(Cl)c2)cc1Cl,1.985
*CC(COc1c(Cl)cc(C(C)(C)c2cc(Cl)c(O*)c(Cl)c2)cc1Cl)OC(C)=O,2.127
*CC(O)COc1ccc(C(C)(CC)c2ccc(O*)cc2)cc1,2.295
*OC1CCCCC1*,1.924
*Oc1ccc(Oc2ccc(C(=O)c3ccc(*)cc3)cc2)cc1,1.234
*Oc1ccc(S(=O)(=O)c2ccc(Oc3c(C)cc(C(C)(C)c4cc(C)c(*)c(C)c4)cc3C)cc2)cc1,2.519
*Oc1ccc(S(=O)(=O)c2ccc(Oc3ccc(C(C)(c4ccccc4)c4ccc(*)cc4)cc3)cc2)cc1,2.56
*Oc1ccc(S(=O)(=O)c2ccc(Oc3ccc(-c4ccc(*)cc4)cc3)cc2)cc1,2.445
*Oc1ccc(Oc2ccc(Oc3ccc(S(=O)(=O)c4ccc(*)cc4)cc3)cc2)cc1,2.266
*CCCCCCCCCCCCCCCCCCCCOC(=O)COCC(=O)O*,1.171
*CC(CCl)(CCl)O*,2.326
*CCOCCOC(=O)c1ccccc1-c1ccccc1C(=O)O*,1.526
*Oc1cccc(NC(=O)CCCCCCCCCCC(=O)Nc2ccc(*)cc2)c1,1.628
*Oc1ccc(NC(=O)CCCCCCCCCC(=O)Nc2ccc(*)cc2)cc1,2.049
*c1ccc(-c2nc3ccc(Oc4ccc5nc(*)c(-c6ccccc6)c(-c6ccccc6)c5c4)cc3c(-c3ccccc3)c2-c2ccccc2)cc1,2.308
*ON(C(F)(F)F)C(F)(F)C(*)(F)F,2.066
*c1ccc(Oc2ccc(-c3ccc(Oc4ccc(-c5cnc6cc(-c7ccc8nc(*)cnc8c7)ccc6n5)cc4)cc3)cc2)cc1,2.473
*CC(COc1c(C)cccc1C)O*,0.729
*Oc1ccc(C(C)(C)c2ccc(Oc3ccc(C(=O)c4ccccc4-c4ccccc4C(=O)c4ccc(*)cc4)cc3)cc2)cc1,2.267
*Oc1ccc(C(c2ccc(Oc3ccc(C(=O)c4ccccc4-c4ccccc4C(=O)c4ccc(*)cc4)cc3)cc2)(C(F)(F)F)C(F)(F)F)cc1,2.374
*Oc1ccc(Oc2ccc(C(=O)c3ccccc3-c3ccccc3C(=O)c3ccc(*)cc3)cc2)cc1,1.97
*Oc1ccc(C(C)(C)c2ccc(Oc3ccc(C(=O)Nc4ccc(-c5ccc(NC(=O)c6ccc(*)cc6)cc5C(F)(F)F)c(C(F)(F)F)c4)cc3)cc2)cc1,2.435
*CCCCCCCCCCOc1ccc(OC(=O)c2ccc(OCCCCCCOc3ccc(C(=O)Oc4ccc(O*)cc4)cc3)cc2)cc1,1.931
*c1ccc(Oc2ccc(N3C(=O)c4ccc(Oc5cc6ccccc6cc5Oc5ccc6c(c5)C(=O)N(*)C6=O)cc4C3=O)cc2)cc1,1.423
*Oc1ccc(S(=O)(=O)c2ccc(Oc3ccc(C4(c5ccc(*)cc5)c5ccccc5-c5ccccc54)cc3)cc2)cc1,1.52
*CCc1ccc(*)o1,1.175
*c1cccc(-c2nc3ccc(-c4ccc5oc(*)nc5c4)cc3o2)c1,1.264
*CS*,1.642
*SC(*)(F)F,2.106
*CCS*,1.634
*CCCCCCCCCCSCCCCCCS*,1.212
*CCCCCCCCCCCSCCCCCCS*,1.192
*Sc1ccc(*)cc1,4.21
*OC(=O)CCSc1ccc(SCCC(*)=O)cc1,2.706
*OC(=O)CSCc1ccc(CSCC(*)=O)cc1,2.571
*OC(=O)CCSCc1ccc(CSCCC(*)=O)cc1,2.276
*CCCCCC(=O)NCc1ccc(CNC(=O)CCCCCS*)cc1,1.835
*CCCCCCCCC(=O)NCc1ccc(CNC(=O)CCCCCCCCS*)cc1,1.585
*CCCCCCCCCCC(=O)NCc1ccc(CNC(=O)CCCCCCCCCCS*)cc1,1.548
*CCCCC(=O)NCCc1ccc(CCNC(=O)CCCCS*)cc1,1.756
*CCCCCCC(=O)NCCc1ccc(CCNC(=O)CCCCCCS*)cc1,1.433
*CCCCCCCCC(=O)NCCc1ccc(CCNC(=O)CCCCCCCCS*)cc1,1.453
*CCCCCCCCCCC(=O)NCCc1ccc(CCNC(=O)CCCCCCCCCCS*)cc1,1.551
*CCc1ccc(Cc2ccc(CCS*)cc2)cc1,2.788
*CCCCCCCCCCSSCCCCCCSS*,1.383
*CCCCCCCCCCCCCCCCCCCCOC(=O)CCCCSCCCCC(=O)O*,1.254
*CCS/C(=N\c1ccccc1)S*,2.335
*CCCCSSCCCSS*,1.376
*CCCCOC(=O)SSSSC(=O)O*,0.873
*CCCC1CCN(C(=O)SSCCCCSSC(=O)N2CCC(*)CC2)CC1,2.178
*CCOC(=O)CCCCSCCCCC(=O)O*,1.261
*OC(C)COC(=O)CCCCSCCCCC(*)=O,1.365
*Sc1c(C)cc(*)cc1C,1.621
*c1ccc2c(c1)SC1=Nc3cc(-c4ccc5c(c4)N=C4Sc6cc(*)ccc6N=C4N5)ccc3NC1=N2,0.749
*CCCCCCCCCCOC(=O)CCCCCCC(=O)O*,1.083
*CCCCCCCCCOC(=O)CCCCCCCC(=O)O*,0.878
*CCCCCCCCCCOC(=O)CCCCCCCC(=O)O*,0.995
*CCCCCCCCCCOC(=O)CCCCCCCCC(=O)O*,0.977
*CCOC(=O)c1ccc(C(=O)O*)cc1,2.512
*Oc1c(Cl)cc(C(C)(C)c2cc(Cl)c(OC(=O)CCCCC(*)=O)c(Cl)c2)cc1Cl,2.063
*Oc1ccc(C(C)(C)c2ccc(OC(=O)c3ccc(C(*)=O)cc3)cc2)cc1,2.607
*Oc1ccc(C(C)(C)c2ccc(OC(=O)c3cccc(C(*)=O)c3)cc2)cc1,2.223
*CCCCCC(=O)O*,1.248
*CCCCCCCCCCCCCCC(=O)O*,1.365
*CCCCCCCCCCOC(=O)CCCCCCCCCCCCCCCCC(=O)O*,1.132
*CCCCCCCCCCCCOC(=O)CCCCC(=O)O*,1.286
*CCCCCCCCCCCCOC(=O)CCCCCCC(=O)O*,1.058
*CCCCCCCCCCCCCCOC(=O)CCCCC(=O)O*,1.328
*CCCCCCCCCCCCCCOC(=O)CCCCCCC(=O)O*,1.195
*CCCCCCCCCCCCCCCCOC(=O)CCCCCCC(=O)O*,1.317
*OC(C)COC(=O)/C=C(/CC(*)=O)c1cc(C)ccc1OC,1.57
*CCCCOC(=O)C/C(=C/C(=O)O*)c1ccc(OCC)cc1,1.934
*CCCCCCOC(=O)C/C(=C/C(=O)O*)c1ccc(OCC)cc1,1.792
*OC(C)COC(=O)/C=C(/CC(*)=O)c1ccc(OCC)cc1,1.83
*CC(CCCCCCCCCCCCCCCC)C(CCCCCCCCCCCCCCCC)COC(=O)c1ccc(C(=O)O*)cc1,1.385
*Oc1ccc(-c2ccc(OC(=O)CCCCCC(*)=O)cc2)cc1,2.351
*Oc1ccc(-c2ccc(OC(=O)CCCCCCC(*)=O)cc2)cc1,2.429
*Oc1ccc(-c2ccc(OC(=O)CCCCCCCC(*)=O)cc2)cc1,2.289
*Oc1ccc(-c2ccc(OC(=O)CCCCCCCCC(*)=O)cc2)cc1,2.319
*Oc1ccc(-c2ccc(OC(=O)CCCCCCCCCC(*)=O)cc2)cc1,2.292
*Oc1ccc(-c2ccc(OC(=O)CCCCCCCCCCC(*)=O)cc2)cc1,2.193
*Oc1ccc(-c2ccc(OC(=O)CCCCCCCCCCCC(*)=O)cc2)cc1,2.309
*CCCOC(=O)CCCCCCCCCCCCCCCCC(=O)O*,1.13
*OC(c1ccc(Cl)cc1)C(C)(C)C(*)=O,2.238
*OC(c1ccc(OC)cc1)C(C)(C)C(*)=O,1.888
*Cc1ccc(-c2ccc(C(=O)O*)cc2)cc1,2.702
*CC1CCC(COC(=O)CCCCCCCC(=O)O*)CC1,1.411
*CC1CCC(COC(=O)CCCC(=O)O*)CC1,1.239
*CC1CCC(COC(=O)c2cccc(C(=O)O*)c2)CC1,1.1
*CC1CCC(COC(=O)CCCCCC(=O)O*)CC1,1.201
*CC1CCC(COC(=O)CCCCCCCCC(=O)O*)CC1,1.056
*CCCCCCCCCCOC(=O)CCCCCNC(=O)CCCCC(=O)NCCCCCC(=O)O*,1.423
*CCCCCCCCCCOC(=O)c1ccccc1-c1ccccc1C(=O)O*,1.264
*CCCCCCCCCCOC(=O)c1ccc(NC(=O)O*)cc1,1.921
*CCCCCCCCCCOC(=O)CCCCCNC(=O)c1ccc(C(=O)NCCCCCC(=O)O*)cc1,1.413
*CCCCCCCCCCCCOC(=O)CCCCCNC(=O)CCCCC(=O)NCCCCCC(=O)O*,1.378
*CCCCCCCCCCCCOC(=O)CCCCCNC(=O)c1ccc(C(=O)NCCCCCC(=O)O*)cc1,1.49
*CCCCCCCCCCCCCCCCCCCCOC(=O)CCCCC(=O)O*,1.367
*CCCCCCCCCCCCCCCCCCCCOC(=O)CCC(C)CC(=O)O*,1.172
*CCCCCCCCCCCCCCCCCCCCOC(=O)CCCCCCCC(=O)O*,1.157
*CCCCCCCCCCCCCCCCCCCCOC(=O)c1cccc(-c2cccc(C(=O)O*)c2)c1,1.653
*CCCCCCCCCCCCCCCCCCCCOC(=O)c1ccc(-c2ccc(C(=O)O*)cc2)cc1,1.452
*CCCCCCCCCCCCCCCCCCCCOC(=O)CCCC(=O)O*,1.385
*CCCCCCCCCCCCCCCCCCCCOC(=O)c1cccc(C(=O)O*)c1,1.228
*CCCCCCCCCCCCCCCCCCCCOC(=O)CC(=O)O*,1.333
*CCCCCCCCCCCCCCCCCCCCOC(=O)C(=O)O*,1.287
*CCCCCCCCCCCCCCCCCCCCOC(=O)c1ccccc1C(=O)O*,1.315
*CCCCCCCCCCCCCCCCCCCCOC(=O)CCCCCC(=O)O*,1.103
*CCCCCCCCCCCCCCCCCCCCOC(=O)CCCCCCC(=O)O*,1.054
*OC(C)COC(=O)c1ccccc1-c1ccccc1C(*)=O,1.531
*OC(C)COC(=O)c1cccc(-c2cccc(C(*)=O)c2)c1,1.911
*OC(C)COC(=O)c1ccc(-c2ccc(C(*)=O)cc2)cc1,2.437
*CCOC(=S)c1cccc(C(=S)O*)c1,1.973
*CCCCCCOC(=O)c1ccccc1-c1ccccc1C(=O)O*,1.444
*CCCCCCOC(=O)c1cccc(-c2cccc(C(=O)O*)c2)c1,1.685
*CCCCCCOC(=O)CCCCCNC(=O)c1ccc(C(=O)NCCCCCC(=O)O*)cc1,1.597
*CCCCCCOC(=O)CCCS(=O)(=O)Cc1ccc(CS(=O)(=O)CCCC(=O)O*)cc1,2.276
*Oc1ccc(Cc2ccc(OC(=O)CCCCC(*)=O)cc2)cc1,2.344
*CCCCCOC(=O)c1ccccc1-c1ccccc1C(=O)O*,1.559
*CCCCCOC(=O)c1cccc(-c2cccc(C(=O)O*)c2)c1,1.823
*CCCCCOC(=O)c1ccccc1C(=O)O*,1.461
*CCc1ccc(CCOC(=O)CCc2ccc(CCC(=O)O*)cc2)cc1,2.45
*Oc1ccc(/C=N/c2ccc(/N=C/c3ccc(OC(=O)CCCCC(*)=O)c(OC)c3)cc2)cc1OC,2.573
*Oc1ccc(/C=N/c2ccc(/N=C/c3ccc(OC(=O)c4cccc(C(*)=O)c4)c(OC)c3)cc2)cc1OC,2.317
*Oc1ccc(/C=N/c2ccc(/N=C/c3ccc(OC(=O)CCCCCCCCC(*)=O)c(OC)c3)cc2)cc1OC,2.272
*CCc1ccc(CCOC(=O)c2ccc(C(=O)O*)cc2)cc1,2.362
*CCCCCc1ccc(CCCCCOC(=O)c2ccc(C(=O)O*)cc2)cc1,1.778
*CCCCc1ccc(CCCCOC(=O)c2ccc(C(=O)O*)cc2)cc1,1.815
*CCCc1ccc(CCCOC(=O)c2ccc(C(=O)O*)cc2)cc1,1.995
*CCC(=O)Oc1ccc(OC(=O)CCN2CCN(*)CC2)cc1,2.697
*CCCCCCCCCCCCCCOC(=O)c1ccc(C(=O)NCCCCCNC(=O)c2ccc(C(=O)O*)cc2)cc1,1.616
*CCCCCCCCCCCCCCOC(=O)c1ccc(C(=O)NCCCCCCNC(=O)c2ccc(C(=O)O*)cc2)cc1,1.519
*CCCCCCCCCCCCCCOC(=O)c1ccc(C(=O)NCCNC(=O)c2ccc(C(=O)O*)cc2)cc1,1.603
*CCCCOC(=O)CCCCCNC(=O)CCCCC(=O)NCCCCCC(=O)O*,1.442
*CCCCOC(=O)CCCCCCCC(=O)O*,1.128
*CCCCOC(=O)c1ccccc1-c1ccccc1C(=O)O*,1.59
*CCCCOC(=O)c1cccc(-c2cccc(C(=O)O*)c2)c1,2.067
*CCCCOC(=O)c1ccc(-c2ccc(C(=O)O*)cc2)cc1,2
*CCCCOC(=S)c1cccc(C(=S)O*)c1,1.915
*CCCCOC(=O)CCCCCNC(=O)c1ccc(C(=O)NCCCCCC(=O)O*)cc1,1.578
*CCCOC(=O)C1CCC(C(=O)O*)CC1,1.815
*CCCOC(=O)c1ccccc1-c1ccccc1C(=O)O*,1.664
*OC(C)CCOC(=O)c1ccccc1-c1ccccc1C(*)=O,1.623
*CCCOC(=O)c1cccc(-c2cccc(C(=O)O*)c2)c1,2.413
*OC(C)CCOC(=O)c1cccc(-c2cccc(C(*)=O)c2)c1,1.819
*CCCOC(=O)c1ccc(-c2ccc(C(=O)O*)cc2)cc1,1.919
*CCCOC(=O)Cc1ccc(CC(=O)O*)cc1,2.245
*Cc1ccc(COC(=O)CCCCCCCCCCC(=O)O*)cc1,1.91
*Cc1ccc(COC(=O)CCCCCCC(=O)O*)cc1,2.132
*Oc1c(C)cc(C(C)(C)c2cc(C)c(OC(=O)CCCCC(*)=O)c(C)c2)cc1C,2.504
*Oc1ccc(C(C)(C)c2ccc(OC(=O)CCCCC(*)=O)cc2)cc1,2.208
*CCC(C)CCC(=O)O*,1.482
*Oc1c(C)cc(C(C)(C)c2cc(C)c(OC(=O)CCCCCCCCC(*)=O)c(C)c2)cc1C,2.184
*Oc1ccc(C(C)(C)c2ccc(OC(=O)CCCCCCCCC(*)=O)cc2)cc1,1.711
*Oc1c(C)cc(C(C)(C)c2cc(C)c(OC(=O)CCCCCC(*)=O)c(C)c2)cc1C,2.216
*Oc1cc(CCC)cc(OC(=O)c2cccc(C(*)=O)c2)c1,1.504
*CCCCCCCCCCCCOC(=O)c1cccc(C(=O)O*)c1,1.381
*CCOC(=O)CCCCCNC(=O)c1ccc(C(=O)NCCCCCC(=O)O*)cc1,1.614
*CCCCOC(=O)c1ccc(C(C)(C)c2ccc(C(=O)O*)cc2)cc1,1.729
*Oc1cccc(OC(=O)c2ccc(C(C)(C)c3ccc(C(*)=O)cc3)cc2)c1,1.776
*Oc1ccc(C(C)(C)c2ccc(OC(=O)CN(CC(*)=O)c3ccc(/N=N/c4ccc([N+](=O)[O-])cc4)cc3)cc2)cc1,2.698
*Oc1ccc(-c2ccc(-c3cc(-c4ccccc4)c(-c4ccc(-c5ccc(OC(=O)c6ccc(C(*)=O)cc6-c6ccccc6)cc5)cc4)c(-c4ccccc4)c3-c3ccccc3)cc2)cc1,3.212
*CCOC(=O)Cc1ccc(-c2ccc(CC(=O)O*)cc2)cc1,3.093
*Oc1ccc(OC(=O)CCCCCCCCC(*)=O)cc1,1.495
*Oc1ccc(C(C)(C)c2ccc(OC(=O)C(*)=O)cc2)cc1,2.707
*Oc1ccc(C(C)(C)c2ccc(OC(=O)/C=C/C(*)=O)cc2)cc1,2.635
*Cc1ccc2nc(-c3cc(-c4nc5ccc(*)cc5c(=O)o4)cc(N4C(=O)c5ccccc5C4=O)c3)oc(=O)c2c1,1.697
*CCCCNC(=O)CCCCC(=O)N*,1.719
*CCCCCCNC(=O)CCCCC(=O)N*,1.582
*CCCCCCNC(=O)CCCCCCCCC(=O)N*,1.328
*CCCCCCCCNC(=O)CCCCCCCCCCC(=O)N*,1.208
*CCCCCCCCNC(=O)CCCCCCCCCCCCCCCCCCCCC(=O)N*,1.134
*CCCCCCCCCCCC(=O)N*,1.312
*CCCCCCCCCCCCCCNC(=O)CCCCCCCCCCCCCCCCC(=O)N*,1.276
*CCCCCCCCCCCCCCCCCCNC(=O)CCCCCCCCCCCCCCCCC(=O)N*,1.181
*CCCCCCCCCCNC(=O)CCCCCCCCC(=O)N*,1.13
*CCc1ccc(CCNC(=O)CCCCCCCCCCCCCCCCC(=O)N*)cc1,1.505
*Cc1cccc(CNC(=O)/C=C(\C)C(=O)N*)c1,1.496
*CCCCCCNC(=O)c1ccc(C(C)(CC)c2ccc(C(=O)N*)cc2)cc1,1.683
*CCCCNC(=O)c1ccc(C(C)(CC)c2ccc(C(=O)N*)cc2)cc1,1.711
*Cc1ccc(CNC(=O)CCCCCCCCCCCCCCCCC(=O)N*)cc1,1.699
*CCCCCCCCCCCCCCCCCCNC(=O)CCc1ccc(CCC(=O)N*)cc1,1.669
*CCCCCCCCCNC(=O)CCCCCCCC(=O)N*,1.321
*CCCCCCCCCCNC(=O)CC/C=C/CCC(=O)N*,1.255
*CCCCCCCCCCC(=O)NCCCCCC(=O)N*,1.418
*CCNC(=O)CCCCCCCCC(=O)N*,1.517
*CCCCNC(=O)CCCCCCC(=O)N*,1.423
*CCCCNC(=O)CCCCCCCCCC(=O)N*,1.391
*CCCCCNC(=O)CCCCCCCCCCCCC(=O)N*,1.422
*CCCCCCNC(=O)CCCCCCCCCCCCC(=O)N*,1.33
*CCCCCCNC(=O)CCCCCCCCCCCCCCCCC(=O)N*,1.337
*CCCCCCCNC(=O)CCCCCCCCC(=O)N*,1.305
*CCCCCCCNC(=O)CCCCCCCCCC(=O)N*,1.358
*CCCCCCCCNC(=O)CCCCCCCC(=O)N*,1.134
*CCCCCCCCNC(=O)CCCCCCCCCCCCCCCCC(=O)N*,1.207
*CCCCCCCCCNC(=O)CCCCCCCCC(=O)N*,1.216
*CCCCCCCCCNC(=O)CCCCCCCCCC(=O)N*,1.267
*CCCCCCCCCCNC(=O)CCCCCCC(=O)N*,1.295
*CCCCCCCCCCNC(=O)CCCCCCCCCCCC(=O)N*,1.223
*CCCCCCCCCCNC(=O)CCCCCCCCCCCCC(=O)N*,1.175
*CCCCCCCCCCNC(=O)CCCCCCCCCCCCCCCCCCC(=O)N*,1.408
*CCCCCCCCCCNC(=O)CCCCCCCCCCCCCCCCCCCCC(=O)N*,1.226
*CCCCCCCCCCCNC(=O)CCCCC(=O)N*,1.345
*CCCCCCCCCCCNC(=O)CCCCCCCCC(=O)N*,1.164
*CCCCCCCCCCCCNC(=O)CCCCC(=O)N*,1.404
*CCCCCCCCCCCCNC(=O)CCCCCCCCCCCCCCCCCCCCC(=O)N*,1.126
*CCCCCCCCCCCCCCNC(=O)CCCCCCCCC(=O)N*,1.416
*CCCCCCCCCCCCCCNC(=O)CCCCCCCCCCC(=O)N*,1.311
*CCCCCCCCCCCCCCNC(=O)CCCCCCCCCCCCCCCCCCCCC(=O)N*,1.303
*CCCCCCCCCCCCCCCCCCNC(=O)CCCCCCCCC(=O)N*,1.241
*CCCCCCCCCCCCCCCCCCNC(=O)CCCCCCCCCCC(=O)N*,1.154
*CCCCCCCCCCCCCCCCCCNC(=O)CCCCCCCCCCCCCCCCCCCCC(=O)N*,1.139
*Cc1ccc(C(=O)N*)cc1,2.603
*CCCCNC(=O)c1ccc(C(=O)N*)cc1,1.756
*CCCCCCNC(=O)c1ccc(Cc2ccc(C(=O)N*)cc2)cc1,2.214
*CCCCCCNC(=O)c1ccc(C(C)(C)c2ccc(C(=O)N*)cc2)cc1,1.591
*CCCCCCNC(=O)c1ccc(C(C)c2ccc(C(=O)N*)cc2)cc1,1.908
*CCCCCCCCNC(=O)CCc1ccc(CCC(=O)N*)cc1,1.847
*CCCCCCCCCCNC(=O)c1cccc(C(=O)N*)c1,1.369
*CCCCCCCCCCNC(=O)Cc1ccc(CC(=O)N*)cc1,2.039
*CCCCCCCCCCNC(=O)CCc1ccc(CCC(=O)N*)cc1,1.847
*CCCCCCCCCCNC(=O)c1ccc(Cc2ccc(C(=O)N*)cc2)cc1,2.054
*CCCCCCCCCCCNC(=O)c1ccc(C(=O)N*)cc1,1.468
*CCCCCCCCCCCCNC(=O)Cc1ccc(CC(=O)N*)cc1,1.905
*CCCCCCCCCCCCCCNC(=O)c1ccc(C(=O)N*)cc1,1.559
*CCCCCCCCCCCCCCNC(=O)Cc1ccc(CC(=O)N*)cc1,1.72
*CCCCCCCCCCCCCCCCCCNC(=O)c1ccc(C(=O)N*)cc1,1.575
*CC1CCC(CNC(=O)CCCCC(=O)N*)CC1,1.441
*CC1CCC(CNC(=O)CCCCCCC(=O)N*)CC1,1.333
*CC1CCC(CNC(=O)CCCCCCCC(=O)N*)CC1,1.55
*Cc1ccc(CNC(=O)CCCCC(=O)N*)cc1,2.439
*CCc1ccc(CCNC(=O)CCCCCCCC(=O)N*)cc1,1.729
*CCc1ccc(CCNC(=O)CCCCCCCCCCC(=O)N*)cc1,1.667
*CCc1ccc(CCNC(=O)CCCCCCCCCCCC(=O)N*)cc1,1.533
*Cc1ccc(CNC(=O)CCCCCCCCCCCCC(=O)N*)cc1,1.753
*CCc1ccc(CCNC(=O)CCCCCCCCCCCCCCCCCCCCC(=O)N*)cc1,1.568
*CCCCCCN(C)C(=O)CCCCCCCCCCCCCCCCC(=O)N(*)C,1.355
*CCCCCCN(C)C(=O)c1ccc(C(=O)N(*)C)cc1,2.487
*CCCCCC(=O)NCc1ccc(CNC(=O)CCCO*)cc1,1.874
*CCCCCCC(=O)NCc1ccc(CNC(=O)CCCCO*)cc1,1.736
*CCCCCCCCC(=O)NCc1ccc(CNC(=O)CCCO*)cc1,1.824
*CCCCNC(=O)Cc1ccc(CNC(=O)CCCO*)cc1,2.074
*CCCCCCCCC(=O)NCc1ccc(CNC(=O)CCCCO*)cc1,1.704
*CCCCCCCCCCC(=O)NCc1ccc(CNC(=O)CCCO*)cc1,1.761
*CCCCCCCCCCC(=O)NCc1ccc(CNC(=O)CCCCO*)cc1,1.78
*CCCCCC(=O)NCc1ccc(CNC(=O)CCCCO*)cc1,1.939
*CCCCCCC(=O)NCc1ccc(CNC(=O)CCCO*)cc1,2.031
*CCCCCCCCCCC(=O)NCCCCCCNC(=O)CCCCO*,1.483
*CCCCCCCCCCC(=O)NCCCCCCNC(=O)CCCO*,1.284
*CCCCCCCCC(=O)NCCCCCCNC(=O)CCCCO*,1.241
*CCCCCCCCC(=O)NCCCCCCNC(=O)CCCO*,1.451
*CCCCCCCCCCCCCCCCCCCCCC(=O)N*,1.117
*CCCCCCCCCCNC(=O)C(CCCCCCCCCCCC)C(=O)N*,1.363
*CCCCCCCCCCNC(=O)CCCCCCCCC(=O)NCCCCCCCCCCNC(=O)C(=O)N*,1.303
*CCCCCCNC(=O)CCCCCCCCCCCCCCCCCCCCC(=O)N*,1.296
*CCCCCCNC(=O)C(CCCCCCCCCCCCCCCCC)C(=O)N*,1.262
*CCCCCCNC(=O)C(CCCCCCCCCCCCCCCC)C(=O)N*,1.331
*CCCCCCCCCNC(=O)CCCCCCCCC(=O)NCCCCCCCCCNC(=O)C(=O)N*,1.272
*CCCCCNC(=O)CCCCCCCCCCCCCCCCC(=O)N*,1.345
*CCCCCNC(=O)CCCCCCCCCCCC(=O)N*,1.304
*CCc1ccc(CCNC(=O)CCCCCCCCCCCCCCCC(=O)N*)cc1,1.49
*CCCCCCCCCCCNC(=O)CCCCCCCCC(=O)NCCCCCCCCCCCNC(=O)C(=O)N*,1.274
*CC(C)(C)COC(=O)NC1CCC(CC2CCC(NC(=O)O*)CC2)CC1,1.458
*CCCCCCCCCCCCCNC(=O)CCCCCCCCCCCC(=O)N*,1.26
*CCCCCCCCCCCCCCNC(=O)NCCCCCCNC(=O)N*,1.7
*CCCCCCCCCCNC(=O)NCCCCCCCCNC(=O)N*,1.493
*CCCC1CC(=O)N(*)C(=O)C1,1.316
*c1ccc(Cc2ccc(-n3c(=O)c4cc5c(=O)n(*)c(=O)c5cc4c3=O)cc2)cc1,1.903
*c1cccc(N2C(=O)c3ccc(Oc4ccc(C(C)(C)c5ccc(Oc6ccc7c(c6)C(=O)N(*)C7=O)cc5)cc4)cc3C2=O)c1,2.561
*c1ccc2c(c1)C(=O)N(c1ccc(C(c3ccc(N4C(=O)c5ccc(C(*)(C(F)(F)F)C(F)(F)F)cc5C4=O)cc3)(C(F)(F)F)C(F)(F)F)cc1)C2=O,2.699
*c1ccc(N2C(=O)c3ccc(-c4cccc5c4C(=O)N(*)C5=O)cc3C2=O)cc1,2.737
*Oc1ccc(C(C)(C)c2ccc(OC(*)=O)cc2)cc1,2.23
*Oc1ccc(C(C)(C)c2ccc(OC(*)=O)c(Cl)c2)cc1Cl,1.684
*CCN*,1.811
*CCN(*)C(=O)CCCCCCCCCCCCCCCCC,1.395
*CCCN*,1.823
*c1nc(-c2ccccc2)nc(N(c2ccccc2)c2ncnc(N(*)c3ccccc3)n2)n1,2.227
*c1ccc(-c2nnc(-c3cccc(-c4nnc(*)n4-c4ccccc4)c3)n2-c2ccccc2)cc1,2.364
*C(=O)C(*)(C)C,2.706
*CCCCCCS(*)(=O)=O,1.945
*CCCCCCS(=O)(=O)CCCCCS(*)(=O)=O,2.067
*CCCNS(*)(=O)=O,2.589
*CCCS(*)(=O)=O,3.215
*CC(C)(C)CS(*)(=O)=O,2.359
*CC(C)S(*)(=O)=O,2.727
*Cc1cc(*)c(N)c(C)c1N,2.308
*c1cccc(*)c1,0.716
*/C=C/c1ccc(*)cc1,3.324
*c1ccc(C2C(C(=O)OCC)C(*)C2C(=O)OCC)cc1,2.296
*c1ccc(C2C(C#N)(C(=O)OCCC)C(*)C2(C#N)C(=O)OCCC)cc1,2.062
*CCc1c(C)c(C)c(*)c(C)c1C,2.049
*CCc1cc(*)c(C)cc1C,0.883
*C1CC2C3CCC(C3)C2C1*,2.672
*CCCCCC(*)CCCCCC,1.528
*CCCCCC(*)CCCCCCCC,1.383
*CCCCCC(*)CCCCCCCCCC,1.492
*CCCCCC(*)CCCCCCCCCCCCCC,1.424
*C1C2CCC(C2)C1*,2.775
*CCC([2H])C(*)([2H])C,1.496
*C1CC2CC1C(*)C2CCCC,1.697
*C1CC2CC1C(*)C2CCCCCC,1.978
*C1CC2CC1C(*)C2CCCCCCCCCC,1.711
*CCC1CCC(*)C1,1.717
*CCC1CC(*)C2C3CCC(C3)C12,2.764
*CC(*)c1ccc(C=C)cc1,1.243
*CC(*)c1cc(OC(C)CC)ccc1OC(C)CC,1.791
*CC(*)c1c([2H])c([2H])c([2H])c([2H])c1[2H],2.893
*CC(*)c1ccc(-c2ccc3c(c2)C(CCCCCC)(CCCCCC)c2cc(-c4ccc5c(c4)C(CCCCCC)(CCCCCC)c4ccccc4-5)ccc2-3)cc1,1.853
*CC(*)c1c(F)c(F)c(C(F)(F)F)c(F)c1F,3.115
*CC(*)c1ccccc1,2.602
*/C(C#N)=C(/*)c1ccccc1,2.569
*/C=C(/*)CCCCCCCCCCCCCCCCCCCCC(=O)O,1.564
*/C=C(/*)C#CCCCCCCCCCCCCCCCCCCCCC(=O)O,1.42
*CC(*)n1cncn1,1.609
*/C=C/CCCCCCCCCC(Cl)CCCCCCCCC*,1.131
*CCCCCCCCCCCCCCCCCCCCC(*)COCCOCCOCCOCCOCCCCCCCCCCCCCC,1.264
*CCCCCCCCCCCCCCC(*)Cl,1.223
*CCCCCCCCCCCCCCCCCCCCC(*)Cl,1.254
*/C=C/CCCCCCCC*,1.029
*c1nc2cc(-c3ccc4[nH]c(-c5ccc(*)o5)nc4c3)ccc2[nH]1,2.005
*CCCCCCCCCCCCCCCCCCCCc1nnc(*)o1,1.03
*Oc1cc(C)c(CC(*)C=C)cc1C,1.485
*Oc1ccc(/N=N/c2ccc(*)cc2)cc1,2.523
*Oc1c(C)cc(*)cc1C(C)CCCCCCCCCCCC,1.348
*C(F)(F)C(F)(F)C1(F)C(*)(F)OC(F)(F)C1(F)F,1.495
*CC(=O)c1ccc(Oc2ccc(C(=O)COc3ccc(/C=C4\CCC/C(=C\c5ccc(O*)cc5)C4=O)cc3)cc2)cc1,2.352
*c1sc(*)c2c1OCC(CCCCCCCCCCCCCCCC)O2,2.172
*CCCCCCCCCCCCCCS*,1.06
*c1cc(CCCCCCCCCCCCCC)c(*)s1,1.975
*c1nc2cc3sc(-c4cc(OCCCCCCCCCCCC)c(*)cc4OCCCCCCCCCCCC)nc3cc2s1,3.205
*c1cc(CCCCCCCCCCCCC)c(*)s1,2.163
*c1cc(CCCCCCCCCCCCCCC)c(*)s1,1.746
*/C=C/c1sc(*)c(OCCCCCCCCCCCC)c1OCCCCCCCCCCCC,1.252
*c1cc(CCCCCCCCCCCCCCCCCCCCCC)c(*)s1,1.742
*c1ccc(-c2sc(-c3cc(CCCCCCCCCCCC)c(*)s3)cc2CCCCCCCCCCCC)cc1,2.408
*c1cc(CCCCCCCCCCCCCCCCCC)c(*)s1,1.765
*c1sc(*)c2sc(CCCCCCCCC)nc12,2.793
*c1sc(*)c(OCCCCCCCCCCCC)c1C,1.827
*c1sc(*)c(OCCCCCCCCCCCCCC)c1C,1.638
*c1sc(*)c(OCCCCCCCCCCCCCCCCCCCC)c1C,1.495
*CCCCCCOC(=O)Cc1ccc(CC(=O)O*)cc1,2.136
*CCCCCCCCCCCCCCCCOC(=O)CCCCCCCCC(=O)O*,1.276
*OC1CCC(OC(=O)CCC(*)=O)CC1,2.068
*Cc1c(C)c(C)c(CSC(=O)C(=O)S*)c(C)c1C,2.034
*CCCCOC(=O)CCCCCCCCCCCCCCCCCCCCCCCCCCCCCCCCCCC(=O)O*,1.284
*CCCCCCCCCCCCCCCCCCCCCCOC(=O)CCC(=O)O*,1.267
*CCCCCCCCCCCCCCCCCCCCCCOC(=O)CCCCC(=O)O*,1.31
*CCCCCCCCCCCCCCC(=O)N*,1.371
*CCCCCCCCNC(=O)CCCCCCCCC(=O)NCCCCCCCCNC(=O)C(=O)N*,1.138
*C(=O)N(*)CCCCCCCCCCCCCCCCCC,1.386
*CCCCCCCCCCCCNC(=O)CCCCCCCCCCCCCCCCCCC(=O)N*,1.159
*CCCCCCNC(=O)CCCCCCCCCCCCCCC(=O)N*,1.516
*CCCCCCCCNC(=O)CCCCCCCCCCCCCCC(=O)N*,1.148
*CCCCCCCCCCNC(=O)CCCCCCCCCCCCCCC(=O)N*,1.223
*CCCCCCCCCCCCNC(=O)CCCCCCCCCCCCC(=O)N*,1.199
*CCCCCCCCCCCNC(=O)CCCCCCCCCCCCCCCCCCC(=O)N*,1.25
*CCCCCCCNC(=O)CCCCCCCCCCCCCCCCCCC(=O)N*,1.335
*CCCNC(=O)CCCCCCCCCCCCCCCCCCC(=O)N*,1.415
*CCCCOC(=O)NC1CCC(CC2CCC(NC(=O)O*)CC2)CC1,2.101
*CC(C)(C)C1C(=O)N(C)C(=O)C1*,2.55
*CC(C)(C)C1C(=O)N(C2CCCCC2)C(=O)C1*,1.823
*C1C(=O)N(CCCOc2ccc(-c3ccc(C#N)cc3)cc2)C(=O)C1*,3.368
*CC(CCCCCCCCCCCCCCCC)C1C(=O)N(CCCCCCCCCCCC)C(=O)C1*,1.275
*Oc1ccc2c(c1)C1(CC2(C)C)CC(C)(C)c2ccc(OC(*)=O)cc21,2.009
*Oc1ccc(C2(c3ccc(OC(=O)OC4C(C)(C)C(OC(*)=O)C4(C)C)cc3)CC3CCC2C3)cc1,2.173
*Oc1ccc(C2(c3ccc(OC(=O)OC4C(C)(C)C(OC(*)=O)C4(C)C)cc3)CCC(C(C)(C)C)CC2)cc1,2.143
*Oc1c([2H])c([2H])c(C(c2c([2H])c([2H])c(OC(*)=O)c([2H])c2[2H])(C([2H])([2H])[2H])C([2H])([2H])[2H])c([2H])c1[2H],2.177
*Oc1c(Cl)cc(C(c2cc(Cl)c(OC(*)=O)c(Cl)c2)C(Cl)(Cl)Cl)cc1Cl,1.189
*Nc1ccc(*)cc1C,1.967
*CCCCc1nc2cc3nc(*)[nH]c3cc2[nH]1,2.362
*/N=N/c1ccc(*)cc1,3.887
*/N=N/c1cc(*)ccc1C,1.366
*Nc1ccc(*)cc1CCCCCCCCCCCCCCC,1.457
*CCN(*)C(=O)CCC(F)(F)C(F)(F)C(F)(F)C(F)(F)C(F)(F)C(F)(F)C(F)(F)C(F)(F)F,1.454
*Nc1cc(OCCCCCC)c(*)cc1OCCCCCC,1.969
*Nc1cc(C)c(*)cc1C,2.3
*N=C1C=CC(=NC2=CC(=O)C(*)=CC2=O)C=C1,1.345
*Nc1ccc(*)c(Cl)c1Cl,3.719
*Nc1cc(*)ccc1N,3.123
*c1cc(CCCCCCCCCCCCCCCC)c(*)[nH]1,1.679
*CCCCCCCCCCN/C(C)=N/*,0.993
*Nc1ccc(*)cc1N,2.54
*Nc1ccc(*)cc1C(C)C,1.79
*Nc1ccc(*)cc1C(C)CC,2.396
*Nc1ccc(*)cc1OCCCCCCCCCCCCCCCC,1.524
*CCCCCCCCCCCCCCCC[N+](C)(C)CCCCCC[N+](*)(C)C,1.984
*c1ccc(C(C#N)(C#N)C(*)(C#N)C#N)cc1,1.715
*/C=C/c1cc(OC)c(*)cc1OC,1.812
*/C=C/c1cc(OCC)c(*)cc1OCC,1.495
*/C=C/c1cc(C)c(*)cc1C,2.692
*/C=C/c1cc(Cl)c(*)cc1Cl,0.814
*/C=C/c1cc(OCCCCCC)c(*)cc1OCCCCCC,2.454
*c1cccc(*)c1N,2.571
*/C=C/C=C/C=C/c1cc(CCCCCCC)c(*)cc1CCCCCCC,1.398
*/C=C/c1cc(CCCCCCC)c(*)cc1CCCCCCC,2.332
*c1cc(CCCCCCCCCCCC)c(*)cc1CCCCCCCCCCCC,1.403
*c1ccc(*)c(N(C)C)c1,3.737
*c1ccc(*)c(OC)c1N,2.916
*c1cc(OCC)c(*)cc1OC,3.683
*c1cc(OCCCCCC)c(*)cc1OC,3.319
*/C(OC)=C(\OC)c1ccc(*)cc1,2.165
*c1c(F)c(F)c(*)c(F)c1F,3.511
*/C=C/c1cc(OC(C)C)c(*)cc1OC,2.561
*c1cc(OCC)c(*)cc1OCC,3.38
*/C=C/c1cc(OCC(CC)CCCC)c(*)cc1OC,2.544
*c1cc(CCCCCC)c(*)cc1CCCCCC,2.222
*CCc1ccc(*)c(Cl)c1Cl,3.035
*/C=C/c1cc(OCCCCCCCCCCCCCCCC)c(/C=C/c2ccc(*)cc2)cc1OCCCCCCCCCCCCCCCC,1.762
*/C=C/c1cc(OCCCC)c(*)cc1OC,2.861
*/C=C/c1cc(CC(CC)CCCC)c(*)cc1CCCC,2.209
*/C=C/c1ccc(*)c(F)c1,1.704
*c1ccc(*)c(CCCCCC)c1,2.74
*/C=C/c1ccc(*)c(OC)c1,3.266
*c1cc(/N=N/c2ccc(OC)cc2)cc(*)c1O,2.323
*c1cc(/N=N/c2ccc(C#N)cc2)cc(*)c1O,2.866
*/C=C/c1cc(OCCC(C)CCCC(C)C)c(*)cc1OC,2.114
*c1ccc(-c2ccc3c(c2)C(CCCCCCC#N)(CCCCCCC#N)c2cc(*)ccc2-3)cc1,2.286
*/C=C/c1cc(OCC2CC3CC2C2CCCC32)c(*)cc1OCC1CC2CC1C1CCCC21,3.212
*c1cc(O)c(O)cc1*,1.772
*c1ccc(-c2ccc3c(c2)C(CCCCCC)(CCCCCC)c2cc(*)ccc2-3)cc1,1.735
*c1ccc2c(c1)C(CCCCCC)(CCCCCC)c1cc(-c3cc(CCCCCC)c(*)cc3CCCCCC)ccc1-2,2.066
*c1ccc2c(c1)C(CCCCCC)(CCCCCC)c1cc(-c3cc(CCCCCCCC)c(*)cc3CCCCCCCC)ccc1-2,1.75
*c1ccc2c(c1)C(CCCCCC)(CCCCCC)c1cc(-c3cc(CCCCCCCCCC)c(*)cc3CCCCCCCCCC)ccc1-2,1.642
*/C=C/c1cc(OCCCCCCCC)c(*)cc1OC,1.961
*/C=C/c1cc(OCCCCCCCCCCCC)c(*)cc1OC,2.648
*/C=C/c1cc(OCCCCCC)c(*)cc1OC,2.643
*c1ccc2c(c1)C(CCCCCC)(CCCCCC)c1cc(-c3cc(OCCCCCCCC)c(*)cc3OCCCCCCCC)ccc1-2,2.08
*CCc1c2ccccc2c(*)c2ccccc12,1.69
*CC(*)(F)C(=O)OCC(F)(F)C(F)(F)C(F)(F)C(F)(F)C(F)(F)C(F)(F)C(F)(F)C(F)(F)C(F)(F)C(F)(F)C(F)(F)F,1.653
*CC(*)(F)C(=O)OCC(F)(F)C(F)(F)C(F)(F)C(F)(F)C(F)(F)C(F)F,1.765
*CC(*)(F)C(=O)OCC(F)(F)C(F)(F)C(F)(F)C(F)(F)C(F)(F)C(F)(F)C(F)(F)C(F)F,1.168
*CC(*)(F)C(=O)OCCC(F)(F)C(F)(F)C(F)(F)C(F)(F)C(F)(F)C(F)(F)C(F)(F)C(F)(F)C(F)(F)C(F)(F)F,1.458
*CC(F)(F)C1(F)CC(C(O)(C(F)(F)F)C(F)(F)F)CC1*,2.375
*c1c(*)c2ccccc2c2ccccc12,1.274
*c1ccc2ccc3c(*)cc(C#C)c4ccc1c2c34,1.857
*c1ccc2ccc3c(*)cc(C#CC=C)c4ccc1c2c34,1.532
*C1=NC2=CC(=CC=C2N1)C1=CC2=C(NC(O2)C2=CC=C(OC3=C4C5C6=C(C=CC=C6)C(C6=C5C=CC=C6)C4=C(OC4=CC=C(*)C=C4)C4=C3C3C5=C(C=CC=C5)C4C4=C3C=CC=C4)C=C2)C=C1,2.354
FC(F)(F)C(C1=CC2=C(OC(=N2)C2=CC=C(OC3=C4C5C6=C(C=CC=C6)C(C6=C5C=CC=C6)C4=C(OC4=CC=C(*)C=C4)C4=C3C3C5=C(C=CC=C5)C4C4=C3C=CC=C4)C=C2)C=C1)(C1=CC=C2OC(*)=NC2=C1)C(F)(F)F,1.613
*C(=O)C1=CC=C(C=C1)C1(OC(=O)C2=C1C=CC=C2)C1=CC=C(C=C1)C(=O)C1=CC=C(OC2=CC=C(C=C2)C(=O)C2=CC=C(OC3=CC=C(*)C=C3)C=C2)C=C1,2.362
*C(=O)C1=CC=C(C=C1)C1(OC(=O)C2=C1C=CC=C2)C1=CC=C(C=C1)C(=O)C1=CC=C(OC2=CC=C(C=C2)C(=O)C2=CC=CC(=C2)C(=O)C2=CC=C(OC3=CC=C(*)C=C3)C=C2)C=C1,2.366
*C1=CC(C(=O)C2=CC=CC=C2)=C(*)C=C1,3.263
BrC1=C(C=CC(*)=C1)C1=NC2=C(N1)C=CC(=C2)C1=CC2=C(NC(*)=N2)C=C1,1.79
*C1=CC2=C(OC3=CC(=CC=C3O2)C2(C3=C(C=CC=C3)C3=C2C=CC=C3)C2=CC3=C(OC4=C(O3)C=CC(*)=C4)C=C2)C=C1,1.288
BrC1=CC(C2=NC3=C(N2)C=CC(=C3)C2=CC3=C(NC(*)=N3)C=C2)=C(Br)C=C1*,1.901
CC(*)C*,1.523
CC(=O)OC1OC(O*)C(OC(C)=O)C(O)C1*,1.831
*C1=CC=C(C=C1)C1(C2=C(C=CC=C2)C2=C1C=CC=C2)C1=CC=C(*)C=C1,1.047
CC(C)(*)C*,1.562
*C1=CC=C(OC2=CC=C(C=C2)C(C2=CC=CC=C2)(C2=CC=CC=C2)C2=CC=C(OC3=CC=C(*)C=C3)C=C2)C=C1,2.67
*C(=C(*)C1=CC2=C(C=C1)C1=C(C2)C=CC=C1)C1=CC=CC=C1,1.653
*C1=CC=C(OC2=CC=C(C=C2)C2(C3C=CC=CC3C3C=CC=CC23)C2=CC=C(OC3=CC=C(*)C=C3)C=C2)C=C1,2.61
CC(C)(C1=CC2N=C(*)OC2C=C1)C1=CC=C2OC(=NC2=C1)C1=CC=C(C=C1)C(=O)C1=CC=C(*)C=C1,1.292
CC(C)(C1=CC=C(O*)C=C1)C1=CC(=CC=C1)C(C)(C)C1=CC=C(OC2=CC=C(C=C2)S(=O)(=O)C2=CC=C(*)C=C2)C=C1,2.167
*C1=NC2=C(N1)C=CC(=C2)C1=CC2=C(NC(=N2)C2=CC=C(*)C=C2)C=C1,1.058
*C1=NC2=C(N1)C=CC(=C2)C1=CC2=C(NC(=N2)C2=CC=CC(*)=C2)C=C1,1.718
CC(C)C(*)=C(C)*,1.316
CC(C)C12C3=C(C=CC=C3)C(C(C)C)(C3=C1C=C1OC4=C(OC1=C3)C=C1C(=O)N(*)C(=O)C1=C4)C1=C2C=C2OC3=C(OC2=C1)C=C1C(=O)N(C(=O)C1=C3)C1=C(C)C2=C(C=C1C)C1C3=C(C=CC=C3)C2C2=C1C=C(C)C(*)=C2C,2.209
*C1=NC2=C(N1)C=CC(=C2)C1=CC2=C(NC(=N2)C2=CC=CC(*)=N2)C=C1,1.49
CC(C)C1=CC(=C(C)C=C1O*)C1(OC(=O)C2C=CC=CC12)C1=C(C)C=C(OC2=CC=C(C=C2)C(=O)C2=CC=C(*)C=C2)C(=C1)C(C)C,1.99
CC(C)CC(*)=C(C)*,1.544
CC(C)CC(*)C*,1.331
CC(C)CC(C)OC(=O)C(*)C(*)C(=O)OC(C)(C)C,1.15
CC(C)CC(C)OC(=O)C(*)C(*)C(=O)OC(C)C,1.472
CC(C)CCC(*)=C(C)*,1.155
CC(C)OC(=O)C(*)C(*)C(=O)OC(C)(C)C,1.053
CC(C*)C(=O)OC(C)C(*)=O,1.57
*C1=NN=C(N1C1=CC=CC=C1)C1=CC=CC(=C1)C1=NN=C(N1C1=CC=CC=C1)C1=CC=C(*)C=C1,2.19
CC(C*)O*,1.408
CC1(C)C2=CC=C(C=C2C(C)(C)C1(C)C)C(*)=C(*)C1=CC=CC=C1,1.72
CC1(C)CC(C)(C)C2=CC(=CC=C12)C(*)=C(*)C1=CC=CC=C1,1.919
CC1(C)CC(C)(C2=C1C=C(Br)C(*)=C2)C1=CC=C(C=C1)N1C(=O)C2=CC=C(C=C2C1=O)C(=O)C1=CC2C(C=C1)C(=O)N(*)C2=O,2.077
*C(=C(*)C1=CC2=C(C=C1)C1=C(C=CC=C1)C=C2)C1=CC=CC=C1,1.267
*CC(*)C1=CC=CC=C1,2.899
CC1(C)CC(C)(C2C=C(*)C=CC12)C1=CC=C(C=C1)C1=NN=C(*)O1,2.151
*CC(*)C1=CC=NC=C1,1.543
CC1(C)CC2(CC(C)(C)C3=C2C=C(O)C(=C3)N2C(=O)C3C=CC(=CC3C2=O)C(C2=CC=C3C(=O)N(*)C(=O)C3=C2)(C(F)(F)F)C(F)(F)F)C2=C1C=C(*)C(O)=C2,2.243
CC1(C)CC2(CC(C)(C)C3=C2C=C2C(=O)N(C(=O)C2=C3)C2=CC3=C(C=C2)C(C)(C)CC32CC(C)(C)C3=C2C=C(*)C=C3)C2=CC3=C(C=C12)C(=O)N(*)C3=O,1.604
CC1(C)CC2(CC(C)(C)C3=C2C=C2OC4=C(OC2=C3)C=C2C(=O)N(C(=O)C2=C4)C2=CC(=C(C=C2)C2=CC=C(*)C=C2C(F)(F)F)C(F)(F)F)C2=C1C=C1OC3=C(OC1=C2)C=C1C(=O)N(*)C(=O)C1=C3,0.906
CC1(C)CC2(CC(C)(C)C3=C2C=C2OC4=C(OC2=C3)C=C2C(=O)N(C(=O)C2=C4)C2=CC(=C(C=C2)C2=CC=C(*)C=C2C(F)(F)F)C(F)(F)F)C2=CC3=C(OC4=CC5=C(C=C4O3)C(=O)N(*)C5=O)C=C12,1.309
CC1(C)CC2(CC(C)(C)C3=C2C=C2OC4=C(OC2=C3)C=C2C(=O)N(C(=O)C2=C4)C2=CC=CC3=C2C=CC=C3*)C2=C1C=C1OC3=C(OC1=C2)C=C1C(=O)N(*)C(=O)C1=C3,0.963
CC1(C)CC2(CC(C)(C)C3=C2C=C2OC4=C(OC2=C3)C=C2C(=O)N(C(=O)C2=C4)C2=CC=CC3=C2C=CC=C3*)C2=CC3=C(OC4=CC5=C(C=C4O3)C(=O)N(*)C5=O)C=C12,1.246
CC1(C)CC2(CC(C)(C)C3=CC=C(OC(=O)O*)C=C23)C2C=C(*)C=CC12,1.93
CC1=C(C)C(N2C(=O)C3=C(C=C(C=C3)C(C3=CC=C4C(=O)N(*)C(=O)C4=C3)(C(F)(F)F)C(F)(F)F)C2=O)=C(C)C(C)=C1*,2.288
CC1=C(C)C(N2C(=O)C3=C(C=C(OC4=CC(C)=C(OC5=CC=C6C(=O)N(*)C(=O)C6=C5)C(C)=C4C)C=C3)C2=O)=C(C)C(*)=C1,2.533
CC1=C(C)C(N2C(=O)C3=CC4=C(C=C3C2=O)C2(CC(C)(C)C3=CC5=C(C=C23)C(=O)N(*)C5=O)CC4(C)C)=C(C)C(C)=C1*,1.574
CC1=C(C)C(N2C(=O)C3=CC4=C(OC5=CC6=C(C=C5O4)C(C)(C)CC64CC(C)(C)C5=CC6=C(OC7=CC8=C(C=C7O6)C(=O)N(*)C8=O)C=C45)C=C3C2=O)=C(C)C(C)=C1*,1.041
CC1=C(C)C(N2C(=O)C3=CC=C(C=C3C2=O)C(C2=CC3C(C=C2)C(=O)N(*)C3=O)(C(F)(F)F)C(F)(F)F)=C(C)C(C)=C1*,2.227
CC1=CC(=C2C=CC=CC2=C1*)C1=C2C=CC=CC2=C(N2C(=O)C3=CC4=C(OC5=C(O4)C=C4C(=C5)C5(C)CCC4(C)C4=C5C=C5OC6=C(OC5=C4)C=C4C(=O)N(*)C(=O)C4=C6)C=C3C2=O)C(C)=C1,2.385
*C(=C(*)C1=CC=C(C=C1)C1=CC=CC=C1)C1=CC=CC=C1,1.844
CC1=CC(=CC(C)=C1*)C1=CC(C)=C(C=C1C)C1=CC(C)=C(*)C(C)=C1,4.275
CC1=CC(=CC(C)=C1*)C1=CC(C)=C(N2C(=O)C3=CC4=C(C=C3C2=O)S(=O)(=O)C2=CC3=C(C=C2S4(=O)=O)C(=O)N(*)C3=O)C(C)=C1,2.616
CC1=CC(=CC(C)=C1O*)C(C)(C)C1=CC(C)=C(OC(=O)C2=CC(=CC(=C2)C(*)=O)C(C)(C)C)C(C)=C1,2.611
CC1=CC(=CC(C)=C1O*)C(C1=CC(C)=C(OC(*)=O)C(C)=C1)(C(F)(F)F)C(F)(F)F,2.686
*CC*,1.306
CC1=CC(C)=C(N2C(=O)C3=C(C=C(C=C3)C(C3=CC4=C(C=C3)C(=O)N(*)C4=O)(C(F)(F)F)C(F)(F)F)C2=O)C(C)=C1*,2.697
CC1=CC(C)=C(N2C(=O)C3=C(C=C4C(=O)N(*)C(=O)C4=C3)C2=O)C(C)=C1*,1.17
CC1=CC(C2=CC(C)=C(*)C3=C2C=CC=C3)=C2C=CC=CC2=C1N1C(=O)C2=CC3=C(C=C2C1=O)C1(C)C2=CC4=C(C=C2C3(C)C2=C1C=CC=C2)C(=O)N(*)C4=O,2.167
*CC1CC(*)OCO1,1.847
CC1=CC2=C(C3C4=C(C=CC=C4)C2C2=C3C(C)=C(N3C(=O)C4=C(C=C5C(=O)N(*)C(=O)C5=C4)C3=O)C(C)=C2)C(C)=C1*,2.24
CC1=CC2=C(C3C4=C(C=CC=C4)C2C2=C3C(C)=C(N3C(=O)C4=CC=C5C(=O)N(*)C(=O)C6=C5C4=C(C=C6)C3=O)C(C)=C2)C(C)=C1*,1.962
CC1=CC2=C(C3C4=C(C=CC=C4)C2C2=C3C(C)=C(N3C(=O)C4C(C5C=CC4C4C5C(=O)N(*)C4=O)C3=O)C(C)=C2)C(C)=C1*,1.876
CC1=CC2=C(C=C1*)S(=O)(=O)C1=CC(N3C(=O)C4=CC5=C(C=C4C3=O)S(=O)(=O)C3=CC4=C(C=C3S5(=O)=O)C(=O)N(*)C4=O)=C(C)C=C21,1.649
CC1=CC2=C(C=C1*)S(=O)(=O)C1=CC(N3C(=O)C4=CC=C(C=C4C3=O)C3=CC4=C(C=C3)C(=O)N(*)C4=O)=C(C)C=C21,1.923
*CCCC*,1.121
CC1=CC2=C(C=C1OC1=CC=C(*)C=C1)C(C)(C)CC1(CC(C)(C)C3=CC(OC4=CC=C(*)C=C4)=C(C)C=C3O1)O2,1.95
CC1=CC2C(C=C1*)S(=O)(=O)C1=C2C=C(C)C(=C1)N1C(=O)C2=CC=C(C=C2C1=O)C(C1=CC2=C(C=C1)C(=O)N(*)C2=O)(C(F)(F)F)C(F)(F)F,2.253
*CCCC=C*,1.181
CC1CC(*)C(Br)C(C)C1O*,2.011
CC1CC(*)C(C(C)C1O*)S(O)(=O)=O,2.139
CCC(C)OC(=O)C(*)C(*)C(=O)OC(C)(C)C,0.963
CCC(C)OC(=O)C(*)C(*)C(=O)OC(C)C,1.423
*CCCCCC\C=C\*,0.995
CCCC(*)=C(C)*,0.803
CCCCCC(*)=C(C)*,1.4
CCCCCCCC(*)=C(C)*,1.504
CCCCCCCCCCCCC1=C(*)SC(*)=C1,1.735
CCN1C2C=CC(*)=CC2C2=C1C=CC(=C2)N1C(=O)C2=CC=C(C=C2C1=O)C(C1=CC2=C(C=C1)C(=O)N(*)C2=O)(C(F)(F)F)C(F)(F)F,2.662
CCOC1C(*)C(COC(=O)NC(C)(C)C)OC(O*)C1OCC,2.396
CCOCC1OC(CO*)C(OCC)C(OCC)C1*,1.615
CCOCC1OC(O*)C(OCC)C(OCC)C1*,2.145
CCOCCOCCOC(=O)C(C)(*)C*,2.272
CN1C(*)=CC=C1*,1.321
CN1C(*)=NC2=C1C=CC(=C2)C1=CC2=C(C=C1)N(C)C(=N2)C1=CC(=CC(*)=C1)C(C)(C)C,1.776
*CCSS*,1.605
*C\C=C/C*,1.096
*C(=C(*)C1=CC=C2C3=C(C=CC=C3)C3(CC3)C2=C1)C1=CC=CC=C1,1.207
C\C(C*)=C\C*,1.419
ClC(*)CCCC(*)S(Cl)(=O)=O,2.204
ClC(Cl)(*)C*,2.291
FC(*)C*,2.315
FC(F)(*)C(F)(F)*,0.164
FC(F)(*)C1(F)OC(F)(F)C(F)(F)C1(F)C(F)(F)*,1.404
FC(F)(F)C(*)(C1=CC=CC=C1)C1=CC=C(C=C1)C1=CC=C(*)C=C1,3.439
FC(F)(F)C(C1=CC2=C(C=C1)C(=O)N(*)C2=O)(C1=CC=C2C(=O)N(C(=O)C2=C1)C1=CC(*)=CC=C1)C(F)(F)F,2.474
FC(F)(F)C(C1=CC2=C(C=C1)C(=O)N(*)C2=O)(C1=CC=C2C(=O)N(C(=O)C2=C1)C1=CC=CC(*)=C1)C(F)(F)F,2.384
*N1C(=O)C2=C(C=C(C=C2)C2=CC=C3C(=O)N(C(=O)C3=C2)C2=CC=C(OC3=CC=C(*)C=C3)C=C2)C1=O,2.402
*C(=C(*)C1=CC=C2CCCC2=C1)C1=CC=CC=C1,1.9
FC(F)(F)C(C1=CC=C(OC2=CC=C(*)C=C2)C=C1)(C1=CC=C(OC2=CC=C(C=C2)N2C(=C)C3=CC=C4C(=C)N(*)C(=C)C5=C4C3=C(C=C5)C2=C)C=C1)C(F)(F)F,1.78
FC(F)(F)C(C1=CC=C2C(=O)N(*)C(=O)C2=C1)(C1=CC=C2C(=O)N(C(=O)C2=C1)C1=CC=C(OC2=CC=C(*)C=C2)C=C1)C(F)(F)F,2.617
FC(F)(F)C(C1CC=C(*)C=C1)(C1=CC=C(C=C1)C1=NN=C(*)O1)C(F)(F)F,2.202
FC(F)(F)C(F)(F)C(F)(F)C(F)(F)C(F)(F)C(F)(F)C(F)(F)COC(=O)C(*)C*,1.158
FC(F)(F)C(F)(F)C(F)(F)C(F)(F)C(F)(F)C(F)(F)CCOC(=O)C1=CC(=CC(*)=C1)N1C(=O)C2=CC=C(C=C2C1=O)C(C1=CC2=C(C=C1)C(=O)N(*)C2=O)(C(F)(F)F)C(F)(F)F,2.789
FC(F)(F)C1(C(*)CC(\C=C\*)C1(F)F)C(F)(F)F,2.557
FC(F)(F)C1=C(OC2=CC=C(C=C2)C(C2=CC=C(OC3=C(C=C(C=C3)N3C(=O)C4=CC=C(C=C4C3=O)C(C3=CC=C4C(=O)N(*)C(=O)C4=C3)(C(F)(F)F)C(F)(F)F)C(F)(F)F)C=C2)(C(F)(F)F)C(F)(F)F)C=CC(*)=C1,2.998
FC(F)(F)C1=CC(*)=CC(=C1)N1C(=O)C2=CC=C(C=C2C1=O)C(C1=CC2C(C=C1)C(=O)N(*)C2=O)(C(F)(F)F)C(F)(F)F,2.349
*N1C(=O)C2=C(C=C(OC3=CC=C(OC4=CC=C5C(=O)N(C(=O)C5=C4)C4=CC=C(OC5=CC=C(*)C=C5)C=C4)C=C3)C=C2)C1=O,2.399
*\C=C\C1CC(*)C2C1C(=O)N(C1CCCC1)C2=O,2.024
[H]C(*)=C(*)C(C)(C)C,1.483
[H]C1=C([H])C2([H])C3C(C(=O)N(*)C3=O)C1([H])C1C2C(=O)N(C1=O)C1=CC2=C(C=C1O)C1(CC(C)(C)C3=C1C=C(O)C(*)=C3)CC2(C)C,1.107
*C(=C(*)C1=CC=CC=C1)C1=CC=CC=C1,2.146
*N1C(=O)C2=C(C=C3C(=C2)S(=O)(=O)C2=C(C=C4C(=O)N(C(=O)C4=C2)C2=CC=C(OC4=CC=C(*)C=C4)C=C2)S3(=O)=O)C1=O,2.31
*N1C(=O)C2=C(C=C3C(=O)N(C(=O)C3=C2)C2=CC=C(OC3=CC=C(*)C=C3)C=C2)C1=O,1.658
*N1C(=O)C2=C(C=C3C(=O)N(C(=O)C3=C2)C2=CC=CC(OC3=CC(*)=CC=C3)=C2)C1=O,0.652
[H]C1=CC=C(C=C1)N(C1=CC=C(*)C=C1)C1=CC=C(C=C1)N1C(=O)C2=C(C=C(C=C2)C(C2=CC=C3C(=O)N(*)C(=O)C3=C2)(C(F)(F)F)C(F)(F)F)C1=O,3.287
[H]C1CC(*)CC1\C=C\*,2.062
*N1C(=O)C2=C(C=C3SC4=C(SC3=C2)C=C2C(=O)N(C(=O)C2=C4)C2=CC=C(OC3=CC=C(*)C=C3)C=C2)C1=O,2.452
*N1C(=O)C2=CC3=C(C=C2C1=O)C(=O)N(C3=O)C1=CC=C(OC2=CC=C(*)C=C2)C=C1,1.9
*C(=O)C1=CC=C(C=C1)C1(OC(=O)C2=C1C=CC=C2)C1=CC=C(C=C1)C(=O)C1=CC=C(OC2=CC=C(C=C2)C(=O)C2=CC=C(C=C2)C(=O)C2=CC=C(OC3=CC=C(*)C=C3)C=C2)C=C1,2.548
*N1C(=O)C2=CC=C(C=C2C1=O)C1=CC=C2C(=O)N(C(=O)C2=C1)C1=CC=C(OC2=CC=C(*)C=C2)C=C1,2.453
*C1=NC2=CC(=CC=C2N1)C1=CC2=C(NC(O2)C2=CC=C(OC3=CC=C(OC4=CC=C(*)C=C4)C4=C3C3C5=C(C=CC=C5)C4C4=C3C=CC=C4)C=C2)C=C1,2.058
FC(F)(F)C(C1=CC2=C(OC(=N2)C2=CC=C(OC3=CC=C(OC4=CC=C(*)C=C4)C4=C3C3C5=C(C=CC=C5)C4C4=C3C=CC=C4)C=C2)C=C1)(C1=CC=C2OC(*)=NC2=C1)C(F)(F)F,1.819