SMILES,TD
*/C(Br)=C(/*)c1ccccc1,1.17
*/C(C#N)=C(/*)c1ccccc1,1.21
*/C(CC)=C(/*)c1ccccc1,1.15
*/C(CCCCCC)=C(/*)c1ccccc1,1.43
*/C(Cl)=C(/*)c1ccccc1,1.07
*/C(I)=C(/*)c1ccccc1,0.884
*/C(OC)=C(\OC)c1ccc(*)cc1,1.9
*/C=C(/*)CCCCCCCCCCOc1ccc(-c2ccc(C(=O)OC(C)CCCCCC)cc2)cc1,1.97
*/C=C(/*)CCCCCCCCCCOc1ccc(-c2ccc(OCC(F)CCCCCC)cc2)cc1,2.67
*/C=C(/*)CCCCCCCCCCOc1ccc(-c2ccc(OCCCCCCCC)cc2)cc1,2.26
*/C=C(/*)CCCOc1ccc(-c2ccc(C(=O)OC(C)CCCCCC)cc2)cc1,2.45
*/C=C(/*)CCCOc1ccc(-c2ccc(C(=O)OCC(F)CCCCCC)cc2)cc1,2.02
*/C=C(/*)CCCOc1ccc(-c2ccc(CCCCC)cc2)cc1,2.68
*/C=C(/*)CNCc1ccccc1,1.59
*/C=C(/*)CNS(=O)(=O)Cc1ccccc1,1.58
*/C=C(/*)CNS(=O)(=O)c1ccc(C)cc1,1.46
*/C=C(/*)CNS(=O)(=O)c1ccc(CCC)cc1,1.37
*/C=C(/*)CNS(=O)(=O)c1ccccc1,1.84
*/C=C(/*)c1c(C)cc(C(C)(C)C)cc1C,2.53
*/C=C(/*)c1c(F)c(F)c(CCCC)c(F)c1F,1.05
*/C=C(/*)c1ccc(C#C)cc1,2.11
*/C=C(/*)c1ccc(Cl)cc1,1.12
*/C=C(/*)c1ccc(N)cc1,2.18
*/C=C(/*)c1ccc(NC=O)cc1,1.94
*/C=C(/*)c1ccc(OC)cc1,1.67
*/C=C(/*)c1cccc(Br)c1,1.06
*/C=C(/*)c1cccc(C#C)c1,1.7
*/C=C(/*)c1cccc(Cl)c1,1.3
*/C=C(/*)c1ccccc1,1.6
*/C=C(/*)c1ccccc1C,1.62
*/C=C(/*)c1ccccc1C(C)C,1.44
*/C=C(/*)c1ccccc1C(F)(F)F,0.761
*/C=C/C(*)(C)c1ccccc1,1.72
*/C=C/C(C(=O)OC)C(*)c1ccccc1,1.51
*/C=C/C(C(=O)OCCCC)C(*)c1ccccc1,1.5
*/C=C/C(C)C(*)C(=O)OC,1.38
*/C=C/C(C)C(*)C(=O)OCCCCCCN(C)c1ccc(N(C)C)cc1,1.74
*/C=C/C(C)C(*)C(=O)OCCCN(C)c1ccc(N(C)C)cc1,1.52
*/C=C/C(C)C(*)C(=O)OCCN(C)c1ccc(N(C)C)cc1,1.64
*/C=C/C=C/C=C/c1cc(CCCCCCC)c(*)cc1CCCCCCC,2.01
*/C=C/CC(C*)(c1ccccc1)c1ccccc1,1.48
*/C=C/CC(C*)c1ccccc1,1.7
*/C=C/c1cc(CC(CC)CCCC)c(*)cc1CCCC,2.93
*/C=C/c1cc(CCCCCCC)c(*)cc1CCCCCCC,1.97
*/C=C/c1cc(OC(C)C)c(*)cc1OC,3.91
*/C=C/c1cc(OC)c(*)cc1Br,3.17
*/C=C/c1cc(OC)c(*)cc1C,3.1
*/C=C/c1cc(OCC(CC)CCCC)c(*)cc1OC,3.9
*/C=C/c1cc(OCC)c(*)cc1OCC,3.21
*/C=C/c1cc(OCC)c(-c2cc(OCC)c(*)cc2OCC)cc1OCC,2.1
*/C=C/c1cc(OCCC(C)CCCC(C)C)c(*)cc1OC,2.23
*/C=C/c1cc(OCCCC)c(*)cc1OC,3.29
*/C=C/c1cc(OCCCCCC)c(*)cc1OCCCCCC,2.8
*/C=C/c1ccc(*)c(C(=O)OC(C)(C)C)c1C(=O)OC(C)(C)C,1.66
*/C=C/c1ccc(*)c(F)c1,2.17
*/C=C/c1ccc(*)c(OC)c1,5.78
*/C=C/c1ccc(*)c(OCc2cc(OCCC(C)CCCC(C)C)cc(OCC(CC)CCCC)c2)c1,1.7
*/C=C/c1cccc(*)c1,2.48
*C(=O)N(*)Cc1ccccc1,1.12
*C(=O)N(*)c1ccc(OC)cc1,1.16
*C(=O)N(*)c1cccc(C)c1,1.39
*C(=O)Nc1ccc(NC(=O)c2ccc3c(c2)C(=O)N(c2ccc(Oc4cccc5c(N6C(=O)c7ccc(*)cc7C6=O)cccc45)cc2)C3=O)cc1,3.54
*C(=O)c1ccc(-c2ccc(*)cc2)cc1,4.05
*C(F)(F)C(*)(F)Cl,0.96
*C(F)(F)C(*)(F)OC(F)C(F)F,0.626
*C(F)(F)C(*)(F)c1ccccc1,1.84
*C(F)(F)C(F)(F)C1(F)C(*)(F)OC(F)(F)C1(F)F,0.898
*C([2H])([2H])C(*)([2H])c1c([2H])c([2H])c([2H])c([2H])c1[2H],1.72
*C(c1ccccc1)C(*)(C#N)C#N,1.17
*C(c1ccccc1)C(*)(C#N)C(=O)OCC,1.29
*C1C(=O)N(C2CCCCC2)C(=O)C1*,1.25
*C1C(=O)N(CCCOc2ccc(-c3ccc(C#N)cc3)cc2)C(=O)C1*,1.74
*C1C(=O)N(c2ccccc2)C(=O)C1*,1.17
*C1C(=O)N(c2ccccc2C(=O)OC)C(=O)C1*,1.13
*C1C(=O)OC(=O)C1*,0.93
*C1C2CCC(C2)C1*,1.36
*C1C=CC(*)C1,2.08
*C1CC2C3CCC(C3)C2C1*,1.39
*C1CC2CC1C(*)C2CCCC,1.25
*C1CC2CC1C(*)C2CCCCCC,1.51
*C1CCC(*)C1,2.92
*C1CCC1*,1.28
*C1Cc2ccccc2C1*,1.17
*CC#CC#CCOc1ccc(-c2ccc(O*)cc2)cc1,3.2
*CC#CC#CCOc1ccc(C(C)(C)c2ccc(O*)cc2)cc1,2.36
*CC(*)(C#N)C(=O)OC,1.22
*CC(*)(C#N)C(=O)OCC,1.44
*CC(*)(C#N)C(=O)OCCCC,1.33
*CC(*)(C#N)C(=O)OCCCCCC,3.83
*CC(*)(C(=O)OC)c1ccccc1,1.23
*CC(*)(C)C(=O)OC,1.21
*CC(*)(C)C(=O)OC(C(F)(F)F)(C(F)(F)F)C(F)(F)F,0.352
*CC(*)(C)C(=O)OC(C(F)(F)F)C(F)(F)F,0.504
*CC(*)(C)C(=O)OC(C)(C)C,1.25
*CC(*)(C)C(=O)OC(C)C(C)(C)C,1.35
*CC(*)(C)C(=O)OC(C)C(F)(F)F,0.848
*CC(*)(C)C(=O)OC(C)CC,1.4
*CC(*)(C)C(=O)OC(C)OCCOc1ccccc1,1.35
*CC(*)(C)C(=O)OC(C)Oc1ccc(OC)cc1,1.51
*CC(*)(C)C(=O)OC(F)(C(F)(F)F)C(F)(F)Cl,0.517
*CC(*)(C)C(=O)OC(F)(C(F)(F)F)C(F)(F)F,0.506
*CC(*)(C)C(=O)OC(F)(F)C(F)(F)C(F)(F)C(F)(F)C(F)(F)C(F)(F)C(F)(F)C(F)(F)F,0.558
*CC(*)(C)C(=O)OC12CC3CC(C)(CC(C)(C3)C1)C2,0.928
*CC(*)(C)C(=O)OC12CC3CC(CC(C3)C1)C2,0.989
*CC(*)(C)C(=O)OC1CC(C)CC(C)(C)C1,1.28
*CC(*)(C)C(=O)OC1CC2CCC1(C)C2(C)C,1.14
*CC(*)(C)C(=O)OC1CCC(C(C)(C)C)CC1,1.18
*CC(*)(C)C(=O)OC1CCCCC1C,1.17
*CC(*)(C)C(=O)OCC(C)(C)C1OCC(C)(C)CO1,1.26
*CC(*)(C)C(=O)OCC(CC)CCCC,1.37
*CC(*)(C)C(=O)OCC(F)(F)C(F)(F)C(F)(F)C(F)(F)C(F)(F)C(F)(F)C(F)(F)C(F)F,0.564
*CC(*)(C)C(=O)OCC(F)(F)C(F)(F)C(F)(F)C(F)(F)C(F)(F)C(F)(F)C(F)(F)F,0.467
*CC(*)(C)C(=O)OCC(F)(F)C(F)(F)C(F)(F)C(F)(F)C(F)(F)C(F)F,0.71
*CC(*)(C)C(=O)OCC(F)(F)C(F)(F)C(F)(F)C(F)F,0.596
*CC(*)(C)C(=O)OCCC#N,0.983
*CC(*)(C)C(=O)OCCCCCCCCCC,1.79
*CC(*)(C)C(=O)OCCCCCCCCCCCC,1.85
*CC(*)(C)C(=O)OCCCCCCCCCCCCCC,2.16
*CC(*)(C)C(=O)OCCCCCCCCCCCCCCCC,1.81
*CC(*)(C)C(=O)OCCCCCCCCCCCCCCCCCC,2.2
*CC(*)(C)C(=O)OCCCCCCCCOc1ccc(-c2ccc(C#N)cc2)cc1,2.07
*CC(*)(C)C(=O)OCCN(CC)S(=O)(=O)C(F)(F)C(F)(F)C(F)(F)C(F)(F)C(F)(F)C(F)(F)C(F)(F)C(F)(F)F,0.68
*CC(*)(C)C(=O)OCc1cccc([N+](=O)[O-])c1,1.14
*CC(*)(C)C(=O)OCc1ccccc1Cl,1.21
*CC(*)(C)C(=O)Oc1c(Cl)c(Cl)c(Cl)c(Cl)c1Cl,0.652
*CC(*)(C)C(=O)Oc1ccc(C#N)cc1,1.07
*CC(*)(C)C(=O)Oc1ccc(C)cc1,1.29
*CC(*)(C)C(=O)Oc1ccc(CC#N)cc1,1.31
*CC(*)(C)C(=O)Oc1ccc([N+](=O)[O-])cc1,1.15
*CC(*)(C)C(=O)Oc1cccc(C)c1,1.22
*CC(*)(C)C(=O)Oc1ccccc1,1.49
*CC(*)(C)C(N)=O,1.03
*CC(*)(C)CC,1.28
*CC(*)(C)CCC,1.35
*CC(*)(C)c1ccc(Br)cc1,0.981
*CC(*)(C)c1ccc(C(C)C)cc1,1.73
*CC(*)(C)c1ccc(C)cc1,1.45
*CC(*)(C)c1ccc(F)cc1,1.11
*CC(*)(C)c1ccccc1,1.48
*CC(*)(CC(=O)OC)C(=O)OC,1.09
*CC(*)(CC(=O)OCC)C(=O)OCC,1.23
*CC(*)(CC(=O)OCC1CCCCC1)C(=O)OCC1CCCCC1,1.32
*CC(*)(CC(=O)OCCCC1CCCCC1)C(=O)OCCCC1CCCCC1,1.32
*CC(*)(CC(=O)OCc1ccccc1)C(=O)OCc1ccccc1,1.34
*CC(*)(CC(=O)Oc1ccccc1C)C(=O)Oc1ccccc1C,1.3
*CC(*)(CF)C(=O)OC,0.995
*CC(*)(Cl)C(=O)OC(C)CC,1.32
*CC(*)(Cl)C(=O)OC1CCCCC1,1.05
*CC(*)(Cl)C(=O)OCCCC,1.26
*CC(*)(F)C#N,1.11
*CC(*)(F)C(=O)OCC(F)(F)C(F)(F)C(F)(F)C(F)(F)C(F)(F)C(F)(F)C(F)(F)C(F)(F)C(F)(F)F,0.628
*CC(*)(F)C(=O)OCC(F)(F)C(F)(F)C(F)(F)C(F)(F)C(F)(F)C(F)(F)C(F)(F)C(F)(F)F,0.55
*CC(*)(F)C(=O)OCC(F)(F)C(F)(F)C(F)(F)C(F)(F)C(F)(F)C(F)(F)C(F)(F)F,0.615
*CC(*)(F)C(=O)OCC(F)(F)C(F)(F)C(F)(F)C(F)(F)F,0.622
*CC(*)(F)C(=O)OCC(F)(F)C(F)(F)C(F)(F)F,0.603
*CC(*)(F)C(=O)OCCC(F)(F)C(F)(F)C(F)(F)C(F)(F)F,0.586
*CC(*)(OC(C)=O)c1ccc(OC(=O)CCC)cc1,1.35
*CC(*)(OC(C)=O)c1ccc(OC(=O)OC)cc1,1.37
*CC(*)C(=O)C1CCCCC1,1.48
*CC(*)C(=O)N(C(C)C)C(C)C,1.48
*CC(*)C(=O)N(CC=C)c1c(C)cccc1C,1.3
*CC(*)C(=O)N(CCCC)CCCC,1.49
*CC(*)C(=O)N(O)c1ccc(C)cc1,1.52
*CC(*)C(=O)N(O)c1cccc(C)c1,1.41
*CC(*)C(=O)N(O)c1ccccc1C,1.44
*CC(*)C(=O)N1CCCCC1,1.45
*CC(*)C(=O)NC(C)C,1.58
*CC(*)C(=O)NCCCCCC(=O)O,1.64
*CC(*)C(=O)NCCCCCCCC/C=C/CCCCCCCC,2.14
*CC(*)C(=O)NCCCCCCCCCCCC,2.41
*CC(*)C(=O)NCCCCCCCCCCCCCCCC,2.18
*CC(*)C(=O)NCCCCCCCCCCCCCCCCCCCCCC,2.55
*CC(*)C(=O)O,1.33
*CC(*)C(=O)OC,1.44
*CC(*)C(=O)OC(CCC(CC)CCCC)CC(C)C,1.67
*CC(*)C(=O)OC(F)(C(F)(F)F)C(F)(F)F,0.713
*CC(*)C(=O)OC12CC3CC(C)(CC(C)(C3)C1)C2,1.22
*CC(*)C(=O)OCC(F)(F)C(F)(F)OC(F)(F)C(F)(F)C(F)(F)C(F)(F)F,0.512
*CC(*)C(=O)OCCC#N,1.36
*CC(*)C(=O)OCCCCCCCCCCCCCC,2.22
*CC(*)C(=O)OCCCCCCCCCCCCCCCC,2.5
*CC(*)C(=O)OCCCCCCCCCCCCCCCCCC,2.61
*CC(*)C(=O)OCCCCCCCCCCOc1ccc(C(=O)O)cc1,1.79
*CC(*)C(=O)OCCCCCCCCCCOc1cccc(C(=O)O)c1,1.91
*CC(*)C(=O)OCCCCCCCCCCOc1ccccc1C(=O)O,1.62
*CC(*)C(=O)OCCCCCCOc1ccc(C(=O)Oc2ccc(C#N)cc2)cc1,1.64
*CC(*)C(=O)OCCCCCCSCC#N,1.48
*CC(*)C(=O)OCCCSCCC#N,1.47
*CC(*)C(=O)OCCOc1ccc(C(C)(C)c2ccc(OCCO)cc2)cc1,1.86
*CC(*)C(=O)OCCSCC#N,1.22
*CC(*)C(=O)OCc1ccc(C#N)cc1,1.39
*CC(*)C(=O)OCc1ccc(OC(=O)OC(C)(C)C)cc1,1.57
*CC(*)C(=O)Oc1c(Cl)c(Cl)c(Cl)c(Cl)c1Cl,0.647
*CC(*)C(=O)Oc1ccc(C#N)cc1,1.43
*CC(*)C(=O)Oc1ccc(C(=O)OCCCC)cc1,1.69
*CC(*)C(=O)Oc1ccc(C(=O)OCc2ccccc2)cc1,1.66
*CC(*)C(=O)Oc1ccc(Cl)c(C)c1,1.28
*CC(*)C(=O)Oc1ccc(OC)cc1,1.54
*CC(*)C(=O)Oc1cccc(C)c1,1.58
*CC(*)C(=O)Oc1cccc2ccccc12,1.35
*CC(*)C(=O)Oc1ccccc1,1.5
*CC(*)C(=O)Oc1ccccc1-c1ccccc1,1.48
*CC(*)C(=O)Oc1ccccc1Cl,1.29
*CC(*)C(=O)c1ccc(CC)cc1,1.61
*CC(*)C(=O)c1ccc(OCC)cc1,1.54
*CC(*)C(=O)c1ccccc1O,1.2
*CC(*)C(C)=O,1.32
*CC(*)C(C)C,1.5
*CC(*)C(C)CC,1.46
*CC(*)C(C)c1ccccc1,1.29
*CC(*)C(CC)CC,1.45
*CC(*)C1CC=CCC1,1.34
*CC(*)C1CCC(C)CC1,1.53
*CC(*)C1CCC1,1.55
*CC(*)C1CCCC(C)C1,1.46
*CC(*)C1CCCC1,1.45
*CC(*)C1CCCCC1,1.48
*CC(*)C=C(C)C,1.56
*CC(*)CC,1.65
*CC(*)CC(C)(C)C,1.38
*CC(*)CC(C)(C)CC,1.4
*CC(*)CC(C)C,1.61
*CC(*)CC(C)C(F)(F)F,1.03
*CC(*)CC(C)CC,1.52
*CC(*)CC(CC)CC,1.63
*CC(*)CC1CCCC1,1.66
*CC(*)CC1CCCCC1,1.73
*CC(*)CCC,1.83
*CC(*)CCC(C)(C)C,1.51
*CC(*)CCC(C)C,1.59
*CC(*)CCC(C)CC,1.69
*CC(*)CCC1CCCCC1,1.54
*CC(*)CCCC,1.69
*CC(*)CCCC(C)(C)C,1.63
*CC(*)CCCC(C)C,1.87
*CC(*)CCCC1CCCCC1,1.7
*CC(*)CCCCC,1.86
*CC(*)CCCCCC,1.71
*CC(*)CCCCCCC,1.91
*CC(*)CCCCCCCC,2.03
*CC(*)CCCCCCCCC,2.25
*CC(*)CCCCCCCCCC,2.33
*CC(*)CCCCCCCCCCC,2.27
*CC(*)CCCCCCCCCCCC,2.37
*CC(*)CCCCCCCCCCCCC,2.36
*CC(*)CCCCCCCCCCCCCC,2.37
*CC(*)CCCCCCCCCCCCCCCC,2.6
*CC(*)CCCCCCCCCCCCCCCCCC,2.63
*CC(*)CCCN(CC(C)C)CC(C)C,1.44
*CC(*)CCc1ccc(C)cc1,1.74
*CC(*)CCc1ccccc1,1.4
*CC(*)CCc1ccccc1C,1.67
*CC(*)CNc1ccc([N+](=O)[O-])c(C(F)(F)F)c1,1.29
*CC(*)Cc1cc(C)cc(C)c1,1.41
*CC(*)Cc1cc(C)ccc1C,1.51
*CC(*)Cc1ccc(C)c(C)c1,1.52
*CC(*)Cc1ccccc1,1.6
*CC(*)Cl,1.14
*CC(*)O,3.17
*CC(*)OC(=O)/C=C/c1ccccc1,1.52
*CC(*)OC(=O)C1(F)C(F)(F)C(F)(F)C(F)(F)C(F)(F)C1(F)F,0.565
*CC(*)OC(=O)CCCCCCCCCCCCCCC,2.17
*CC(*)OC(=O)CCCCCCCCCCCCCCCCC,2.1
*CC(*)OC(=O)c1ccc(C#N)cc1,1.42
*CC(*)OC(=O)c1ccc(OC(=O)CCC)cc1,1.63
*CC(*)OC(=O)c1ccccc1,1.29
*CC(*)OCC(C)(C)CC(C)C,1.63
*CC(*)OCCCCCCCCCCCCCCCCCC,2.65
*CC(*)OCCOc1ccc(/C=C(\C#N)C(=O)OC)cc1,1.67
*CC(*)S(=O)c1ccc(Cl)cc1,0.986
*CC(*)S(=O)c1ccc(F)cc1,0.997
*CC(*)S(=O)c1ccc(OC)cc1,1.38
*CC(*)c1c(C)cc(C)cc1C,1.42
*CC(*)c1c(F)c(F)c(C(F)(F)F)c(F)c1F,0.651
*CC(*)c1c(F)c(F)c(F)c(F)c1F,0.649
*CC(*)c1c([2H])c([2H])c([2H])c([2H])c1[2H],1.6
*CC(*)c1cc(C(C)(C)C)ccc1C,1.35
*CC(*)c1cc(C(C)C)ccc1C(C)C,1.44
*CC(*)c1cc(C)c(C)cc1C,1.79
*CC(*)c1cc(C)cc(C)c1,1.55
*CC(*)c1cc(C)ccc1C,1.5
*CC(*)c1cc(C)ccc1F,1.35
*CC(*)c1cc(Cl)ccc1Cl,1.62
*CC(*)c1cc(F)ccc1F,1.05
*CC(*)c1cc(OC(C)CC)ccc1OC(C)CC,1.69
*CC(*)c1cc(OC)ccc1OC,1.67
*CC(*)c1ccc(-c2ccc3c(c2)C(CCCCCC)(CCCCCC)c2ccccc2-3)cc1,1.72
*CC(*)c1ccc(-c2ccccc2)cc1,1.76
*CC(*)c1ccc(C#C)cc1,2.1
*CC(*)c1ccc(C(=O)CCCCCCC)cc1,2.01
*CC(*)c1ccc(C(=O)CCN2CCCCC2)cc1,1.61
*CC(*)c1ccc(C(=O)N2CCCCC2)cc1,0.989
*CC(*)c1ccc(C(=O)O)c(C(=O)O)c1,1.2
*CC(*)c1ccc(C(=O)OC)cc1,1.61
*CC(*)c1ccc(C(=O)OOC(C)(C)C)cc1,1.66
*CC(*)c1ccc(C(C)(C)C)cc1,1.6
*CC(*)c1ccc(C(C)C)cc1,1.9
*CC(*)c1ccc(C(C)C)cc1C(C)C,1.68
*CC(*)c1ccc(C(C)CC)cc1,1.91
*CC(*)c1ccc(C)c(C)c1,1.62
*CC(*)c1ccc(C)cc1,1.61
*CC(*)c1ccc(C)cc1C,1.56
*CC(*)c1ccc(C=C)cc1,2.19
*CC(*)c1ccc(C=O)cc1,1.43
*CC(*)c1ccc(CC)cc1,1.67
*CC(*)c1ccc(CCC#C)cc1,2.14
*CC(*)c1ccc(CCC)cc1,1.87
*CC(*)c1ccc(CCCC)cc1,1.66
*CC(*)c1ccc(CCCCCC)cc1,1.87
*CC(*)c1ccc(CCCCCCCC)cc1,2.03
*CC(*)c1ccc(CCCCCCCCC)cc1,2.08
*CC(*)c1ccc(CCCCCCCCCC)cc1,2.1
*CC(*)c1ccc(CCCCCCCCCCCC)cc1,2.24
*CC(*)c1ccc(CCCCCCCCCCCCCC)cc1,2.5
*CC(*)c1ccc(CCCCCCCCCCCCCCCC)cc1,2.48
*CC(*)c1ccc(COC)cc1,1.94
*CC(*)c1ccc(COCC(CC)CCCC)cc1,1.92
*CC(*)c1ccc(COCCC)cc1,1.85
*CC(*)c1ccc(COCCCCCC)cc1,1.84
*CC(*)c1ccc(COCCCCCCOc2ccc(-c3ccc(OC)cc3)cc2)cc1,2.24
*CC(*)c1ccc(COCCOCCCC)cc1,1.86
*CC(*)c1ccc(COc2ccc(-c3ccc(C#N)cc3)cc2)cc1,2.14
*CC(*)c1ccc(Cl)c(C)c1,1.29
*CC(*)c1ccc(Cl)c(Cl)c1,0.97
*CC(*)c1ccc(Cl)c(F)c1,1.03
*CC(*)c1ccc(Cl)cc1C,1.1
*CC(*)c1ccc(Cl)cc1Cl,0.992
*CC(*)c1ccc(F)cc1C,1.13
*CC(*)c1ccc(N(C)C)cc1,1.86
*CC(*)c1ccc(OC(C)=O)cc1,1.53
*CC(*)c1ccc(OC)c(OC)c1,1.75
*CC(*)c1ccc(OCC)cc1,2.03
*CC(*)c1ccc(OCCC(C)C)cc1,1.93
*CC(*)c1ccc(OCCC)cc1,1.84
*CC(*)c1ccc(OCCCC)cc1,1.95
*CC(*)c1ccc(S(=O)(=O)O)cc1,1.49
*CC(*)c1cccc(-c2ccc(-c3ccccc3)cc2)c1,1.74
*CC(*)c1cccc(C)c1,1.73
*CC(*)c1cccc(CC)c1,1.57
*CC(*)c1cccc(Cl)c1,1.19
*CC(*)c1cccc(F)c1,1.32
*CC(*)c1cccc(N(c2ccc(C)cc2)c2ccc(C)cc2)c1,1.54
*CC(*)c1cccc(OC(C)=O)c1,1.48
*CC(*)c1cccc2ccccc12,1.78
*CC(*)c1ccccc1,1.76
*CC(*)c1ccccc1C,1.64
*CC(*)c1ccccc1C(=O)N(C)C,1.4
*CC(*)c1ccccc1C(=O)Nc1ccccc1,1.48
*CC(*)c1ccccc1C(=O)OCC,1.42
*CC(*)c1ccccc1C(=O)Oc1ccccc1,1.4
*CC(*)c1ccccc1CC,1.62
*CC(*)c1ccccc1COC,1.63
*CC(*)c1ccccc1COC(C)C,1.34
*CC(*)c1ccccc1COCC,1.42
*CC(*)c1ccccc1COCCC,1.69
*CC(*)c1ccccc1COCCC(C)C,1.46
*CC(*)c1ccccc1COCCCC,1.58
*CC(*)c1ccccc1COCCCCC,1.38
*CC(*)c1ccccc1COCCc1ccccc1,1.44
*CC(*)c1ccccc1COCc1ccccc1,1.49
*CC(*)c1ccccc1Cl,1.19
*CC(*)c1ccccc1F,1.42
*CC(*)c1ccccc1OC,1.57
*CC(*)n1c2ccccc2c2ccccc21,1.24
*CC(=O)C(*)c1ccc(F)cc1,1.37
*CC(=O)C(*)c1cccc(C)c1,1.72
*CC(C(=O)Oc1ccccc1)C(C(=O)O)C(*)(C)C,1.15
*CC(C)(C)C1C(=O)N(C2CCCCC2)C(=O)C1*,1.35
*CC(C)(C)COC(=O)NC1CCC(CC2CCC(NC(=O)O*)CC2)CC1,2.4
*CC(C)(C)COC(=O)Nc1ccc(Cc2ccc(NC(=O)O*)c(C)c2)cc1C,1.77
*CC(C)(C)CS(=O)(=O)CC(C)(C)COC(=O)Nc1ccc(Cc2ccc(NC(=O)O*)cc2)cc1,1.65
*CC(C)C(*)(C)C,1.57
*CC(C)S(*)(=O)=O,1.23
*CC(C)S/C(=N\c1ccccc1)S*,1.35
*CC(CC(*)(C#N)C#N)(OC(C)=O)c1ccc(OC(=O)CC)cc1,1.65
*CC(CC(*)(C#N)C#N)(OC(C)=O)c1ccc(OC(=O)CCC)cc1,1.41
*CC(CC(*)(C#N)C#N)(OC(C)=O)c1ccc(OC(=O)OC)cc1,1.24
*CC(CC(*)(C#N)C#N)(OC(C)=O)c1ccc(OC(C)=O)cc1,1.26
*CC(CC(*)(C#N)C(=O)OC)c1ccccc1,1.48
*CC(CC)(C(=O)O*)c1ccccc1,1.3
*CC(CCl)(CCl)COC(=O)c1ccccc1C(=O)O*,0.902
*CC(CCl)(CCl)O*,0.825
*CC(COc1c(C)cccc1C)O*,1.53
*CC(COc1c(Cl)cc(C(C)(C)c2cc(Cl)c(O*)c(Cl)c2)cc1Cl)OC(C)=O,1.29
*CC(COc1ccc(-c2ccccc2)cc1)O*,1.72
*CC(COc1ccc(C(C)(C)c2ccc(O*)cc2)cc1)OC(=O)CC,1.53
*CC(COc1ccc(C(C)(C)c2ccc(O*)cc2)cc1)OC(=O)CCl,1.57
*CC(COc1ccc(C(C)(C)c2ccc(O*)cc2)cc1)OC(C)=O,1.72
*CC(COc1ccc(Cl)cc1)O*,1.37
*CC(COc1cccc(C)c1)O*,1.52
*CC(COc1ccccc1)O*,1.37
*CC(COc1ccccc1C(C)C)O*,1.44
*CC(COc1ccccc1C)O*,1.68
*CC(COc1ccccc1Cl)O*,1.24
*CC(NC=O)C(c1ccccc1)C(*)(C#N)C(=O)OC,1.17
*CC(O)COC(=O)CCCCCCCCC(=O)OCC(O)COc1ccc(C(C)(C)c2ccc(O*)cc2)cc1,1.8
*CC(O)COC(=O)CCCCCCCCCCC(=O)OCC(O)COc1ccc(C(C)(C)c2ccc(O*)cc2)cc1,1.75
*CC(O)COC(C/C=C/C(OCC(O)COC(c1cccc(C(O*)(C(F)(F)F)C(F)(F)F)c1)(C(F)(F)F)C(F)(F)F)(C(F)(F)F)C(F)(F)F)(C(F)(F)F)C(F)(F)F,0.556
*CC(O)COc1c(C)cc(C(C)(C)c2cc(C)c(O*)c(C)c2)cc1C,1.66
*CC(O)COc1c(Cl)cc(C(C)(C)c2cc(Cl)c(O*)c(Cl)c2)cc1Cl,1.19
*CC(O)COc1ccc(C(C)(C)c2ccc(O*)c(Cl)c2)cc1Cl,1.43
*CC(O)COc1ccc(C(C)(CC)c2ccc(O*)cc2)cc1,1.93
*CC(c1ccccc1)C(C(=O)O)C(*)C(=O)OCCCCCCCC,1.47
*CC(c1ccccc1)C(C(=O)O)C(*)C(=O)OCCCCCCCCCCCCCC,1.9
*CC(c1ccccc1)C(C(=O)O)C(*)C(=O)OCCCCCCCCCCCCCCCCCC,1.9
*CC(c1ccccc1)S(*)(=O)=O,1.15
*CC/C=C(/*)c1ccccc1,1.74
*CC1(*)CCC(C)CC1,1.3
*CC1(*)CCCCC1,1.09
*CC1CCC(*)C1,2.28
*CC1CCC(CNC(=O)CCCCC(=O)N*)CC1,2.16
*CC1CCC(CNC(=O)CCCCCCC(=O)N*)CC1,2.33
*CC1CCC(CNC(=O)CCCCCCCC(=O)N*)CC1,1.93
*CC1CCC(COC(=O)CCCC(=O)O*)CC1,1.26
*CC1CCC(COC(=O)CCCCCC(=O)O*)CC1,1.69
*CC1CCC(COC(=O)CCCCCCCC(=O)O*)CC1,1.6
*CC1CCC(COC(=O)CCCCCCCCC(=O)O*)CC1,1.92
*CC1CCC(COC(=O)c2cccc(C(=O)O*)c2)CC1,1.28
*CCC(*)(C)C,1.47
*CCC(C)CC(CC)CNC(=O)c1ccc(C(=O)N*)cc1,1.81
*CCC(Cl)C(*)Cl,1.29
*CCC([2H])C(*)([2H])C,2.4
*CCC/C=C(/*)c1ccc(Cl)cc1,1.41
*CCC/C=C(/*)c1ccc(OC)cc1,1.79
*CCC/C=C(/*)c1ccccc1,1.61
*CCC1CC(*)C2C3CCC(C3)C12,1.85
*CCC1CCC(*)C1,2.61
*CCCC(*)(C)C(=O)O,1.38
*CCCC(*)(C)CC,1.72
*CCCC(=O)NCCCCCCNC(=O)CCCOC(=O)c1ccc(-c2ccc(C(=O)O*)cc2)cc1,2.33
*CCCC(=O)NCCCCCCNC(=O)CCCOC(=O)c1cccc(C(=O)O*)c1,1.7
*CCCCC(=O)NCCc1ccc(CCNC(=O)CCCCS*)cc1,1.81
*CCCCC(=O)OCCCCCCOC(=O)c1ccc(O*)cc1,1.56
*CCCCCC(=O)NCCCCCCNC(=O)CCCCCOC(=O)c1ccc(C(=O)O*)cc1,2.04
*CCCCCC(=O)NCc1ccc(CNC(=O)CCCCCO*)cc1,2.15
*CCCCCC(=O)NCc1ccc(CNC(=O)CCCCCS*)cc1,1.57
*CCCCCC(=O)NCc1ccc(CNC(=O)CCCCO*)cc1,2.01
*CCCCCC(=O)NCc1ccc(CNC(=O)CCCO*)cc1,2.05
*CCCCCC(=O)Nc1ccc(NC(=O)CCCCCOC(=O)CCCCC(=O)O*)cc1,2.19
*CCCCCC(=O)OCCCCCCOC(=O)c1ccc(O*)cc1,2.1
*CCCCCCC(=O)NCCc1ccc(CCNC(=O)CCCCCCS*)cc1,1.98
*CCCCCCC(=O)NCc1ccc(CNC(=O)CCCCCCO*)cc1,2.04
*CCCCCCC(=O)NCc1ccc(CNC(=O)CCCCO*)cc1,1.96
*CCCCCCC(=O)NCc1ccc(CNC(=O)CCCO*)cc1,2
*CCCCCCCCC(=O)NCCc1ccc(CCNC(=O)CCCCCCCCS*)cc1,2.12
*CCCCCCCCC(=O)NCc1ccc(CNC(=O)CCCCCCCCO*)cc1,2.32
*CCCCCCCCC(=O)NCc1ccc(CNC(=O)CCCCCCCCS*)cc1,2.01
*CCCCCCCCC(=O)NCc1ccc(CNC(=O)CCCCO*)cc1,2.06
*CCCCCCCCC(=O)NCc1ccc(CNC(=O)CCCO*)cc1,1.89
*CCCCCCCCCCC(=O)NCc1ccc(CNC(=O)CCCCO*)cc1,2.04
*CCCCCCCCCCC(=O)NCc1ccc(CNC(=O)CCCO*)cc1,2.28
*CCCCCCCCCCC(=O)OCCCCCCOC(=O)c1ccc(O*)cc1,2.24
*CCCCCCCCCCC(=O)OCCOC(=O)c1ccc(O*)cc1,2.18
*CCCCCCCCCCCCCCCCCCCCOC(=O)Cc1ccc(CC(=O)O*)cc1,2.67
*CCCCCCCCCCCCCCCCCCCCOC(=O)c1ccc(-c2ccc(C(=O)O*)cc2)cc1,2.36
*CCCCCCCCCCCCCCCCCCCCOC(=O)c1cccc(-c2cccc(C(=O)O*)c2)c1,2.11
*CCCCCCCCCCCCCCCCCCCCOC(=O)c1cccc(C(=O)O*)c1,2.43
*CCCCCCCCCCCCCCCCCCCCOC(=O)c1ccccc1-c1ccccc1C(=O)O*,1.74
*CCCCCCCCCCCCCCCCCCCCOC(=O)c1ccccc1C(=O)O*,2.08
*CCCCCCCCCCCCCCCCCCNC(=O)NCc1ccc(CNC(=O)N*)cc1,2.53
*CCCCCCCCCCCCCCCCCCNC(=O)c1ccc(C(=O)N*)cc1,2.45
*CCCCCCCCCCCCCCCCOC(=O)Nc1ccc(Cc2ccc(NC(=O)O*)cc2)cc1,2.44
*CCCCCCCCCCCCCCNC(=O)Cc1ccc(CC(=O)N*)cc1,2.07
*CCCCCCCCCCCCCCNC(=O)c1ccc(C(=O)N*)cc1,2.33
*CCCCCCCCCCCCNC(=O)Cc1ccc(CC(=O)N*)cc1,1.99
*CCCCCCCCCCCCNC(=O)NCc1ccc(CNC(=O)N*)cc1,2.4
*CCCCCCCCCCCCNC(=O)c1ccc(-c2ccc(C(=O)N*)cc2)cc1,3.16
*CCCCCCCCCCCCNC(=O)c1cccc(C(=O)N*)c1,2.71
*CCCCCCCCCCCCOC(=O)CCCCCNC(=O)c1ccc(C(=O)NCCCCCC(=O)O*)cc1,1.64
*CCCCCCCCCCCCOC(=O)Nc1ccc(Cc2ccc(NC(=O)O*)cc2)cc1,2.37
*CCCCCCCCCCCCOC(=O)c1cccc(C(=O)O*)c1,2
*CCCCCCCCCCCNC(=O)c1ccc(C(=O)N*)cc1,2.1
*CCCCCCCCCCNC(=O)CCc1ccc(CCC(=O)N*)cc1,1.87
*CCCCCCCCCCNC(=O)Cc1ccc(CC(=O)N*)cc1,2
*CCCCCCCCCCNC(=O)c1ccc(Cc2ccc(C(=O)N*)cc2)cc1,2.27
*CCCCCCCCCCNC(=O)c1cccc(C(=O)N*)c1,2.15
*CCCCCCCCCCNC(=O)c1ccccc1C(=O)N*,1.92
*CCCCCCCCCCOC(=O)CCCCCNC(=O)c1ccc(C(=O)NCCCCCC(=O)O*)cc1,1.76
*CCCCCCCCCCOC(=O)Cc1ccc(CC(=O)O*)cc1,1.64
*CCCCCCCCCCOC(=O)Nc1ccc(Cc2ccc(NC(=O)O*)cc2)cc1,2.45
*CCCCCCCCCCOC(=O)c1ccc(NC(=O)O*)cc1,2.61
*CCCCCCCCCCOC(=O)c1ccccc1-c1ccccc1C(=O)O*,1.68
*CCCCCCCCCNC(=O)c1cccc(C(=O)N*)c1,2.15
*CCCCCCCCCOC(=O)Nc1ccc(Cc2ccc(NC(=O)O*)cc2)cc1,2.26
*CCCCCCCCCSC(=O)S*,1.7
*CCCCCCCCNC(=O)CCc1ccc(CCC(=O)N*)cc1,2.16
*CCCCCCCCNC(=O)c1ccccc1C(=O)N*,1.62
*CCCCCCCCOC(=O)Nc1ccc(C)c(NC(=O)O*)c1,2.15
*CCCCCCCCOC(=O)Nc1ccc(Cc2ccc(NC(=O)O*)cc2)cc1,2.16
*CCCCCCCCOc1ccc(C(C)(C)c2ccc(O*)cc2)cc1,1.78
*CCCCCCCCOc1ccc(C(c2ccc(O*)cc2)(C(F)(F)F)C(F)(F)F)cc1,1.58
*CCCCCCCNC(=O)c1cccc(C(=O)N*)c1,2.13
*CCCCCCCOC(=O)Nc1ccc(Cc2ccc(NC(=O)O*)cc2)cc1,2.04
*CCCCCCN(C)C(=O)c1ccc(C(=O)N(*)C)cc1,1.79
*CCCCCCN(CC)C(=O)c1ccc(C(=O)N(*)CC)cc1,1.62
*CCCCCCNC(=O)c1ccc(C(C)(C)c2ccc(C(=O)N*)cc2)cc1,2.1
*CCCCCCNC(=O)c1ccc(C(C)(CC)c2ccc(C(=O)N*)cc2)cc1,2.06
*CCCCCCNC(=O)c1ccc(C(C)c2ccc(C(=O)N*)cc2)cc1,1.96
*CCCCCCNC(=O)c1ccc(Cc2ccc(C(=O)N*)cc2)cc1,2.06
*CCCCCCNC(=O)c1ccccc1C(=O)N*,1.62
*CCCCCCOC(=O)C/C(=C/C(=O)O*)c1ccc(OCC)cc1,1.77
*CCCCCCOC(=O)CCCS(=O)(=O)Cc1ccc(CS(=O)(=O)CCCC(=O)O*)cc1,1.35
*CCCCCCOC(=O)Cc1ccc(CC(=O)O*)cc1,1.65
*CCCCCCOC(=O)Nc1ccc(Cc2ccc(NC(=O)O*)cc2)cc1,2.35
*CCCCCCOC(=O)c1cccc(-c2cccc(C(=O)O*)c2)c1,1.47
*CCCCCCOC(=O)c1ccccc1-c1ccccc1C(=O)O*,1.4
*CCCCCCOc1ccc(C(C)(C)c2ccc(O*)cc2)cc1,2.06
*CCCCCCS(*)(=O)=O,1.72
*CCCCCNC(=O)c1cccc(C(=O)N*)c1,2.01
*CCCCCOC(=O)Cc1ccc(CC(=O)O*)cc1,1.58
*CCCCCOC(=O)c1ccc(C(C)(CC)c2ccc(C(=O)O*)cc2)cc1,1.56
*CCCCCOC(=O)c1cccc(-c2cccc(C(=O)O*)c2)c1,1.78
*CCCCCOC(=O)c1ccccc1-c1ccccc1C(=O)O*,1.44
*CCCCCOC(=O)c1ccccc1C(=O)O*,1.75
*CCCCN(C)C(=O)c1ccc(C(=O)N(*)C)cc1,1.6
*CCCCNC(=O)Cc1ccc(CNC(=O)CCCO*)cc1,1.94
*CCCCNC(=O)Nc1ccc(Cc2ccc(NC(=O)O*)cc2)cc1,2.07
*CCCCNC(=O)c1ccc(C(=O)N*)cc1,2.18
*CCCCNC(=O)c1ccc(C(C)(CC)c2ccc(C(=O)N*)cc2)cc1,2.04
*CCCCOC(=O)C/C(=C/C(=O)O*)c1ccc(OCC)cc1,1.45
*CCCCOC(=O)CCCCC(=O)OCCCCOC(=O)c1ccc(C(=O)O*)cc1,1.62
*CCCCOC(=O)CCCCCCC(=O)OCCCCOC(=O)c1ccc(C(=O)O*)cc1,1.56
*CCCCOC(=O)CCCCCCCCC(=O)OCCCCOC(=O)c1ccc(C(=O)O*)cc1,1.68
*CCCCOC(=O)CCCCCCCCCCC(=O)OCCCCOC(=O)c1ccc(C(=O)O*)cc1,1.84
*CCCCOC(=O)CCCCCNC(=O)c1ccc(C(=O)NCCCCCC(=O)O*)cc1,2.15
*CCCCOC(=O)Nc1ccc(Cc2ccc(NC(=O)O*)cc2)cc1,1.93
*CCCCOC(=O)SSSSC(=O)O*,1.06
*CCCCOC(=O)c1ccc(C(C)(C)c2ccc(C(=O)O*)cc2)cc1,1.56
*CCCCOC(=O)c1ccc(C(C)(CC)c2ccc(C(=O)O*)cc2)cc1,1.58
*CCCCOC(=S)c1cccc(C(=S)O*)c1,1.25
*CCCCc1ccc(*)cc1,2.51
*CCCN(C)C(=O)c1ccc(C(=O)N(*)C)cc1,1.52
*CCCN(CC)C(=O)c1ccc(C(=O)N(*)CC)cc1,1.62
*CCCN*,2.31
*CCCNC(=O)c1ccc(C(C)(CC)c2ccc(C(=O)N*)cc2)cc1,1.73
*CCCOC(=O)Cc1ccc(CC(=O)O*)cc1,1.41
*CCCOC(=O)c1ccc(-c2ccc(C(=O)O*)cc2)cc1,2.07
*CCCOC(=O)c1ccc(C(C)(CC)c2ccc(C(=O)O*)cc2)cc1,1.44
*CCCOC(=O)c1cccc(-c2cccc(C(=O)O*)c2)c1,1.75
*CCCOC(=O)c1ccccc1-c1ccccc1C(=O)O*,1.52
*CCN(*)C(=O)CCC(F)(F)C(F)(F)C(F)(F)C(F)(F)C(F)(F)C(F)(F)C(F)(F)C(F)(F)F,0.73
*CCN(*)C(=O)CCCCCCCCCCCC,2.38
*CCN(*)C(=O)CCCOc1ccc(SC)cc1,1.59
*CCN(*)C(=O)c1ccc(Cl)cc1,1.24
*CCN(*)C(=O)c1ccc(OC)cc1,1.41
*CCN(*)C(=O)c1ccc(OCC=C)cc1,1.52
*CCN(*)C(=O)c1ccsc1,1.4
*CCN(C)C(=O)c1ccc(C(=O)N(*)C)cc1,1.54
*CCN(CC)C(=O)c1ccc(C(=O)N(*)CC)cc1,1.62
*CCN(CCCC(=O)Nc1ccc(/N=N/c2ccccc2)cc1)CCOC(=O)NCCCCCCNC(=O)O*,2.06
*CCN(CCCC)C(=O)c1ccc(C(=O)N(*)CCCC)cc1,1.65
*CCN(CCOC(=O)NCCCCCCNC(=O)O*)CC(=O)Nc1ccc(/N=N/c2ccccc2)cc1,1.85
*CCN(CCOC(=O)NCCCCCCNC(=O)O*)CCC(=O)Nc1ccc(/N=N/c2ccccc2)cc1,2.16
*CCN(CCOC(=O)NCCCCCCNC(=O)O*)c1ccc(/N=N/c2ccc(Br)cc2)cc1,1.7
*CCN(CCOC(=O)NCCCCCCNC(=O)O*)c1ccc(/N=N/c2ccc(C(C)=O)cc2)cc1,2.13
*CCN(CCOC(=O)NCCCCCCNC(=O)O*)c1ccc(/N=N/c2ccc(C(C)C)cc2)cc1,2.04
*CCN(CCOC(=O)NCCCCCCNC(=O)O*)c1ccc(/N=N/c2ccc(C)cc2)cc1,2.11
*CCN(CCOC(=O)NCCCCCCNC(=O)O*)c1ccc(/N=N/c2ccc(C)cc2C)cc1,2.17
*CCN(CCOC(=O)NCCCCCCNC(=O)O*)c1ccc(/N=N/c2ccc(Cl)cc2)cc1,1.92
*CCN(CCOC(=O)NCCCCCCNC(=O)O*)c1ccc(/N=N/c2ccc(F)cc2)cc1,1.87
*CCN(CCOC(=O)NCCCCCCNC(=O)O*)c1ccc(/N=N/c2ccc(OC)cc2)cc1,1.97
*CCN(CCOC(=O)NCCCCCCNC(=O)O*)c1ccc(/N=N/c2ccccc2)cc1,2.03
*CCN*,2.26
*CCNC(=O)c1ccc(C(C)(CC)c2ccc(C(=O)N*)cc2)cc1,1.95
*CCOC(=O)CCCCCNC(=O)c1ccc(C(=O)NCCCCCC(=O)O*)cc1,1.85
*CCOC(=O)Cc1ccc(-c2ccc(CC(=O)O*)cc2)cc1,1.79
*CCOC(=O)Nc1ccc(-c2ccc(NC(=O)O*)c(C)c2)cc1C,3.43
*CCOC(=O)Nc1ccc(C(C)(C)c2ccc(NC(=O)O*)cc2)cc1,2.7
*CCOC(=O)Nc1ccc(Cc2ccc(NC(=O)O*)c(C)c2)cc1C,2.03
*CCOC(=O)c1ccc(C(C)(CC)c2ccc(C(=O)O*)cc2)cc1,1.74
*CCOC(=S)c1cccc(C(=S)O*)c1,1.48
*CCOCCOC(=O)c1ccccc1-c1ccccc1C(=O)O*,1.36
*CCOCCOCCOCCOCCOCc1cc(CO*)cc(OCCCCCCCCCCCCCCCC)c1,1.79
*CCOCCOCCOCCOCc1cc(CO*)cc(OCCCCCCCCCCCCCCCC)c1,2.06
*CCOCCOCCOCCOCc1cc(CO*)cc(OCCCCCCCCCCCCCCCCCC)c1,2.09
*CCS/C(=N\c1ccccc1)S*,1.49
*CCc1c(C)c(C)c(*)c(C)c1C,2.27
*CCc1cc(*)c(C)cc1C,1.55
*CCc1cc(Cl)c(*)cc1Cl,0.989
*CCc1ccc(*)c(Cl)c1Cl,1.24
*CCc1ccc(*)c(F)c1,1.64
*CCc1ccc(C(=O)O*)cc1,1.84
*CCc1ccc(CCNC(=O)CCCCCCCC(=O)N*)cc1,1.82
*CCc1ccc(CCNC(=O)CCCCCCCCCCC(=O)N*)cc1,2.12
*CCc1ccc(CCNC(=O)CCCCCCCCCCCC(=O)N*)cc1,2.26
*CCc1ccc(CCNC(=O)CCCCCCCCCCCCCC(=O)N*)cc1,2.64
*CCc1ccc(Cc2ccc(*)cc2)cc1,2.58
*CCc1ccc(Cc2ccc(CCS*)cc2)cc1,1.72
*COC(=O)NCCCCCCNC(=O)OCc1cccc(*)n1,1.81
*COc1ccc(C(C)(C)c2ccc(O*)cc2)cc1,1.77
*Cc1c(C)c(C)c(CNC(=O)CCCCC(=O)N*)c(C)c1C,1.5
*Cc1c(C)c(C)c(CSC(=O)C(=O)S*)c(C)c1C,1.39
*Cc1c(C)c(C)c(CSC(=O)CCC(=O)S*)c(C)c1C,1.48
*Cc1c(C)c(C)c(CSC(=O)CCCCCCC(=O)S*)c(C)c1C,1.41
*Cc1cc(*)c(N)c(C)c1N,1.57
*Cc1cc(C)c(*)cc1C,2.05
*Cc1cc(C)c(C(=O)O*)cc1C,1.75
*Cc1ccc(-c2ccc(C(=O)O*)cc2)cc1,2.49
*Cc1ccc(C(=O)N*)cc1,2.16
*Cc1ccc(CN(C)C(=O)CCCCC(=O)N(*)C)cc1,1.71
*Cc1ccc(CN(C)C(=O)CCCCCCC(=O)N(*)C)cc1,1.76
*Cc1ccc(CN(C)C(=O)CCCCCCCCC(=O)N(*)C)cc1,1.72
*Cc1ccc(CN(C)C(=O)CCCCCCCCCCC(=O)N(*)C)cc1,2.17
*Cc1ccc(CN(C)C(=O)CCCCCCCCCCCCC(=O)N(*)C)cc1,1.99
*Cc1ccc(CN(CC)C(=O)CCCCC(=O)N(*)CC)cc1,1.87
*Cc1ccc(CN(CC)C(=O)CCCCCCC(=O)N(*)CC)cc1,1.96
*Cc1ccc(CN(CC)C(=O)CCCCCCCCC(=O)N(*)CC)cc1,1.89
*Cc1ccc(CN(CC)C(=O)CCCCCCCCCCC(=O)N(*)CC)cc1,2.18
*Cc1ccc(CN(CC)C(=O)CCCCCCCCCCCCC(=O)N(*)CC)cc1,2.06
*Cc1ccc(CN(CC)C(=O)CCCCCCCCCCCCCCC(=O)N(*)CC)cc1,1.79
*Cc1ccc(CN/C(C)=N/*)cc1,1.86
*Cc1ccc(CNC(=O)CCCCC(=O)N*)cc1,2.01
*Cc1ccc(CNC(=O)CCCCCCCCCCCCC(=O)N*)cc1,2.05
*Cc1ccc(CNC(=O)CCCCCCCCCCCCCCC(=O)N*)cc1,2.48
*Cc1ccc(CNC(=O)CCCCCCCCCCCCCCCC(=O)N*)cc1,2.36
*Cc1ccc(COC(=O)CCCCCCC(=O)O*)cc1,1.76
*Cc1ccc(COC(=O)CCCCCCCCCCC(=O)O*)cc1,1.92
*Cc1ccc(COC(=O)CCCCCCCCCCCCCCCCCCC(=O)O*)cc1,2
*Cc1ccc(COC(=O)CCCCS(=O)(=O)CCCCC(=O)O*)cc1,1.57
*Cc1ccc(COC(=O)CCCCSCCCCC(=O)O*)cc1,1.61
*Cc1ccc(CSC(=O)NCCCCCCNC(=O)S*)cc1,1.84
*Cc1cccc(CN(C)C(=O)CCCCC(=O)N(*)C)c1,1.49
*Cc1cccc(CNC(=O)/C=C(\C)C(=O)N*)c1,1.62
*N=C1C=CC(=NC2=CC(=O)C(*)=CC2=O)C=C1,3
*Nc1cc(*)ccc1C,1.82
*Nc1cc(*)ccc1CC,1.91
*Nc1cc(*)ccc1CCCCCCCCCCCC,2.29
*Nc1cc(*)ccc1N,1.9
*Nc1cc(*)ccc1OCCCCCC,1.87
*Nc1cc(C)c(*)cc1C,4
*Nc1cc(C)c(*)cc1OC,2.44
*Nc1cc(OCC)c(*)cc1OCC,2.76
*Nc1cc(OCCCC)c(*)cc1OCCCC,2.79
*Nc1cc(OCCCCCC)c(*)cc1OCCCCCC,1.82
*Nc1ccc(*)cc1-c1ccccc1,2.75
*Nc1ccc(*)cc1C,3.54
*Nc1ccc(*)cc1C(C)C,2.3
*Nc1ccc(*)cc1C(C)CC,2.65
*Nc1ccc(*)cc1CCC,2.52
*Nc1ccc(*)cc1Cl,2.35
*Nc1ccc(*)cc1F,3.09
*Nc1ccc(*)cc1N,3.93
*Nc1ccc(*)cc1OCCCC,2.36
*Nc1ccc(*)cc1OCCCCCC,2.51
*Nc1ccc(*)cc1OCCCCCCCCCCCC,2.11
*Nc1ccc(-c2ccc(*)cc2)c(C)c1,5.25
*Nc1ccc(-c2ccc(*)cc2)c(OC)c1,4.22
*Nc1ccc(-c2ccc(*)cc2)cc1,5.18
*OC(*)CCC#N,1.19
*OC(=O)CCS(=O)(=O)Cc1ccc(CS(=O)(=O)CCC(*)=O)cc1,1.32
*OC(=O)CCSCc1ccc(CSCCC(*)=O)cc1,1.35
*OC(=O)CCSc1ccc(SCCC(*)=O)cc1,1.45
*OC(=O)CCc1ccc(CCC(*)=O)cc1,1.73
*OC(=O)CSCc1ccc(CSCC(*)=O)cc1,1.11
*OC(=O)c1ccc(C(C)(C)c2ccc(C(*)=O)cc2)cc1,1.9
*OC(=O)c1ccc(Cc2ccc(C(*)=O)cc2)cc1,1.99
*OC(C)CCOC(=O)c1cccc(-c2cccc(C(*)=O)c2)c1,1.53
*OC(C)CCOC(=O)c1ccccc1-c1ccccc1C(*)=O,1.49
*OC(C)COC(=O)/C=C(/CC(*)=O)c1cc(C)ccc1OC,1.48
*OC(C)COC(=O)/C=C(/CC(*)=O)c1ccc(OCC)cc1,1.39
*OC(C)COC(=O)c1ccc(-c2ccc(C(*)=O)cc2)cc1,2.22
*OC(C)COC(=O)c1cccc(-c2cccc(C(*)=O)c2)c1,1.58
*OC(C)COC(=O)c1ccccc1-c1ccccc1C(*)=O,1.39
*OC(c1ccc(Cl)cc1)C(C)(C)C(*)=O,0.93
*OC(c1ccc(OC)cc1)C(C)(C)C(*)=O,1.37
*OC1CCC(OC(=O)CCC(*)=O)CC1,1.32
*OS(=O)(=O)c1ccc(S(=O)(=O)c2ccc(S(=O)(=O)Oc3ccc(S(=O)(=O)c4ccc(*)cc4)cc3)cc2)cc1,1.37
*Oc1c(C(C)C)cc(C(*)=O)cc1C(C)C,2.06
*Oc1c(C)cc(*)cc1C(C)CCCCCCCCCCCC,2.04
*Oc1c(C)cc(C(C)(C)c2cc(C)c(OC(*)=O)c(Cl)c2)cc1Cl,1.11
*Oc1c(C)cc(C(C)(C)c2cc(C)c(OC(=O)CCCCC(*)=O)c(C)c2)cc1C,1.52
*Oc1c(C)cc(C(C)(C)c2cc(C)c(OC(=O)CCCCCC(*)=O)c(C)c2)cc1C,1.9
*Oc1c(C)cc(C(C)(C)c2cc(C)c(OC(=O)CCCCCCCCC(*)=O)c(C)c2)cc1C,1.69
*Oc1c(C)cc(CC(*)C=C)cc1C,1.58
*Oc1c(CC(C)C)cc(*)cc1-c1ccccc1,1.91
*Oc1c(CCC)cc(*)cc1-c1ccccc1,1.85
*Oc1c(CCCCC)cc(*)cc1-c1ccccc1,2.04
*Oc1c(CCCCCCC)cc(*)cc1-c1ccccc1,1.84
*Oc1c(CCCCCCCCC)cc(*)cc1-c1ccccc1,2.02
*Oc1c(Cl)cc(C(C)(C)c2cc(Cl)c(OC(=O)CCCCC(*)=O)c(Cl)c2)cc1Cl,1.2
*Oc1c(Cl)cc(C(c2cc(Cl)c(OC(*)=O)c(Cl)c2)C(Cl)(Cl)Cl)cc1Cl,0.915
*Oc1c([2H])c([2H])c(C(c2c([2H])c([2H])c(OC(*)=O)c([2H])c2[2H])(C([2H])([2H])[2H])C([2H])([2H])[2H])c([2H])c1[2H],1.6
*Oc1cc(C)c(*)cc1C,2.89
*Oc1cc(C)c(CC(*)C=C)cc1C,1.61
*Oc1cc(Cl)c(C(C)(C)c2c(Cl)cc(OC(*)=O)cc2Cl)c(Cl)c1,1.28
*Oc1ccc(*)cc1,3.23
*Oc1ccc(-c2ccc(C(*)=O)cc2)cc1,2.91
*Oc1ccc(-c2ccc(OC(=O)CCCCCC(*)=O)cc2)cc1,2.02
*Oc1ccc(-c2ccc(OC(=O)CCCCCCC(*)=O)cc2)cc1,2.91
*Oc1ccc(-c2ccc(OC(=O)CCCCCCCC(*)=O)cc2)cc1,2.85
*Oc1ccc(-c2ccc(OC(=O)CCCCCCCCC(*)=O)cc2)cc1,1.85
*Oc1ccc(-c2ccc(OC(=O)CCCCCCCCCC(*)=O)cc2)cc1,2.3
*Oc1ccc(-c2ccc(OC(=O)CCCCCCCCCCC(*)=O)cc2)cc1,1.74
*Oc1ccc(-c2ccc(OC(=O)CCCCCCCCCCCC(*)=O)cc2)cc1,3.13
*Oc1ccc(C(*)=O)cc1CCCCCC,3.27
*Oc1ccc(C(*)=O)cc1CCCCCCCCCC,2.34
*Oc1ccc(C(*)=O)cc1CCCCCCCCCCCC,2.73
*Oc1ccc(C(*)=O)cc1CCCCCCCCCCCCCC,2.72
*Oc1ccc(C(*)=O)cc1CCCCCCCCCCCCCCCC,2.8
*Oc1ccc(C(*)=O)cc1CCCCCCCCCCCCCCCCCC,2.47
*Oc1ccc(C(C)(C)c2cc(Cl)c(OC(*)=O)c(Cl)c2)cc1,1.33
*Oc1ccc(C(C)(C)c2ccc(OC(*)=O)c(C(C)C)c2)cc1C(C)C,1.79
*Oc1ccc(C(C)(C)c2ccc(OC(*)=O)c(C)c2)cc1C,1.67
*Oc1ccc(C(C)(C)c2ccc(OC(*)=O)c(Cl)c2)cc1,1.81
*Oc1ccc(C(C)(C)c2ccc(OC(*)=O)c(Cl)c2)cc1C,1.54
*Oc1ccc(C(C)(C)c2ccc(OC(*)=O)c(Cl)c2)cc1Cl,1.37
*Oc1ccc(C(C)(C)c2ccc(OC(*)=S)cc2)cc1,1.74
*Oc1ccc(C(C)(C)c2ccc(OC(=O)/C=C/C(*)=O)cc2)cc1,2.25
*Oc1ccc(C(C)(C)c2ccc(OC(=O)C(*)=O)cc2)cc1,1.87
*Oc1ccc(C(C)(C)c2ccc(OC(=O)CCC(*)=O)cc2)cc1,1.87
*Oc1ccc(C(C)(C)c2ccc(OC(=O)CCCCC(*)=O)cc2)cc1,1.84
*Oc1ccc(C(C)(C)c2ccc(OC(=O)CCCCCCCCC(*)=O)cc2)cc1,1.99
*Oc1ccc(C(C)(C)c2ccc(Oc3ccc(C(=O)c4ccccc4-c4ccccc4C(=O)c4ccc(*)cc4)cc3)cc2)cc1,1.92
*Oc1ccc(C(C)(CC(C)C)c2ccc(OC(*)=O)cc2)cc1,1.98
*Oc1ccc(C(C)(CC(C)C)c2ccc(OC(*)=S)cc2)cc1,1.73
*Oc1ccc(C(C)(CC)c2ccc(OC(*)=O)c(C)c2)cc1C,1.59
*Oc1ccc(C(C)(CC)c2ccc(OC(*)=O)c(Cl)c2)cc1Cl,1.48
*Oc1ccc(C(C)(CC)c2ccc(OC(*)=O)cc2)cc1,1.9
*Oc1ccc(C(C)(CC)c2ccc(OC(*)=S)cc2)cc1,1.58
*Oc1ccc(C(C)(CC)c2ccc(OC(=O)/C=C/C(*)=O)cc2)cc1,1.75
*Oc1ccc(C(C)(CCC#N)c2ccc(OC(*)=O)c(C)c2)cc1C,1.94
*Oc1ccc(C(C)(CCC#N)c2ccc(OC(*)=O)cc2)cc1,1.78
*Oc1ccc(C(C)(CCC)c2ccc(OC(*)=O)cc2)cc1,2.05
*Oc1ccc(C(C)(CCCC)c2ccc(OC(*)=O)cc2)cc1,2.16
*Oc1ccc(C(C)(CCCCCCC)c2ccc(OC(*)=O)cc2)cc1,1.93
*Oc1ccc(C(C)(c2ccc(*)cc2)C(F)(F)F)cc1,1.55
*Oc1ccc(C(C)(c2ccccc2)c2ccc(OC(*)=O)cc2)cc1,1.75
*Oc1ccc(C(C)c2ccc(OC(*)=O)c(C)c2)cc1C,2.47
*Oc1ccc(C(C)c2ccc(OC(*)=O)cc2)cc1,2.51
*Oc1ccc(C(C)c2ccc(OC(*)=S)cc2)cc1,2.12
*Oc1ccc(C(CC)(CC)c2ccc(OC(*)=S)cc2)cc1,1.81
*Oc1ccc(C(CC)c2ccc(OC(*)=O)cc2)cc1,2.02
*Oc1ccc(C(CC)c2ccc(OC(*)=S)cc2)cc1,2.51
*Oc1ccc(C(CCC)c2ccc(OC(*)=O)cc2)cc1,2.09
*Oc1ccc(C(CCC)c2ccc(OC(*)=S)cc2)cc1,1.9
*Oc1ccc(C(CCCC)(CCCC)c2ccc(OC(*)=O)cc2)cc1,1.98
*Oc1ccc(C(CCCCC)(CCCCC)c2ccc(OC(*)=O)cc2)cc1,2.22
*Oc1ccc(C(c2ccc(OC(*)=O)cc2)C(C)C)cc1,2.01
*Oc1ccc(C(c2ccc(OC(*)=S)cc2)C(C)C)cc1,1.95
*Oc1ccc(C(c2ccc(OC(*)=S)cc2)C(CC)CC)cc1,1.89
*Oc1ccc(C(c2ccc(Oc3ccc(C(=O)c4ccccc4-c4ccccc4C(=O)c4ccc(*)cc4)cc3)cc2)(C(F)(F)F)C(F)(F)F)cc1,1.54
*Oc1ccc(C2(c3ccc(OC(*)=O)c(Cl)c3)CC3CCC2C3)cc1Cl,1.24
*Oc1ccc(C2(c3ccc(OC(*)=O)cc3)CC(C)CC(C)(C)C2)cc1,2.12
*Oc1ccc(C2(c3ccc(OC(*)=O)cc3)CCCCC2)cc1,1.44
*Oc1ccc(C2(c3ccc(OC(=O)c4ccc(Oc5ccc(C6(c7ccc(Oc8ccc(C(*)=O)cc8)cc7)CCC(C(C)(C)C)CC6)cc5)cc4)cc3)CC3CC2C2CCCC32)cc1,1.92
*Oc1ccc(CNC(=O)CCCCC(=O)NCc2ccc(OC3COC4C(*)COC34)cc2)cc1,2.14
*Oc1ccc(Cc2ccc(*)cc2)cc1,2.08
*Oc1ccc(Cc2ccc(OC(*)=O)c(C)c2)cc1C,1.75
*Oc1ccc(Cc2ccc(OC(*)=O)cc2)cc1,2.13
*Oc1ccc(Cc2ccc(OC(*)=S)cc2)cc1,2.39
*Oc1ccc(Cc2ccc(OC(=O)CCCCC(*)=O)cc2)cc1,1.77
*Oc1ccc(NC(=O)NCCCCCCNC(*)=O)c(C)c1,2.39
*Oc1ccc(NC(=O)NCCCCCCNC(*)=O)cc1C,2.49
*Oc1ccc(OC(=O)c2ccc(C(*)=O)cc2Sc2ccc(C)cc2)cc1,3.03
*Oc1ccc(OC(=O)c2ccc(C(*)=O)cc2Sc2ccccc2)cc1C,2.74
*Oc1cccc(*)c1,1.67
*Oc1cccc(*)c1C#N,1.8
*Oc1ccccc1CNC(=O)NCCCCCCNC(*)=O,1.9
*c1c(*)c2ccccc2c2ccccc12,0.99
*c1c(F)c(F)c(*)c(F)c1F,6.81
*c1cc(-c2ccc(OCCCCCCCCCCS(=O)(=O)O)c(S(*)(=O)=O)c2)ccc1OCCCCCCCCCCS(=O)(=O)O,2.53
*c1cc(CCCCCC)c(*)cc1CCCCCC,2.48
*c1cc(O)c(O)cc1*,1.87
*c1cc(OCC)c(*)cc1OC,2.8
*c1cc(OCC)c(*)cc1OCC,3.01
*c1cc(OCCCCCC)c(*)cc1OC,3.52
*c1cc2cccccc-2c1*,1.96
*c1ccc(*)c(CCCCCC)c1,4.66
*c1ccc(*)c(N(C)C)c1,6.94
*c1ccc(*)c(OC)c1N,4.81
*c1ccc(*)c(OCCCCCCCCCC)c1,2.13
*c1ccc(*)c2ccccc12,6.6
*c1ccc(-c2cc(C(C)(C)C)c(Oc3ccc(N4C(=O)c5ccc(S(=O)(=O)c6ccc7c(c6)C(=O)N(*)C7=O)cc5C4=O)cc3)c(C(C)(C)C)c2)cc1,1.72
*c1ccc(-c2cc(C(C)(C)C)c(Oc3ccc(N4C(=O)c5ccc(S(=O)(=O)c6ccc7c(c6)C(=O)N(*)C7=O)cc5C4=O)cc3C(F)(F)F)c(C(C)(C)C)c2)cc1,1.6
*c1ccc(-c2ccc(*)c(C)c2)cc1C,5.39
*c1ccc(-c2ccc(*)c(Cl)c2)cc1Cl,5.64
*c1ccc(-c2ccc(-c3ccc(C(*)(c4c(F)c(F)c(F)c(F)c4F)C(F)(F)F)cc3)cc2)cc1,1.47
*c1ccc(-c2ccc(-c3ccc(C(*)(c4ccc(N(C)C)cc4)C(F)(F)F)cc3)cc2)cc1,2.52
*c1ccc(-c2ccc(-c3ccc(C(*)c4c(F)c(F)c(F)c(F)c4F)cc3)cc2)cc1,2.55
*c1ccc(-c2ccc(S(=O)(=O)NCCCCCCNS(*)(=O)=O)cc2)cc1,1.62
*c1ccc(C(C#N)(C#N)C(*)(C#N)C#N)cc1,1.49
*c1ccc(C2C(C(=O)OCC)C(*)C2C(=O)OCC)cc1,1.77
*c1ccc(Cc2ccc(N3C(=O)c4ccc(S(=O)(=O)c5ccc6c(c5)C(=O)N(*)C6=O)cc4C3=O)c(C(C)(C)C)c2)cc1C(C)(C)C,1.39
*c1ccc(N(*)C)cc1,2.93
*c1ccc(N(*)CC)cc1,2.45
*c1ccc(N(*)CCCCCCCC)cc1,2.87
*c1ccc(N(*)CCCCCCCCCC)cc1,2.67
*c1ccc(N(*)CCCCCCCCCCCC)cc1,2.59
*c1ccc(N2C(=O)c3ccc(C(c4ccc5c(c4)C(=O)N(c4ccc(N6C(=O)c7ccc(-c8ccc9c(c8)C(=O)N(*)C9=O)cc7C6=O)cc4)C5=O)(C(F)(F)F)C(F)(F)F)cc3C2=O)cc1,2.08
*c1ccc(NC(=O)CCCCCCCCC(=O)NS(*)(=O)=O)cc1,1.71
*c1ccc(Oc2ccc(N3C(=O)c4ccc(Oc5cc6ccccc6cc5Oc5ccc6c(c5)C(=O)N(*)C6=O)cc4C3=O)cc2)cc1,2.08
*c1ccc(Sc2ccc(Oc3ccc(Sc4ccc(N5C(=O)c6ccc(Oc7ccc(C(C)(C)c8ccc(Oc9ccc%10c(c9)C(=O)N(*)C%10=O)cc8)cc7)cc6C5=O)cc4)cc3)cc2)cc1,2.14
*c1ccc2c(c1)C(=O)N(C1CCC(N3C(=O)c4ccc(C(*)(C(F)(F)F)C(F)(F)F)cc4C3=O)CC1)C2=O,1.25
*c1ccc2ccc(*)cc2c1,2.27
*c1cccc(*)c1,3.03
*c1cccc(*)c1N,3.14
*c1cccc(-c2cc(CCCCCCCCCCCCCC)cc(*)c2O)c1O,2.47
*c1cccc(-c2cc(CCCCCCCCCCCCCCCC)cc(*)c2N)c1N,2.6
*c1cccc2c(*)cccc12,8.3