SMILES,VISC
*CCC(Cl)C(*)Cl,13.944246
*CC(*)C#N,10.829827
*CCS*,6.41667
*CCc1ccc(*)s1,7.234304
*c1cccc(*)c1,12.638765
*CC(*)(C)C#N,19.490297
*/C=C/*,16.58312
*Oc1cccc(*)c1,10.713916
*SC(*)(F)F,107.157089
*CCc1ccc(*)o1,11.740088
*/C=C/CC*,24.808563
*/C=C/CC*,15.314006
*CC(*)n1cncn1,6.353685
*/C=C/CCC*,26.958168
*CCC(*)=O,12.24202
*CC(*)n1ccnc1,6.858409
*CC(*)C(C)=O,12.071722
*CC(*)O[N+](=O)[O-],16.764388
*C*,19.753991
*CC(*)CC,16.854611
*CC(C)(C)O*,15.810841
*CC(*)OCC,41.492707
*CC(*)OC,21.109391
*CC(*)C,21.993749
*CO*,92.966616
*CCN*,25.752168
*C(F)(F)C(*)(F)OC(F)C(F)F,59.900387
*CC(*)(C)C,58.370652
*CC(*)O,13.334801
*c1ccc(C(Cl)(Cl)C(*)Cl)cc1,8.635864
*/C=C/c1ccc(*)cc1,4.747523
*/C(Cl)=C(/*)c1ccccc1,3.651553
*Sc1c(C)cc(*)cc1C,8.241478
*Oc1c(C)cc(*)cc1C,5.142699
*CC(*)C(=O)c1ccc(Br)cc1,20.027057
*C1CCC(*)C1,26.226556
*Nc1ccc(*)cc1C,60.60545
*CC(*)OC(=O)CC,46.926225
*c1ccc(C(F)(F)C(*)(F)F)cc1,27.984514
*CC(*)CCC,12.134523
*C1Cc2ccccc2C1*,11.23645
*/C=C(/*)c1ccccc1C(F)(F)F,14.435003
*CC(O*)c1ccccc1,21.463705
*CCC([2H])C(*)([2H])C,21.432849
*C(F)(F)C(*)(F)c1ccccc1,5.66126
*OC1CCCCC1*,22.261336
*CC(C)(C)CS(*)(=O)=O,15.848155
*CC(*)CCCC,46.663078
*CC(*)CC(C)C,12.153146
*CC(*)OC(C)C,53.04097
*CC(*)C(C)C,24.836403
*CCCC(*)(C)C,13.251797
*CC(*)N1CCCC1=O,8.907742
*CC(*)OC(=O)c1ccccc1,11.44111
*C1C2CCC(C2)C1*,11.712241
*CC/C=C(/*)c1ccccc1,10.636046
*CCCCCC(=O)O*,28.153448
*CC(*)n1cc2ccccc2n1,19.822395
*/C(CC)=C(/*)c1ccccc1,22.467158
*/C=C/C(*)(C)c1ccccc1,23.396699
*CC1(*)CCCCC1,46.435601
*C1CCCCC1S(*)(=O)=O,17.810638
*CC(*)C(=O)c1ccc(C)cc1,18.991407
*/C=C/CCCCCC*,20.653253
*CC/C=C(/*)C(C)(C)C,18.941255
*CC(COc1ccccc1)O*,7.83822
*CCCC(*)(C)C(=O)O,15.255295
*CC(*)CCCCC,26.920192
*CCC(C)CCC(=O)O*,32.429528
*CC(*)CC(C)(C)C,16.768636
*CC(*)CNc1ccc([N+](=O)[O-])cn1,6.196427
*CCC/C=C(/*)c1ccc(Cl)cc1,10.991915
*CCc1ccc(*)c2ccccc12,13.420729
*CCC/C=C(/*)c1ccccc1,14.316214
*/C=C/CC(C*)c1ccccc1,14.331289
*CC(*)OC(=O)/C=C/c1ccccc1,11.726629
*c1cc(/N=N/c2ccc(C#N)cc2)cc(*)c1O,28.050769
*CC(*)C(=O)c1ccc(CC)cc1,22.765488
*Oc1c(C)cc(*)cc1-c1ccccc1,7.610061
*CCCC1CC(=O)N(*)C(=O)C1,23.981706
*CC(*)CNc1ccc([N+](=O)[O-])cc1,10.398344
*CC(*)CC1CCCCC1,45.404783
*CC/C=C(/*)C(C)(C)C,16.706832
*CC(*)CNc1ccc([N+](=O)[O-])cc1[N+](=O)[O-],10.178577
*CC(*)OC(=O)C1(F)C(F)(F)C(F)(F)C(F)(F)C(F)(F)C1(F)F,17.245779
*CC(*)OC(=O)CC1CCCC1,16.963766
*Oc1c(Cl)cc(C(c2cc(Cl)c(OC(*)=O)c(Cl)c2)C(Cl)(Cl)Cl)cc1Cl,8.77669
*c1ccc(Cc2ccc(S(*)(=O)=O)cc2)cc1,7.821518
*/C=C(/*)c1c(F)c(F)c(CCCC)c(F)c1F,10.795997
*Oc1ccc(Cc2ccc(OC(*)=S)cc2)cc1,14.295264
*CC(*)n1c2ccccc2c2ccccc21,8.707312
*OC(=O)c1ccc(Cc2ccc(C(*)=O)cc2)cc1,9.870223
*Oc1ccc(C(C)(C)c2ccc(OC(*)=O)c(Cl)c2)cc1Cl,12.922235
*CC(*)CNc1ccc([N+](=O)[O-])cc1C,13.812
*Oc1ccc(C(C)c2ccc(OC(*)=S)cc2)cc1,17.222464
*Oc1ccc(C(C)(C)c2cc(Cl)c(OC(*)=O)c(Cl)c2)cc1,15.538839
*CCC/C=C(/*)c1ccc(OC)cc1,29.931471
*Oc1cc(Cl)c(C(C)(C)c2c(Cl)cc(OC(*)=O)cc2Cl)c(Cl)c1,8.26753
*CC(*)C(=O)c1ccc(C(C)(C)C)cc1,7.545825
*CC(*)OC(=O)c1ccc(OC(=O)CCC)cc1,17.534842
*CC(C)(C)C1C(=O)N(C)C(=O)C1*,17.443606
*Oc1ccc(C(C)(C)c2ccc(OC(*)=S)cc2)cc1,14.140966
*Oc1ccc(C(C)(C)c2ccc(OC(*)=O)c(Cl)c2)cc1,10.96655
*C1C(=O)N(C2CCCCC2)C(=O)C1*,14.362969
*CC1CCC(COC(=O)O*)CC1,24.846015
*C1C(=O)N(c2ccccc2C(=O)OC)C(=O)C1*,5.304305
*/C=C/c1cc(OCCCC)c(*)cc1OC,25.504034
*Oc1ccc(C(C)(C)c2ccc(OC(*)=O)cc2)cc1,10.187043
*CCCCCCCC(*)C,29.953139
*CC(*)CCCCCCC,25.428657
*Oc1ccc(C(CC)c2ccc(OC(*)=O)cc2)cc1,11.408813
*Cc1cccc(CNC(=O)/C=C(\C)C(=O)N*)c1,18.854004
*Oc1ccc(C(CC)c2ccc(OC(*)=S)cc2)cc1,10.377455
*/C=C(/*)c1c(C)cc(C(C)(C)C)cc1C,8.202635
*CC(*)CNc1ccc([N+](=O)[O-])c(C(F)(F)F)c1,13.773679
*/C(CCCCCC)=C(/*)c1ccccc1,4.875884
*CCCOC(=O)C1CCC(C(=O)O*)CC1,25.393838
*c1cc(/N=N/c2ccc(OC)cc2)cc(*)c1O,24.849831
*Oc1ccc(Cc2ccc(OC(*)=O)cc2)cc1,10.016454
*CCC1CC(*)C2C3CCC(C3)C12,26.760314
*C1CC2CC1C(*)C2CCCC,16.084821
*Oc1ccc(Cc2ccc(OC(*)=O)c(C)c2)cc1C,7.156904
*Oc1ccc(C(C)c2ccc(OC(*)=O)cc2)cc1,12.604745
*CCCCNC(=O)CCCCC(=O)N*,11.336127
*CC(*)CCCCCCCC,35.939426
*Oc1cc(CCC)cc(OC(=O)c2cccc(C(*)=O)c2)c1,13.974097
*COc1ccc(C(C)(C)c2ccc(O*)cc2)cc1,23.638259
*/C=C/CCCCCCCCCC*,40.486552
*CC(O)CN(*)c1ccc(/N=N/c2ccc(Cl)cc2)cc1,6.669591
*OC(=O)c1ccc(C(C)(C)c2ccc(C(*)=O)cc2)cc1,11.694077
*C1CC2CC1C(*)C2CCCCCC,7.043923
*/C=C/c1cc(OCCc2ccccc2)c(*)cc1OC,8.597696
*CCCCCCCCCCC(Cl)C(*)Cl,16.892248
*Oc1ccc(C(CCC)c2ccc(OC(*)=S)cc2)cc1,10.09244
*Oc1ccc(C(C)(CC)c2ccc(OC(*)=O)c(Cl)c2)cc1Cl,15.610999
*Oc1ccc(C(CCC)c2ccc(OC(*)=O)cc2)cc1,10.032268
*Oc1ccc(C(C)(CC)c2ccc(OC(*)=S)cc2)cc1,21.753084
*Oc1ccc(C(CC)(CC)c2ccc(OC(*)=S)cc2)cc1,11.832113
*Oc1ccc(C(c2ccc(OC(*)=O)cc2)C(C)C)cc1,9.678755
*Oc1ccc(C(C)(CCC#N)c2ccc(OC(*)=O)cc2)cc1,14.129741
*Oc1c(C)cc(C(C)(C)c2cc(C)c(OC(*)=O)c(Cl)c2)cc1Cl,30.069077
*Oc1ccc(C(C)(C)c2ccc(OC(*)=O)c(Cl)c2)cc1C,23.020399
*c1ccc(-c2ccc(C3(*)CCCCC3)cc2)cc1,8.938329
*Oc1ccc(C(C)(CC)c2ccc(OC(*)=O)cc2)cc1,11.408131
*Oc1ccc(C2(c3ccc(OC(*)=O)cc3)CCCC2)cc1,8.576813
*/C=C/c1cc(OCCCCCC)c(*)cc1OC,14.873286
*Oc1c(Cl)cc(C2(c3cc(Cl)c(OC(*)=O)c(Cl)c3)CCCCC2)cc1Cl,15.726546
*CC(*)OCCOc1ccc(/N=N/c2ccc(C#N)cc2)cc1,11.062607
*CC(*)OCCOc1ccc(/C=C(\C#N)C(=O)OC)cc1,20.10274
*CCCCOC(=O)c1ccc(-c2ccc(C(=O)O*)cc2)cc1,14.32454
*CC(*)CCCCCCCCCC,18.099523
*Oc1ccc(C(C)(C)c2ccc(OC(*)=O)c(C)c2)cc1C,18.815615
*Oc1ccc(C(C)(CCC)c2ccc(OC(*)=O)cc2)cc1,12.321925
*Oc1ccc(OC(=O)c2ccc(C(*)=O)cc2Sc2ccc(C)cc2)cc1,10.854297
*Oc1ccc(C2(c3ccc(OC(*)=O)c(Cl)c3)CCCCC2)cc1Cl,15.617216
*CCCCCC(*)CCCCCC,30.441917
*CCCCCCCCCCCC(=O)N*,10.250816
*Oc1ccc(C(C)(c2ccccc2)c2ccc(OC(*)=O)cc2)cc1,8.755096
*Oc1ccc(OC(=O)c2ccc(C(*)=O)cc2Sc2ccccc2)cc1C,17.187391
*CCCCCCCCCCN/C(C)=N/*,3.959742
*Oc1ccc(OC(=O)CCCCCCCCC(*)=O)cc1,7.016287
*CC1CCC(COC(=O)c2cccc(C(=O)O*)c2)CC1,9.284829
*c1ccc(N2C(=O)c3ccc(-c4cccc5c4C(=O)N(*)C5=O)cc3C2=O)cc1,9.128925
*CCCCOC(=O)CCCCCCCC(=O)O*,26.385777
*CC(C)(C)C1C(=O)N(C2CCCCC2)C(=O)C1*,16.163686
*Oc1ccc(C2(c3ccc(OC(*)=O)cc3)CCCCC2)cc1,14.134235
*Oc1ccc(C(c2ccc(OC(*)=S)cc2)C(C)C)cc1,23.530132
*CC/C=C(/*)CCCCCCCCCC,35.756713
*CC(O)CN(*)c1cc(C)c(/N=N/c2ccc(Cl)cc2)c(C)c1,8.921964
*Oc1ccc(Cc2ccc(OC(=O)CCCCC(*)=O)cc2)cc1,7.851806
*CC(O)COc1c(Cl)cc(C(C)(C)c2cc(Cl)c(O*)c(Cl)c2)cc1Cl,18.715944
*CC(O)COc1ccc(C(C)(C)c2ccc(O*)c(Cl)c2)cc1Cl,22.225941
*c1ccc(-c2ccc(C3(*)c4ccccc4-c4ccccc43)cc2)cc1,16.010289
*Oc1ccc(C2(c3ccc(OC(*)=O)c(Cl)c3)CC3CCC2C3)cc1Cl,20.879412
*CC(O)CN(*)c1cc(C)c(/N=N/c2ccc(C#N)cc2)c(C)c1,7.397036
*CC(*)CCCCCCCCCCCC,15.738018
*CC1CCC(CNC(=O)CCCCC(=O)N*)CC1,6.736222
*C1C(=O)N(CCCOc2ccc(-c3ccc(C#N)cc3)cc2)C(=O)C1*,9.543125
*Oc1ccc(C(c2ccc(OC(*)=S)cc2)C(CC)CC)cc1,16.557976
*Oc1ccc(C(C)(CC(C)C)c2ccc(OC(*)=S)cc2)cc1,25.863355
*Oc1ccc(C(C)(CCC#N)c2ccc(OC(*)=O)c(C)c2)cc1C,16.098204
*Oc1ccc(C(C)(CC)c2ccc(OC(*)=O)c(C)c2)cc1C,15.273376
*/C=C/c1cc(OCCCCCCCC)c(*)cc1OC,10.913993
*CCCCCC(*)CCCCCCCC,25.947554
*/C=C/c1cc(OCC(CC)CCCC)c(*)cc1OC,21.62346
*Oc1c(Cl)cc(C(C)(C)c2cc(Cl)c(OC(=O)CCCCC(*)=O)c(Cl)c2)cc1Cl,10.486644
*c1ccc(-c2nnc(-c3cccc(-c4nnc(*)n4-c4ccccc4)c3)n2-c2ccccc2)cc1,8.533498
*c1nc(-c2ccccc2)nc(N(c2ccccc2)c2ncnc(N(*)c3ccccc3)n2)n1,4.553128
*CC(COc1c(Cl)cc(C(C)(C)c2cc(Cl)c(O*)c(Cl)c2)cc1Cl)OC(C)=O,21.246727
*Oc1ccc(C2(c3ccc(OC(*)=O)cc3)c3ccccc3-c3ccccc32)cc1,7.763676
*Oc1ccc(C(C)(C)c2ccc(OC(=O)SCCCSC(*)=O)cc2)cc1,9.138672
*Oc1ccc(C(C)(C)c2ccc(OC(*)=O)c(CC)c2)cc1CC,68.749834
*OS(=O)(=O)c1cccc(S(=O)(=O)Oc2ccc(C(C)(C)c3ccc(*)cc3)cc2)c1,17.089155
*Oc1cccc(OC(=O)c2ccc(C(C)(C)c3ccc(C(*)=O)cc3)cc2)c1,10.292699
*c1nc(C)nc(N(CCCCCCN(*)c2ccccc2)c2ccccc2)n1,14.331434
*Oc1ccc(C(CCC)(CCC)c2ccc(OC(*)=O)cc2)cc1,13.879097
*Oc1ccc(C2(c3ccc(OC(*)=O)cc3)CC(C)CC(C)(C)C2)cc1,11.457889
*CCCCOC(=O)Nc1ccc(Cc2ccc(NC(=O)O*)cc2)cc1,9.157284
*Nc1ccc(*)cc1OCCCCCCCCCCCC,10.792411
*CCCCCCOc1ccc(C(C)(C)c2ccc(O*)cc2)cc1,34.065076
*Oc1ccc(C(C)(C)c2ccc(OC(*)=O)c(C(C)C)c2)cc1C(C)C,14.454952
*/C=C/c1cc(OCCC(C)CCCC(C)C)c(*)cc1OC,13.083312
*CCCCCCCCCCCCCCC(=O)O*,12.392818
*Oc1ccc(C(CCCC)(CCCC)c2ccc(OC(*)=O)cc2)cc1,15.560035
*CCOC(=O)c1ccc(C(C)(CC)c2ccc(C(=O)O*)cc2)cc1,14.978388
*Oc1ccc(C2(c3ccc(OC(*)=O)c(C)c3)CC3CCC2C3)cc1C,18.612314
*/C=C/c1cc(OCC2CC3CC2C2CCCC32)c(*)cc1OC,9.563963
*CCCCOC(=O)c1ccc(C(C)(C)c2ccc(C(=O)O*)cc2)cc1,38.019316
*CC(COc1ccc(C(C)(C)c2ccc(O*)cc2)cc1)OC(=O)CCl,15.215304
*CC(COc1ccc(C(C)(C)c2ccc(O*)cc2)cc1)OC(C)=O,24.484341
*/C=C/c1cc(OCC(CC)CCCC)c(*)cc1-c1ccc(F)c(C(F)(F)F)c1,16.829634
*CC(COc1ccc(C(C)(C)c2ccc(O*)cc2)cc1)OC(=O)CC,24.819915
*Oc1ccc(C(CCC)(CCC)c2ccc(OC(*)=O)c(C)c2)cc1C,41.39764
*CC(O)COc1c(C)cc(C(C)(C)c2cc(C)c(O*)c(C)c2)cc1C,20.547287
*Oc1ccc(C2(c3ccc(OC(*)=O)cc3)CC3CC2C2CCCC32)cc1,9.812987
*CCCCCCOC(=O)Nc1ccc(Cc2ccc(NC(=O)O*)cc2)cc1,11.16558
*/C=C/C(C)C(*)C(=O)OCCN(C)c1ccc(N(C)C)cc1,18.211895
*CCCCCCCCCCCCCCC(=O)N*,14.618587
*CC(O)COc1ccc(C(C)(CC)c2ccc(O*)cc2)cc1,25.653408
*CCCCCCCCCCC(=O)NCCCCCC(=O)N*,10.815463
*Oc1ccc(C(C)(C)c2ccc(OC(=O)CCCCC(*)=O)cc2)cc1,12.585507
*/C=C/C(C)C(*)C(=O)OCCCN(C)c1ccc(N(C)C)cc1,22.263322
*CCCCNC(=O)c1ccc(C(C)(CC)c2ccc(C(=O)N*)cc2)cc1,7.78367
*c1ccc2c(c1)C(=O)N(C1CCC(N3C(=O)c4ccc(C(*)(C(F)(F)F)C(F)(F)F)cc4C3=O)CC1)C2=O,11.906287
*CCCCCCCCOC(=O)Nc1ccc(C)c(NC(=O)O*)c1,13.483383
*CC(*)CCCCCCCCCCCCCC,19.997817
*CCCCCC(*)CCCCCCCCCC,57.250907
*Oc1ccc(C2(c3ccc(OC(*)=O)c(C)c3)CCCCC2)cc1C,24.663589
*CCCCCCCCCCOC(=O)CCCCCCC(=O)O*,14.936388
*/C=C/c1ccc(*)c(-c2ccc(OCC(CC)CCCC)c3ccccc23)c1,8.04211
*Oc1ccc(C(c2ccc(OC(*)=O)cc2)C2C3CCC(C3)C2c2ccccc2)cc1,9.635027
*OS(=O)(=O)c1cccc(S(=O)(=O)Oc2ccc(C3(c4ccc(*)cc4)CCCCC3)cc2)c1,34.095471
*CCCCCCCCOc1ccc(C(c2ccc(O*)cc2)(C(F)(F)F)C(F)(F)F)cc1,16.408036
*CCCCCCCOC(=O)Nc1ccc(Cc2ccc(NC(=O)O*)cc2)cc1,9.228682
*CCCCCCCCOc1ccc(C(C)(C)c2ccc(O*)cc2)cc1,22.166763
*/C=C/c1ccc(*)c(-c2c(OCC(CC)CCCC)ccc3ccccc23)c1,11.700864
*CCCCCCNC(=O)c1ccc(C(C)(CC)c2ccc(C(=O)N*)cc2)cc1,6.954528
*/C=C/c1ccc(*)c(-c2c(OCC(CC)CCCC)ccc3cc(-c4ccccc4)ccc23)c1,9.424721
*/C=C/c1cc(OCCCCCCCCCCCC)c(*)cc1OC,18.81836
*Oc1ccc(C(C)(C)c2ccc(OC(=O)CCCCCCCCC(*)=O)cc2)cc1,13.700433
*CCCCOC(=O)CCCCC(=O)OCCCCOC(=O)c1ccc(C(=O)O*)cc1,15.799992
*Oc1c(C)cc(C(C)(C)c2cc(C)c(OC(=O)CCCCC(*)=O)c(C)c2)cc1C,14.974821
*Oc1c(C)cc(*)cc1C(C)CCCCCCCCCCCC,13.858966
*c1ccc(-c2ccc3c(c2)C(CCCCCCBr)(CCCCCCBr)c2cc(*)ccc2-3)cc1,96.65821
*CCCCCCCCOC(=O)Nc1ccc(Cc2ccc(NC(=O)O*)cc2)cc1,6.72659
*/C=C/c1ccc(*)c(-c2cc(OCCC(C)C)c(OCCC(C)C)cc2-c2ccccc2)c1,9.960976
*c1ccc(-c2ccc3c(c2)C(CCCCCCC#N)(CCCCCCC#N)c2cc(*)ccc2-3)cc1,11.94881
*c1ccc2c(c1)C(=O)N(c1ccc(C(c3ccc(N4C(=O)c5ccc(C(*)(C(F)(F)F)C(F)(F)F)cc5C4=O)cc3)(C(F)(F)F)C(F)(F)F)cc1)C2=O,12.630413
*Oc1ccc(C(C)(c2ccccc2)c2ccc(OC(=O)OC3C(C)(C)C(OC(*)=O)C3(C)C)cc2)cc1,10.141664
*CCCCCCCCCCNC(=O)c1ccc(Cc2ccc(C(=O)N*)cc2)cc1,5.794349
*c1ccc2c(c1)C(=O)N(c1cccc(C(c3cccc(N4C(=O)c5ccc(C(*)(C(F)(F)F)C(F)(F)F)cc5C4=O)c3)(C(F)(F)F)C(F)(F)F)c1)C2=O,12.124669
*Oc1c(C)cc(C(C)(C)c2cc(C)c(OC(=O)CCCCCC(*)=O)c(C)c2)cc1C,13.922859
*Nc1ccc(*)cc1OCCCCCCCCCCCCCCCC,8.530388
*/C=C/C(C)C(*)C(=O)OCCCCCCN(C)c1ccc(N(C)C)cc1,10.505678
*c1ccc(-c2ccc3c(c2)C(CCCCCC)(CCCCCC)c2cc(*)ccc2-3)cc1,43.45048
*CC(CCCCCCOc1ccc(/N=N/c2ccc(C)cc2)cc1)COC(=O)CCCCC(=O)O*,11.108733
*CCCCCCCCCOC(=O)Nc1ccc(Cc2ccc(NC(=O)O*)cc2)cc1,10.850564
*Oc1c(C)cc(C(C)(C)c2cc(C)c(OC(=O)CCCCCCCCC(*)=O)c(C)c2)cc1C,34.713719
*CC1CC(*)C(OC(=O)CCCCCCCCCCOc2ccc(-c3ccc(C#N)cc3)cc2)C1,15.075935
*CC(CCCCCCOc1ccc(/N=N/c2ccc(C(F)(F)F)cc2)cc1)COC(=O)CCCCC(=O)O*,12.87008
*Oc1ccc(C(C)(CC)c2ccc(OC(=O)OC3C(C)(C)C(OC(*)=O)C3(C)C)cc2)cc1,12.891309
*CCCCCCCCCCOC(=O)CCCCCCCCC(=O)O*,17.924355
*CCN(*)C(=O)CCCCCCCCCCCCCCCCC,14.028826
*CCCCCCCCCCCNC(=O)CCCCCCCCC(=O)N*,14.613386
*CCCCCCCCCCNC(=O)CCCCCCCCC(=O)N*,5.842334
*Oc1ccc(C2(c3ccc(OC(=O)OC4C(C)(C)C(OC(*)=O)C4(C)C)cc3)CC3CCC2C3)cc1,12.58887
*CC(CCCCCCOc1ccc(/N=N/c2ccc(Cl)cc2)cc1)COC(=O)CCCCC(=O)O*,17.635235
*CCCCCCCCCCCCCCCCOC(=O)CCCCCCC(=O)O*,17.67548
*CCCCCCNC(=O)CCCCCCCCCCCCCCC(=O)N*,10.711595
*CCCCCCCCCCCCOC(=O)Nc1ccc(Cc2ccc(NC(=O)O*)cc2)cc1,12.556455
*CCCCCCCCCCCCCCCCCCCCOC(=O)CC(=O)O*,29.509248
*CC(CCCCCCOc1ccc(/N=N/c2ccc(OC)cc2)cc1)COC(=O)CCCCC(=O)O*,12.480425
*CCCCCCCCCCCCNC(=O)NCCCCCCNC(=O)N*,12.413058
*Cc1ccc(CNC(=O)CCCCCCCCCCCCCCCCC(=O)N*)cc1,5.290189
*Oc1ccc(C(c2ccccc2)(c2ccccc2)c2ccc(OC(=O)OC3C(C)(C)C(OC(*)=O)C3(C)C)cc2)cc1,13.705261
*CCCCCCCCCCOC(=O)Nc1ccc(Cc2ccc(NC(=O)O*)cc2)cc1,11.007238
*CCCCCCCCCCCCCCNC(=O)NCCCCCCNC(=O)N*,12.611018
*CCC1CC(OC(=O)CCCCCCCCCCOc2ccc(-c3ccc(C#N)cc3)cc2)CC1*,22.459703
*CCCCCCNC(=O)CCCCCCCCCCCCCCCCC(=O)N*,10.256861
*CCCCCCCCNC(=O)CCCCCCCCCCCCCCC(=O)N*,7.097787
*CCc1ccc(CCNC(=O)CCCCCCCCCCCCCCCCC(=O)N*)cc1,6.165046
*Oc1ccc(C2(c3ccc(OC(=O)OC4C(C)(C)C(OC(*)=O)C4(C)C)cc3)CCC(C(C)(C)C)CC2)cc1,17.215222
*CCCCCNC(=O)CCCCCCCCCCCCCCCCCCC(=O)N*,9.073884
*/C=C/c1cc(OCC(CC)CCCC)c(*)cc1-c1ccc(N(c2ccc(OC)cc2)c2ccc(OC)cc2)cc1,10.950963
*CCCCCCCCCCCCNC(=O)CCCCCCCCCCCCC(=O)N*,8.036266
*CCCCCCCCNC(=O)CCCCCCCCCCCCCCCCC(=O)N*,8.366022
*CCCCCCCCCCNC(=O)CCCCCCCCCCCCCCC(=O)N*,8.897993
*CCCCCCCCCCCCCNC(=O)CCCCCCCCCCCC(=O)N*,8.184562
*CCCCCCCCCCCCCCCCOC(=O)Nc1ccc(Cc2ccc(NC(=O)O*)cc2)cc1,10.624707
*c1ccc2c(c1)C(CCCCCC)(CCCCCC)c1cc(-c3cc(OCc4ccccc4)c(*)cc3OCc3ccccc3)ccc1-2,21.861947
*CCCCCCCCCCc1ccc(-c2c(-c3ccccc3)cc(-c3cccc(-c4cc(-c5ccccc5)c(-c5ccc(*)cc5)c(-c5ccccc5)c4-c4ccccc4)c3)c(-c3ccccc3)c2-c2ccccc2)cc1,10.118233
*/C=C/c1ccc(*)c(OCc2cc(OCCC(C)CCCC(C)C)cc(OCC(CC)CCCC)c2)c1,2.991987
*CCCCCCCNC(=O)CCCCCCCCCCCCCCCCCCC(=O)N*,7.501136
*c1ccc(-c2sc(-c3cc(CCCCCCCCCCCC)c(*)s3)cc2CCCCCCCCCCCC)cc1,11.544239
*CC(CCCCCCOc1ccc(/N=N/c2ccc(C#N)cc2)cc1)COC(=O)CCCCCCCCCCCCC(=O)O*,17.108533
*CCCCCCCCCCCCCCc1ccc(-c2c(-c3ccccc3)cc(-c3ccc(-c4cc(-c5ccccc5)c(-c5ccc(*)cc5)c(-c5ccccc5)c4-c4ccccc4)cc3)c(-c3ccccc3)c2-c2ccccc2)cc1,6.13964
*CCCCCCCCCCCCCCCCCCNC(=O)NCc1ccc(CNC(=O)N*)cc1,12.087709
*c1ccc(N2C(=O)c3ccc(C(c4ccc5c(c4)C(=O)N(c4ccc(N6C(=O)c7ccc(-c8ccc9c(c8)C(=O)N(*)C9=O)cc7C6=O)cc4)C5=O)(C(F)(F)F)C(F)(F)F)cc3C2=O)cc1,13.61173
*c1ccc(-c2cc(-c3ccc(OCCCCCC)cc3)cc(-c3ccc(-c4ccc5c(c4)C(CCCCCC)(CCCCCC)c4cc(*)ccc4-5)cc3)c2-c2ccc(OCCCCCC)cc2)cc1,12.242167
*CCCCCCCCCCOC(=O)CCCCCCCCCCCCCCCCC(=O)O*,18.18749
*CCCCCCCCCCCNC(=O)CCCCCCCCCCCCCCCCCCC(=O)N*,11.003947
*Oc1ccc(-c2ccc(-c3cc(-c4ccccc4)c(-c4ccc(-c5ccc(OC(=O)c6ccc(C(*)=O)cc6-c6ccccc6)cc5)cc4)c(-c4ccccc4)c3-c3ccccc3)cc2)cc1,8.515683
*CCCCCCCCCCCCCCNC(=O)CCCCCCCCCCCCCCCCC(=O)N*,7.628022
*CCC1CC2C(CC(*)C2OC(=O)CCCCCCCCCCOc2ccc(-c3ccc(C#N)cc3)cc2)C1OC(=O)CCCCCCCCCCOc1ccc(-c2ccc(C#N)cc2)cc1,20.995148
*c1ccc2c(c1)C(CCCCCC)(CCCCCC)c1cc(-c3cc(CCCCCCCC)c(*)cc3CCCCCCCC)ccc1-2,21.103747
*c1ccc2c(c1)C(CCCCCC)(CCCCCC)c1cc(-c3cc(OCCCCCCCC)c(*)cc3OCCCCCCCC)ccc1-2,18.267419
*c1ccc2c(c1)C(=O)N(c1cc(OCCN(CC)c3ccc(/N=N/c4ccc([N+](=O)[O-])cc4)cc3)cc(N3C(=O)c4ccc(C(*)(C(F)(F)F)C(F)(F)F)cc4C3=O)c1)C2=O,12.001991
*c1ccc2c(c1)C(CCCCCC)(CCCCCC)c1cc(-c3cc(CCCCCC)c(*)cc3CCCCCC)ccc1-2,9.863772
*CC(CCCCCCCCCCCCCCCC)C1C(=O)N(CCCCCCCCCCCC)C(=O)C1*,9.184567
*CCCCCCCCCCCCCCCCCCNC(=O)CCc1ccc(CCC(=O)N*)cc1,8.313944
*CCCCCCCCCCCCNC(=O)CCCCCCCCCCCCCCCCCCC(=O)N*,1.292212
*/C=C/CCCCCCCCCC(CCCCCCCCC*)COCCOCCOCCOCCOCCCCCC,58.984759
*CCCCOC(=O)CCCCCCCCCCCCCCCCCCCCCCCCCCCCCCCCCCC(=O)O*,21.101631
*/C=C/c1cc(OCCCCCCCCCCCCCCCC)c(/C=C/c2ccc(*)cc2)cc1OCCCCCCCCCCCCCCCC,11.921577
*CC(CCCCCCCCCCCCCCCC)C(CCCCCCCCCCCCCCCC)COC(=O)c1ccc(C(=O)O*)cc1,24.196386
*CCCCCCCCNC(=O)CCCCCCCCCCCCCCCCCCCCC(=O)N*,9.565453
*CC1CC(*)C(OC(=O)CCCCCCCCCCOc2ccc(-c3ccc(C#N)cc3)cc2)C1OC(=O)CCCCCCCCCCOc1ccc(-c2ccc(C#N)cc2)cc1,14.374909
*CC(*)OC(C)=O,18.864874
*CC(*)OC(=O)c1ccc(C(C)(C)C)cc1,7.467346
*CC(*)OC(=O)c1ccc(CC)cc1,11.969841
*CC(*)OC(=O)C(F)(F)F,17.857373
*C(F)C(*)(F)OC(F)(F)F,22.864414
*CC(*)OC(=O)c1ccc(C(C)C)cc1,3.64707
*/C=C/C(C)C(*)C(=O)OC,26.766551
*CC(*)OC=O,28.145872
*CC(*)OCCCCC,16.053907
*CC(*)OCCCC,17.941742
*CC(*)C(=O)c1ccc(Cl)cc1,11.289039
*CC(*)OC(C)CC,35.491572
*/C=C/C(C*)OC,9.403106
*CC(*)(C)OC,8.002709
*C(OC(F)(F)F)C(*)(F)F,24.397002
*CC(*)(F)C(C)=O,14.830213
*CC(*)OCCCCCC,29.378307
*CC(*)C(=O)c1ccccc1,9.672681
*CC(*)OCC(C)C,35.533815
*CC(*)OC(=O)c1ccccc1Cl,10.955865
*CC(*)OC(=O)c1ccccc1OC(C)=O,26.029436
*CC(*)OC(=O)c1ccc(OC(C)=O)cc1,6.802994
*CC(*)OCC(C)(C)CC,36.088433
*CC(*)C(=O)c1ccc(OC)cc1,25.925329
*CC(*)OC(=O)CCCC(=O)c1ccccc1,15.434507
*CC(*)OC(=O)c1ccc(Br)cc1,20.199006
*C(F)(F)C(*)(F)OC(F)(F)C(F)(F)C(F)(F)C(F)(F)F,37.39922
*CC(*)OC(=O)c1cccc(Cl)c1,7.333838
*CC(*)OC(=O)c1ccc(Cl)cc1,11.647052
*CC(*)OC(=O)C1CCCCC1,18.219789
*CC(*)OC(=O)CC1CCCCC1,53.169171
*CC(*)OC(=O)c1ccc(OCC)cc1,17.09217
*CC(*)OC(=O)CCCC1CCCCC1,14.320899
*CC(*)OC(=O)C(F)(F)C(F)(F)C(F)(F)F,21.851183
*CC(*)OC(=O)C(F)(F)C(F)(F)F,10.150125
*CC(*)OC(=O)C(F)(F)C(F)(F)C(F)(F)C(F)(F)C(F)(F)C(F)(F)C(F)(F)F,38.393593
*CC(*)OC(=O)C(F)(F)C(F)(F)C(F)(F)C(F)(F)F,9.967748
*CC(*)OC(=O)C(F)(F)C(F)(F)C(F)(F)C(F)(F)C(F)(F)C(F)(F)C(F)(F)C(F)(F)C(F)(F)F,12.610936
*CC(*)OC(=O)C(F)(F)C(F)(F)C(F)(F)C(F)(F)C(F)(F)F,11.058184
*CC(*)OC(=O)C(C)(CC)C(C)(C)C,12.781658
*CC(*)OC(=O)c1ccc(C)cc1,6.607417
*CC(*)OC(=O)c1ccncc1,12.298142
*CC(*)OC(=O)c1cccc(C)c1,18.053466
*CC(*)NC(=O)OC(C)(C)C,15.601895
*CC(*)OC(=O)c1cccc(OC)c1,25.241538
*CC(*)OC(=O)c1ccccc1C,8.991174
*CC(*)OC(=O)c1ccc(OC)cc1,6.945725
*CC(*)OC(=O)c1ccccc1OC,18.272902
*CC(*)OC(=O)C(C)(C(C)C)C(C)C,15.826661
*CC(*)OC(=O)CC(C)(C)c1ccccc1,17.963438
*CC(*)OC(=O)C(C)(C)CCC,21.652143
*CC(*)OC(=O)C(C)(C)C(C)(C)CC,11.898636
*CC(*)OC(=O)C(C)(C)C(C)C(C)C,9.289028
*CC(*)OC(F)(C(F)(F)F)C(F)(F)F,12.408029
*CC(*)OC(=O)C(C)(C)CC(C)(C)C,26.322266
*CC(*)OC(=O)CCl,17.307231
*CC(*)OC(=O)c1cccnc1,12.55444
*CC(*)OC(=O)c1cccc([N+](=O)[O-])c1,17.247681
*CC(*)OC(=O)C1CCCC1,26.337249
*CC(*)OC(=O)C1(C)CCCCC1,26.925881
*CC(OC)C(C(=O)O)C(*)C(=O)O,15.072196
*CC(OC)C1C(=O)OC(=O)C1*,22.799657
*CC(*)P(=O)(Oc1ccccc1)N(C)C,53.000515
*CC(*)(Cl)Cl,37.707064
*CC(*)(F)F,111.177029
*C(F)C(*)(F)F,27.222648
*CC(*)C=C,15.886318
*CCO*,30.720805
*CC(CCl)(CCl)CO*,22.224327
*CCCCO*,39.833709
*CCCCCCCCO*,12.579934
*Oc1c(OC)cc(*)cc1OC,5.707881
*CCCCOCO*,20.19921
*CCOCO*,34.431007
*CC(*)(F)C(F)(F)F,15.922369
*CC(F)(F)/C(F)=C(/*)Cl,9.105102
*CC(*)C(F)(F)F,10.026737
*CC(*)C(F)(F)C(F)(F)C(F)(F)F,23.519439
*CC(F)(F)CC(*)(C(F)(F)F)C(F)(F)F,63.270379
*CCC(F)(F)C(*)(F)F,92.113787
*/C=C(\F)C(F)(F)C*,31.322407
*CC(*)C(F)(F)C(F)(F)F,10.798227
*CC(CCl)O*,28.043005
*OC(*)C,36.322701
*OC(*)CCC,20.080066
*CC(C)O*,18.577896
*CC(CCCC)O*,75.057914
*CC(CC)O*,45.617231
*CC(O*)C(C)(C)C,19.206139
*CC(COCC=C)O*,33.771453
*CC(COCC)O*,16.806382
*CC(COCCCC)O*,34.027326
*CC(CCCCCC)O*,29.866462
*CC(C)(C)CO*,10.065302
*CC(COC)O*,39.542623
*CC(COCCCCCC)O*,23.115527
*CC(CO)(CO)CO*,10.225844
*CC(*)OC(=O)c1cccc(Br)c1,1.180305
*CCCCCOCO*,14.828102
*C(F)(F)C1(F)C(F)(F)C(*)(F)C1(F)F,0.0954
*OC(F)(F)C(F)(F)C(F)(F)C(*)(F)F,48.949149
*CC(CC(Cl)(Cl)Cl)O*,15.226108
*CC(O)COc1ccc(Cc2ccc(O*)cc2)cc1,7.934392
*CC(COC(F)(C(F)(F)F)C(F)(F)F)O*,13.113749
*CCC(C)O*,14.860018
*CC(CC)(CCl)CO*,18.620843
*CCOCC(CCl)O*,30.783101
*CC(O*)C1CC(F)(F)C1(F)F,39.560671
*CC(C)CO*,20.126347
*Oc1ccc(-c2ccc(OC(*)(Oc3ccccc3)Oc3ccccc3)c(C)c2)cc1C,18.961929
*Oc1ccc(CC(Cc2ccc(*)cc2)(C(=O)OCC)C(=O)OCC)cc1,16.788329
*Oc1ccc(-c2ccc(OC(*)(Oc3ccccc3)Oc3ccccc3)cc2)cc1,3.632768
*CC(COc1ccc(C(C)(C)c2ccc(O*)cc2)cc1)OC(=O)c1ccccc1,16.360665
*Oc1ccc(CC(C#N)(C#N)Cc2ccc(*)cc2)cc1,8.802874
*CC(COc1ccc(C(C)(C)c2ccc(O*)cc2)cc1)OC(=O)c1ccccc1Cl,19.402
*Oc1ccc(C(C)(C)c2ccc(OC(*)(Oc3ccccc3)Oc3ccccc3)cc2)cc1,10.020211
*CC1CC(*)OC(CCC)O1,18.415881
*CC(COc1ccc(C(C)(c2ccccc2)c2ccc(O*)cc2)cc1)OC(C)=O,15.011329
*CC(O)COc1ccc(C(C)CC(C)(C)c2ccc(O*)cc2)cc1,13.688744
*CC(O)COc1ccc(O*)cc1,8.343694
*CC1CC(*)OCO1,19.872361
*CC(O)COc1ccc(C2CC(C(C)C)CCC2(C)c2ccc(O*)cc2)cc1,11.690214
*CC(O)COc1ccc(C(C)(c2ccccc2)c2ccc(O*)cc2)cc1,17.371105
*CC(COc1ccc(O*)cc1)OC(C)=O,20.10046
*CC(COc1ccc(C(C)(c2ccccc2)c2ccc(O*)cc2)cc1)OC(=O)c1ccccc1,15.461702
*CCOCCOCCOc1ccc(/C=C(\C)c2ccc(O*)cc2)cc1,9.747947
*CCOCCOCCOCCOc1ccc(/C=C(\C)c2ccc(O*)cc2)cc1,17.937841
*CC(O)COc1ccc(C(C)(C)C2CCC(C)(c3ccc(O*)cc3)CC2)cc1,44.680606
*CC(COc1ccc(C2CCCC(CC)(c3ccc(O*)cc3)C2)cc1)OC(C)=O,12.230579
*CC(O)COc1ccc(C2(C)CC(C)(C)c3cc(O*)ccc32)cc1,9.127717
*CC(O)COc1ccc(C2CCCC(CC)(c3ccc(O*)cc3)C2)cc1,15.917462
*OC(CCl)C(*)CCl,8.439211
*CCCCOc1ccc(-c2ccc(O*)c3ccccc23)c2ccccc12,19.760268
*CCCCCCOc1ccc(-c2ccc(O*)c3ccccc23)c2ccccc12,22.254222
*CC(CC)(CC)CO*,24.967593
*CCCOc1ccc(-c2ccc(O*)c3ccccc23)c2ccccc12,23.916323
*CCOCCOCCOCCOCCOc1ccc(/C=C(\C)c2ccc(O*)cc2)cc1,9.88138
*CCCCCOc1ccc(-c2ccc(O*)c3ccccc23)c2ccccc12,8.562909
*CC(O)CO*,16.437496
*CC(CO*)C(C)(C)C,11.146912
*CC(C)(CC)CO*,29.634881
*CC(C)(CO)CO*,14.07703
*Oc1ccc(C(=O)c2ccccc2)c(-c2cc(Oc3ccc(-c4ccc(*)cc4)cc3)ccc2C(=O)c2ccccc2)c1,9.356795
*Oc1ccc(Oc2ccc(C(=O)c3ccccc3)c(-c3cc(*)ccc3C(=O)c3ccccc3)c2)cc1,11.19822
*Oc1ccc(C(=O)c2ccccc2)c(-c2cc(Oc3ccc(C(c4ccc(*)cc4)(C(F)(F)F)C(F)(F)F)cc3)ccc2C(=O)c2ccccc2)c1,23.729453
*Oc1ccc(C(=O)c2ccccc2)c(-c2cc(Oc3ccc(C(C)(C)c4ccc(*)cc4)cc3)ccc2C(=O)c2ccccc2)c1,14.94137
*C1OC(C(F)(F)F)(C(F)(F)F)OC1(*)F,0.191407
*CCOC(=O)c1ccc(C(=O)O*)cc1,10.943908
*CCCCOC(=O)c1ccc(C(=O)O*)cc1,15.212671
*CCOC(=O)c1ccc2cc(C(=O)O*)ccc2c1,8.664347
*Oc1cc(Oc2ccc(C(C)(C)c3ccc(*)cc3)cc2)cc([N+](=O)[O-])c1,16.879324
*CC(COCC=C)S*,25.912679
*CCOC(=O)CCC(=O)O*,17.766009
*CCCOC(=O)CCCCC(=O)O*,27.885437
*CCCOC(=O)CCCC(=O)O*,29.727437
*CC(=O)O*,17.300552
*CCCCOC(=O)CCC(=O)O*,29.644133
*CCCOC(=O)CCCCCCC(=O)O*,33.642315
*CCCC(=O)O*,14.788538
*CCOC(=O)CCCCC(=O)O*,19.592613
*CCCOC(=O)CCC(=O)O*,19.336673
*CCOC(=O)c1cccc(C(=O)O*)c1,13.430008
*CCOC(=O)CCCCCCCC(=O)O*,19.546503
*CCCCC(=O)O*,14.758043
*CCOC(=O)CCCCCCCCC(=O)O*,17.422837
*CCCCOC(=O)CCCCCCCCC(=O)O*,17.91062
*CCCCCCOC(=O)CCCCCCCCC(=O)O*,18.263946
*CCCCCCCCCCOC(=O)CCCCC(=O)O*,35.1523
*CCCCOC(=O)c1cccc(C(=O)O*)c1,21.984
*CCCCCCCCCCC(=O)O*,19.808622
*CCCCCOC(=O)c1ccc(C(=O)O*)cc1,10.048749
*CCCCCCCCCCOC(=O)c1ccc(C(=O)O*)cc1,13.823079
*CCCCCCOC(=O)c1ccc(C(=O)O*)cc1,10.862704
*CC1CCC(COC(=O)c2ccc(C(=O)O*)cc2)CC1,12.818821
*Oc1ccc(C(C)(C)c2ccc(OC(=O)C3CCC(C(*)=O)CC3)cc2)cc1,11.321736
*Oc1ccc(C(C)(C)c2ccc(OC(=O)c3ccc(C(*)=O)cc3)cc2)cc1,8.214422
*CCCCCCCCCCCCC(=O)O*,30.706575
*CCCCCCC(=O)O*,13.323188
*Oc1ccc(Cc2ccc(OC(=O)c3cccc(C(*)=O)c3)cc2)cc1,11.332071
*CCOC(=O)c1ccc2ccc(C(=O)O*)cc2c1,14.139114
*CCCOC(=O)c1ccc(C(=O)O*)cc1,13.139917
*Oc1ccc(C(C)(C)c2ccc(OC(=O)c3cccc(C(*)=O)c3)cc2)cc1,8.641743
*CCCCCC(=O)S*,11.502797
*CCCCCCOC(=O)CCC(=O)O*,19.421771
*CCC(=O)O*,18.533021
*CCCCOC(=O)CCCCC(=O)O*,29.591033
*CCCCCOC(=O)CCCCC(=O)O*,31.754841
*CCOC(=O)c1cccc2c(C(=O)O*)cccc12,21.34708
*Oc1ccc(C2(c3ccc(OC(=O)c4cccc(C(*)=O)c4)cc3)c3ccccc3-c3ccccc32)cc1,15.217792
*Oc1cccc(OC(=O)c2cccc(C(*)=O)c2)c1,9.034377
*CC#CCOC(=O)CCCCCCCCC(=O)O*,13.132098
*CCOC(=O)c1ccccc1C(=O)O*,9.167396
*CCOC(=O)c1ccc(C(=O)O*)c2ccccc12,20.643224
*c1ccc(OC(=O)c2cccc(C(=O)Oc3ccc(C4(*)OC(=O)c5ccccc54)cc3)c2)cc1,6.899845
*c1ccc(OC(=O)c2ccc(C(=O)Oc3ccc(C4(*)OC(=O)c5ccccc54)cc3)cc2)cc1,8.135314
*Oc1ccc(C(C)(C)c2ccc(OC(=O)c3ccc(C(*)=O)cc3)c(C)c2)cc1C,8.159968
*OC1CCC(OC(=O)CCCCC(*)=O)CC1,13.033669
*CCOC(=O)/C=C/C(=O)O*,38.19912
*CCCCCCOC(=O)CCCCC(=O)O*,39.297116
*CC(CCCCCC)C(CCCCCC)COC(=O)c1ccc(C(=O)O*)cc1,13.310215
*CC(C)C(C)COC(=O)c1ccc(C(=O)O*)cc1,21.82137
*CCCCCCCCCCOC(=O)c1cccc(C(=O)O*)c1,20.771081
*CC(CCC)C(CCC)COC(=O)c1ccc(C(=O)O*)cc1,20.022359
*CC(CCCC)C(CCCC)COC(=O)c1ccc(C(=O)O*)cc1,18.752948
*Oc1ccc(OC(=O)c2ccc(C(*)=O)cc2)cc1C1CCCCC1,13.52852
*CCCCCOC(=O)c1cccc(C(=O)O*)c1,15.304597
*CCCCCCOC(=O)c1cccc(C(=O)O*)c1,14.711031
*CC(C(C)C)C(COC(=O)c1ccc(C(=O)O*)cc1)C(C)C,28.014439
*Oc1ccc(OC(=O)c2ccc(C(*)=O)cc2)cc1CCC(C)CC,4.748933
*CC(CC)C(CC)COC(=O)c1ccc(C(=O)O*)cc1,10.339343
*Oc1ccc(OC(=O)c2ccc(C(*)=O)cc2)cc1C1CC2CCC1C2,4.781378
*CCOC(=O)CCCCCC(=O)O*,24.426764
*CCCCCCCOC(=O)c1ccc(C(=O)O*)cc1,16.183335
*Oc1ccc(C(*)=O)cc1,7.513139
*OC(CC(*)=O)C(Cl)(Cl)Cl,5.301602
*CCCCCCOC(=O)C(=O)O*,5.203796
*OC(C)C(*)=O,17.737983
*Oc1ccc(-c2ccc(OC(=O)CCCCCCCCCCCCC(*)=O)cc2)cc1,7.496379
*CC1CCC(COC(=O)CCC(=O)O*)CC1,34.634935
*OC(C)CC(*)=O,15.869286
*CC(C)(C)C(=O)O*,23.689041
*CC(CC)(CC)C(=O)O*,10.446244
*OC(CC)CC(*)=O,18.42289
*CC(C)C(=O)O*,41.800581
*CC(C)(CC)C(=O)O*,19.819488
*CC(C)(CCC)C(=O)O*,13.937793
*Oc1ccc(OC(=O)CCCCC(*)=O)cc1,5.233361
*CCCCCCCCCOC(=O)c1ccc(C(=O)O*)cc1,10.917752
*CCCCCCCCOC(=O)c1ccc(C(=O)O*)cc1,13.018429
*OC(CC(*)=O)C(C)(Cl)Cl,8.111637
*SC(C)C(*)=O,18.307684
*OC(C)COC(=O)c1cccc(C(*)=O)c1,10.520433
*CC1CCC(COC(=O)C2CCC(C(=O)O*)CC2)CC1,17.387132
*Oc1ccc(CC(*)=O)cc1,5.313449
*CCOC(=O)C1CCC(C(=O)O*)CC1,18.724342
*CCOC(=O)c1ccc(-c2ccc(C(=O)O*)cc2)cc1,16.619084
*Oc1cccc(C(*)=O)c1,8.048027
*CCCCCCCCCCOC(=O)c1ccc(-c2ccc(C(=O)O*)cc2)cc1,18.105724
*CCCCCCOC(=O)c1ccc(-c2ccc(C(=O)O*)cc2)cc1,13.715126
*Oc1ccc(OC(=O)c2ccc(C(*)=O)cc2)cc1,3.316615
*CC(F)(F)C(F)(F)C(F)(F)COC(=O)CCCCC(=O)O*,68.90302
*Oc1cccc(OC(=O)CCC(*)=O)c1,9.682998
*CCCCCCCCOC(=O)c1ccc(-c2ccc(C(=O)O*)cc2)cc1,14.196187
*CC(C)(C)COC(=O)CCCCC(=O)O*,25.493091
*CC(C)(C)COC(=O)CCC(=O)O*,36.428524
*CC(C)(C)COC(=O)c1ccc(C(=O)O*)cc1,12.375969
*CCCCCOC(=O)c1ccc(-c2ccc(C(=O)O*)cc2)cc1,7.966599
*CCCOC(=O)c1cccc(C(=O)O*)c1,13.975357
*OC(C)CCOC(=O)c1ccc(-c2ccc(C(*)=O)cc2)cc1,12.775576
*Oc1c(C)cc(-c2cc(C)c(OC(=O)CCCCC(*)=O)c(C)c2)cc1C,7.781703
*CCCCOC(=O)CCCC(=O)O*,20.099028
*Cc1ccc(COC(=O)c2cccc(C(=O)O*)c2)cc1,7.139656
*Oc1c(-c2ccccc2)cc(Cc2cc(-c3ccccc3)c(OC(=O)CCCCC(*)=O)c(-c3ccccc3)c2)cc1-c1ccccc1,10.566323
*CC(F)(F)C(F)(F)C(F)(F)COC(=O)c1cc(C(=O)O*)cc(C(F)(F)C(F)(F)C(F)(F)C(F)(F)C(F)(F)C(F)(F)C(F)(F)F)c1,25.632213
*Oc1cc(CCCC)cc(OC(=O)c2cccc(C(*)=O)c2)c1,18.128063
*Oc1cc(CC)cc(OC(=O)c2cccc(C(*)=O)c2)c1,21.066323
*CC(F)(F)C(F)(F)C(F)(F)COC(=O)c1cccc(C(F)(F)C(F)(F)C(F)(F)c2cccc(C(=O)O*)c2)c1,16.173534
*CC(F)(F)C(F)(F)C(F)(F)COC(=O)c1cccc(C(F)(F)C(F)(F)C(F)(F)C(F)(F)C(F)(F)c2cccc(C(=O)O*)c2)c1,25.559221
*CC(F)(F)C(F)(F)C(F)(F)COC(=O)c1cccc(-c2cccc(C(=O)O*)c2)c1,18.096726
*OC(C)CCCC(C)C(*)=O,25.147103
*CC(F)(F)C(F)(F)C(F)(F)COC(=O)c1cccc(C(=O)O*)c1,28.365296
*CCCCCCCCCCOC(=O)c1ccc2cc(C(=O)O*)ccc2c1,14.036817
*Oc1cc(CCCCCC)cc(OC(=O)c2cccc(C(*)=O)c2)c1,10.711405
*Oc1ccc(-c2ccc(OC(=O)c3cccc(C(*)=O)c3)cc2)cc1,12.00936
*Oc1c(C)cc(C(C)(C)c2cc(C)c(OC(=O)c3cccc(C(*)=O)c3)c(C)c2)cc1C,7.387874
*Oc1ccc(C(C)(C)c2ccc(OC(=O)c3cccc(C(*)=O)c3)c(C)c2)cc1C,12.467276
*Oc1ccc(C2(c3ccc(OC(=O)c4cccc(C(*)=O)c4)cc3)CCCCC2)cc1,37.937841
*Oc1c(C)cc(-c2cc(C)c(OC(=O)CCCCCCCCC(*)=O)c(C)c2)cc1C,10.64328
*OC1C(C)(C)C(OC(=O)c2ccc(C(*)=O)cc2)C1(C)C,25.063003
*OC1C(C)(C)C(OC(=O)C2CCC(C(*)=O)CC2)C1(C)C,7.923559
*CCCCCCOC(=O)c1ccc2cc(C(=O)O*)ccc2c1,10.883547
*CCCCCOC(=O)c1ccc2cc(C(=O)O*)ccc2c1,8.553237
*CCCOC(=O)c1ccc2cc(C(=O)O*)ccc2c1,14.69872
*CCCCOC(=O)c1ccc2cc(C(=O)O*)ccc2c1,22.895968
*CCCCOC(=O)C1CCC(C(=O)O*)CC1,18.948823
*Oc1cc(C)cc(OC(=O)c2cccc(C(*)=O)c2)c1,14.799144
*Oc1cc(CCCCCCCCC)cc(OC(=O)c2cccc(C(*)=O)c2)c1,16.951249
*Oc1cc(CCCCCCCC)cc(OC(=O)c2cccc(C(*)=O)c2)c1,10.114625
*CC(C)(C)COC(=O)C1CCC(C(=O)O*)CC1,21.98955
*Oc1ccc(-c2ccc(OC(=O)c3cc(CCCCC)cc(C(*)=O)c3)cc2)cc1,11.650981
*CC(F)(F)C(F)(F)C(F)(F)COC(=O)c1cccc(C(=O)O*)c1OCCCCC,28.068029
*CC(F)(F)C(F)(F)C(F)(F)COC(=O)c1ccc(OCCCCC)c(C(=O)O*)c1,19.090967
*Oc1cccc(C(F)(F)C(F)(F)C(F)(F)c2cccc(OC(=O)c3cccc(C(F)(F)C(F)(F)C(F)(F)c4cccc(C(*)=O)c4)c3)c2)c1,22.901465
*CC(F)(F)C(F)(F)C(F)(F)COC(=O)c1cc(OCCCCC)cc(C(=O)O*)c1,20.004035
*CCCCCCNC(=O)CCCCC(=O)N*,9.991955
*Oc1ccc(C(C)(C)c2ccc(OC(=O)c3ccc(C(*)=O)cc3)c(Cl)c2)cc1Cl,17.258865
*Oc1ccc(C2(c3ccc(OC(=O)CCCCCCCCC(*)=O)cc3)c3ccccc3-c3ccccc32)cc1,10.741055
*Oc1ccc(C(C)(C)c2ccc(OC(=O)c3cccc(C(F)(F)C(F)(F)C(F)(F)c4cccc(C(*)=O)c4)c3)cc2)cc1,14.495402
*Oc1c(-c2ccccc2)cc(Cc2cc(-c3ccccc3)c(OC(=O)CCCCCC(*)=O)c(-c3ccccc3)c2)cc1-c1ccccc1,12.980666
*Oc1c(C)cc(-c2cc(C)c(OC(=O)CCCCCC(*)=O)c(C)c2)cc1C,12.794734
*Oc1ccc(Cc2ccc(OC(=O)c3cc(OCCCCC)cc(C(*)=O)c3)cc2)cc1,8.724558
*Oc1c(-c2ccccc2)cc(-c2cc(-c3ccccc3)c(OC(=O)CCCCCCCCC(*)=O)c(-c3ccccc3)c2)cc1-c1ccccc1,10.057863
*Oc1ccc(C(C)(C)c2ccc(OC(=O)c3ccc(C(C)(CC)c4ccc(C(*)=O)cc4)cc3)cc2)cc1,12.240791
*Oc1cccc(OC(=O)c2cc(OCCCCC)cc(C(*)=O)c2)c1,12.25929
*Oc1ccc(C(C)(C)c2ccc(OC(=O)c3ccc(C(*)=O)cc3)c(C(C)CC)c2)cc1C(C)CC,12.94111
*Oc1ccc(C(C)(C)c2ccc(OC(=O)c3ccc(C(*)=O)cc3)c(C(C)C)c2)cc1C(C)C,11.68787
*Oc1ccc(C(C)(C)c2ccc(OC(=O)c3ccc(C(*)=O)cc3)c(CCCC)c2)cc1CCCC,7.337933
*Oc1ccc(C2(c3ccc(OC(=O)c4ccc(C(*)=O)cc4)cc3)c3ccccc3-c3ccccc32)cc1,10.641033
*Oc1cc(CCCCCCCCCCC)cc(OC(=O)c2cccc(C(*)=O)c2)c1,12.081398
*Oc1c(C)cc(C(C)(C)c2cc(C)c(OC(=O)c3ccc(C(*)=O)cc3)c(C)c2)cc1C,4.647109
*Oc1cc(CCCCCCCCCCCCC)cc(OC(=O)c2cccc(C(*)=O)c2)c1,17.000784
*c1ccc(OC(=O)c2cc(C(=O)Oc3ccc(C4(*)OC(=O)c5ccccc54)cc3)cc(C(C)(C)C)c2)cc1,9.625574
*Oc1ccc(C2(c3ccc(OC(=O)c4ccc(C(*)=O)cc4)cc3)CCc3ccccc32)cc1,6.717789
*c1ccc(OC(=O)c2cc(Cl)cc(C(=O)Oc3ccc(C4(*)OC(=O)c5ccccc54)cc3)c2)cc1,9.004363
*OC(C)COC(=O)c1ccccc1C(*)=O,10.852448
*OC(C)COC(=O)c1ccc(C(*)=O)cc1,9.954311
*Oc1ccc(-c2ccc(OC(=O)c3ccc(C(*)=O)cc3)cc2)cc1-c1ccccc1,8.628357
*OC1CCC(OC(=O)CCCCCCCCC(*)=O)CC1,6.465862
*Oc1ccc(OC(=O)c2ccc(C(C)(C)c3ccc(C(*)=O)cc3)cc2)cc1,17.072774
*CCCCCCCOC(=O)c1ccc(-c2ccc(C(=O)O*)cc2)cc1,10.703852
*Oc1ccc(OC(=O)/C=C/c2ccc(/C=C/C(*)=O)cc2)cc1,5.42844
*Oc1ccc(-c2ccc(OC(=O)/C=C/c3ccc(/C=C/C(*)=O)cc3)cc2)cc1,4.875154
*Oc1ccc(-c2cc(-c3ccccc3)c(-c3ccc(OC(=O)c4ccc(C(*)=O)cc4-c4ccccc4)cc3)c(-c3ccccc3)c2-c2ccccc2)cc1,11.194344
*CCC(=O)N*,4.143113
*CCCCCCNC(=O)CCCCCCCCC(=O)N*,8.401361
*CCCCCCNC(=O)CCCCCCCC(=O)N*,10.393827
*CCCCCCNC(=O)CCCCCCCCCCC(=O)N*,7.922512
*CCCC1(CCCNC(=O)CCCCC(=O)N*)c2ccccc2-c2ccccc21,9.554526
*CCCCCCCCC(=O)N*,8.61531
*CCCCCCCCCCNC(=O)CCCCCCCCCCC(=O)N*,7.347419
*CCCCCCC(=O)N*,8.548893
*CCCCCCCCCCC(=O)N*,8.410458
*Cc1cc(C)c(CNC(=O)CCCCC(=O)N*)cc1C,8.94085
*CCCCCCCCCC(=O)N*,8.538563
*Cc1cccc(CNC(=O)c2cc(C(=O)N*)cc(C(C)(C)C)c2)c1,7.203941
*CCCCCCCCCCNC(=O)CCCCC(=O)N*,9.253794
*CCCCCCCCCNC(=O)CCCCC(=O)N*,6.068935
*Cc1ccc(CNC(=O)c2cc(C(=O)N*)cc(C(C)(C)C)c2)cc1,10.296572
*CCCCCCNC(=O)c1cc(C(=O)N*)cc(C(C)(C)C)c1,8.690448
*CCCCCCNC(=O)Cc1ccc(C(=O)N*)cc1,5.420732
*CCCC1(CCCNC(=O)c2ccccc2-c2ccccc2C(=O)N*)c2ccccc2-c2ccccc21,16.898046
*CC(C)CCC(C)CNC(=O)c1cc(C(=O)N*)cc(C(C)(C)C)c1,12.218679
*CCC(C)C(C)CCNC(=O)c1cc(C(=O)N*)cc(C(C)(C)C)c1,11.321853
*CCc1ccc(CCNC(=O)CCCCCCCCC(=O)N*)cc1,5.375984
*CC1CCC(CNC(=O)c2cc(C(=O)N*)cc(C(C)(C)C)c2)CC1,8.435284
*CCc1ccc(CCNC(=O)CCCCCCCCCCCCC(=O)N*)cc1,4.597162
*CCc1ccc(CCNC(=O)CCCCCCCCCC(=O)N*)cc1,4.47689
*CCCC(C)(C)CNC(=O)CCCC(=O)N*,11.006364
*CCCCCCNC(=O)c1cccc(C(=O)N*)c1,7.143369
*CCCC(C)(C)CNC(=O)c1cccc(C(=O)N*)c1,9.294121
*CCCCCCCCNC(=O)c1cccc(C(=O)N*)c1,8.464691
*Cc1cccc(CNC(=O)c2cccc(C(=O)N*)c2)c1,6.098088
*CC1CCC(CNC(=O)c2cccc(C(=O)N*)c2)CC1,7.555622
*CCC(C)C(C)CCNC(=O)c1cccc(C(=O)N*)c1,11.486535
*CCCC1(CCCNC(=O)c2cccc(C(=O)N*)c2)c2ccccc2-c2ccccc21,13.221493
*CCCCCCCCCCNC(=O)/C=C(\C)C(=O)N*,11.970091
*Cc1cc(CNC(=O)c2cccc(C(=O)N*)c2)cc(C(C)(C)C)c1,8.686009
*CCCCCCNC(=O)/C=C(\C)C(=O)N*,10.024677
*CCCC1(CCCNC(=O)CCCCCCCCC(=O)N*)c2ccccc2-c2ccccc21,11.400581
*CCCCCCNC(=O)c1ccccc1-c1ccccc1C(=O)N*,9.611929
*Cc1cc(CNC(=O)CCCCC(=O)N*)cc(C(C)(C)C)c1,8.023521
*CC1CC(CNC(=O)c2cccc(C(=O)N*)c2)CC(C(C)(C)C)C1,6.567357
*CCCCNC(=O)Cc1ccc(C(=O)N*)cc1,8.386853
*CCCCCNC(=O)Cc1ccc(C(=O)N*)cc1,9.133015
*CC1CCCC(CNC(=O)c2cc(C(=O)N*)cc(C(C)(C)C)c2)C1,10.981788
*CCCCCCNC(=O)CCC(C)CC(=O)N*,22.689834
*CCCNC(=O)Cc1ccc(C(=O)N*)cc1,6.641757
*CC1CCCC(CNC(=O)c2cccc(C(=O)N*)c2)C1,9.789542
*CCCCCCNC(=O)CCC1(CCC(=O)N*)c2ccccc2-c2ccccc21,8.522823
*CCCCCNC(=O)c1ccc(C(=O)N*)cc1,4.104108
*CCCCCCCCNC(=O)Cc1ccc(CC(=O)N*)cc1,4.844428
*Cc1cccc(CNC(=O)CCCCC(=O)N*)c1,7.391483
*Cc1cccc(CNC(=O)c2ccccc2-c2ccccc2C(=O)N*)c1,7.488847
*Cc1ccc(CNC(=O)CC(C)(C)CC(C)C(=O)N*)cc1,4.879207
*Cc1ccc(CNC(=O)CCCCCCCCCCC(=O)N*)cc1,4.145149
*Cc1ccc(CNC(=O)CCCCCCCCCC(=O)N*)cc1,3.892483
*Cc1ccc(CNC(=O)CCCCCCCCC(=O)N*)cc1,4.180783
*Cc1cccc(CNC(=O)CCC2(CCC(=O)N*)c3ccccc3-c3ccccc32)c1,9.91739
*CCCC(C)(C)CNC(=O)CCCCC(=O)N*,12.039526
*Cc1ccc(CNC(=O)CCCCCCCCCCCC(=O)N*)cc1,4.425842
*CCC(C)(C)CC(C)CNC(=O)CCCCC(=O)N*,11.791156
*CCCC(C)(C)CNC(=O)CCCCCCCC(=O)N*,8.839644
*CCCC(C)(C)CNC(=O)c1ccc(C(=O)N*)cc1,7.449653
*CCCC(C)(C)CNC(=O)C(=O)N*,8.523522
*CCCC(C)(C)CNC(=O)CCCCCC(=O)N*,14.708655
*CCCCCCCCCCCCNC(=O)CCc1ccc(CCC(=O)N*)cc1,6.836386
*CCCC(CCNC(=O)c1ccc(C(=O)N*)cc1)C(C)C,7.645655
*CCCCCCCNC(=O)c1ccc(C(=O)N*)cc1,4.367546
*CCC(C)(C)CC(C)CNC(=O)c1ccc(C(=O)N*)cc1,8.211547
*CCCCCCCCCNC(=O)c1ccc(C(=O)N*)cc1,6.017052
*CCCCCCCCCCCCNC(=O)c1ccc(C(=O)N*)cc1,5.410016
*CCCC(C)(C)CCCNC(=O)c1ccc(C(=O)N*)cc1,7.844303
*Cc1cc(C)c(CNC(=O)c2ccc(C(=O)N*)cc2)cc1C,6.028822
*CCC(C)CC(C)(C)CNC(=O)c1ccc(C(=O)N*)cc1,7.854626
*CCCCCCN(C(=O)C(F)(F)C(F)(F)C(F)(F)C(=O)N(*)C(C)C)C(C)C,6.893976
*CCCCCCNC(=O)c1ccc(C(=O)N*)cc1,7.016089
*CCCC(CC)CCNC(=O)c1ccc(C(=O)N*)cc1,7.867387