SMILES,YOUNG
CC1(C)CC(CC(C)(C*)C1)N1C(=O)C2=CC=C(C=C2C1=O)C1=CC2=C(C=C1)C(=O)N(*)C2=O,5.381
*N1C(=O)C2=C(C=C(C=C2)C2=CC=C3C(=O)N(C(=O)C3=C2)C2=C3C=CC=C(*)C3=CC=C2)C1=O,7.94
*N1C(=O)C2=C(C=C(C=C2)C(=O)C2=CC=C3C(=O)N(C(=O)C3=C2)C2=CC=C3OCCOCCOC4=C(OCCOCCOC3=C2)C=CC(*)=C4)C1=O,6.278
FC(F)(F)C(C1=CC2=C(OC(=N2)C2=CC=C(OC3=C4C5C6=C(C=CC=C6)C(C6=C5C=CC=C6)C4=C(OC4=CC=C(*)C=C4)C=C3)C=C2)C=C1)(C1=CC=C2OC(*)=NC2=C1)C(F)(F)F,3.795
CC1(C)CC(C)(C2=CC(=CC=C12)N1C(=O)C2=CC=C(C=C2C1=O)C(=O)C1=CC2=C(C=C1)C(=O)N(*)C2=O)C1=CC=C(*)C=C1,5.79
*C*,3.384
*CC(*)C,4.01
*CC(*)CC,3.346
*CC(*)CCC,2.975
*CC(*)C(C)C,3.326
*CC(*)CCCC,3.523
*CC(*)CC(C)C,3.436
*CC(*)CCCCC,3.422
*CC(*)CCC(C)C,3.8
*CC(*)CCC(C)CC,4.583
*CC(*)CCCCCCC,3.551
*CC(*)CCCCCCCC,3.564
*CC(*)(C)C,5.308
*CC(*)(C)CC,4.17
*CCC(*)(C)C,3.87
*CCCC(*)(C)C,5.032
*CCCC(*)(C)CC,4.095
*CCCCCCCC(*)C,3.225
*CC(*)C1CC1,3.908
*CC(*)CC1CCCCC1,4.669
*CC1CCC(*)C1,5.768
*CC(*)CCCCCCCCCC,3.1
*CC(*)CCCCCCCCCCCC,3.727
*CC(*)CCCCCCCCCCCCCCCC,3.557
*CC(*)C(C)CC,3.723
*CC(*)CC(C)CC,3.438
*CC(*)CC(C)(C)C,3.253
*/C=C/CCC*,3.325
*/C=C/CC*,2.816
*/C=C/CC*,3.222
*/C=C/CCCCCCCC*,3.036
*CC(*)CCCCCCCCCCCCCCCCCCCC,3.505
*/C=C/CCCCCCCCCC*,2.402
*CC(*)CCCCCCCCCCCCCC,4.134
*/C=C/CCCCCC*,2.76
*CC(*)CCCCCCCCCCCCC,3.773
*CC(*)CCCCCCCCCCC,3.538
*CC(*)CCCCCCCCC,3.542
*CC(*)C1CC=CCC1,3.984
*C1CCC1*,5.27
*/C=C/*,3.084
*/C=C/CCCCC*,2.445
*/C=C/C(C*)C(C)CC,3.64
*/C=C/CCCCCCCCCC*,2.683
*/C=C/*,2.435
*CC1(*)CCCCC1,4.344
*CC/C=C(/*)C(C)(C)C,4.619
*CC(*)c1ccccc1,6.746
*CC(*)c1ccccc1C,4.111
*CC(*)c1ccccc1CC,4.156
*CC(*)c1ccccc1COC,4.771
*CC(*)c1ccccc1COCC,4.431
*CC(*)c1ccccc1COCCC,3.981
*CC(*)c1ccccc1COC(C)C,3.774
*CC(*)c1ccccc1COCCCC,3.918
*CC(*)c1ccccc1COCCCCC,4.333
*CC(*)c1ccccc1COCCC(C)C,4.106
*CC(*)c1ccccc1COCc1ccccc1,4.815
*CC(*)c1ccccc1COCCc1ccccc1,5.389
*CC(*)c1ccccc1C(=O)NC,4.871
*CC(*)c1ccccc1C(=O)N(C)C,4.119
*CC(*)c1ccccc1C(=O)Nc1ccccc1,3.572
*CC(*)c1ccccc1C(=O)O,5.784
*CC(*)c1ccccc1C(=O)OC,5.384
*CC(*)c1ccccc1C(=O)OCC,5.007
*CC(*)c1ccccc1C(=O)OCCC,4.287
*CC(*)c1ccccc1C(=O)OC(C)C,3.687
*CC(*)c1ccccc1C(=O)OCCCC,4.118
*CC(*)c1ccccc1C(=O)OCC(C)C,4.33
*CC(*)c1ccccc1C(=O)OCCCCC,4.58
*CC(*)c1ccccc1C(=O)OCCC(C)C,3.858
*CC(*)c1ccccc1C(=O)OCCCCCC,4.343
*CC(*)c1ccccc1C(=O)Oc1ccccc1,3.793
*CC(*)c1ccccc1C(=O)OCCN(C)C,5.155
*CC(*)c1ccc(C(=O)OCCN(C)C)cc1,5.768
*CC(*)c1cccc(C)c1,1.645
*CC(*)c1cccc(CC)c1,4.202
*CC(*)c1cccc(-c2ccc(-c3ccccc3)cc2)c1,7.947
*CC(*)c1cccc(Cl)c1,4.937
*CC(*)c1cccc(F)c1,4.556
*CC(*)c1ccc(C)cc1,7.4
*CC(*)c1ccc(C(C)C)cc1,4.658
*CC(*)c1ccc(CCCC)cc1,5.35
*CC(*)c1ccc(C(C)(C)C)cc1,4.596
*CC(*)c1ccc(C(C)CC)cc1,5.279
*CC(*)c1ccc(CCCCCC)cc1,4.944
*CC(*)c1ccc(CCCCCCCC)cc1,5.176
*CC(*)c1ccc(CCCCCCCCC)cc1,4.685
*CC(*)c1ccc(CCCCCCCCCC)cc1,4.641
*CC(*)c1ccc(CCCCCCCCCCCC)cc1,4.521
*CC(*)c1ccc(CCCCCCCCCCCCCC)cc1,4.523
*CC(*)c1ccc(CCCCCCCCCCCCCCCC)cc1,4.781
*CC(*)c1ccc(CCCCCCCCCCCCCCCCCC)cc1,4.572
*CC(*)c1ccc(-c2ccccc2)cc1,6.839
*CC(*)c1ccc(Cl)cc1,6.653
*CC(*)c1ccc(/C(C)=N/O)cc1,5.531
*CC(*)c1ccc(C(C)(C)O)cc1,5.659
*CC(*)c1ccc(COC)cc1,5.951
*CC(*)c1ccc(COCCC)cc1,5.279
*CC(*)c1ccc(COCCCCCC)cc1,4.956
*CC(*)c1ccc(COCCOCCCC)cc1,5.607
*CC(*)c1ccc(C(=O)N(C)C)cc1,6.723
*CC(*)c1ccc(C(=O)N(CC)CC)cc1,7.035
*CC(*)c1ccc(C(=O)N2CCCCC2)cc1,4.278
*CC(*)c1ccc(C(=O)CCN2CCCCC2)cc1,5.86
*CC(*)c1ccc(C(=O)N2CCOCC2)cc1,7.02
*CC(*)c1ccc(C(=O)OC)cc1,5.699
*CC(*)c1ccc(F)cc1,6.813
*CC(*)c1ccc(I)cc1,7.971
*CC(*)c1ccc(N(C)C)cc1,7.319
*CC(*)c1ccc(OCC)cc1,4.888
*CC(*)c1ccc(OCCC)cc1,4.542
*CC(*)c1ccc(OCCCC)cc1,4.924
*CC(*)c1ccc(OCCC(C)C)cc1,4.613
*CC(*)c1ccc(C)cc1C,2.745
*CC(*)c1ccc(C(C)C)cc1C(C)C,3.86
*CC(*)c1ccc(F)cc1C,2.855
*CC(*)c1ccc(Cl)cc1C,4.47
*CC(*)c1ccc(Cl)cc1Cl,4.787
*CC(*)c1cc(C)ccc1C,7.264
*CC(*)c1cc(C(C)(C)C)ccc1C,4.845
*CC(*)c1cc(C(C)C)ccc1C(C)C,4.369
*CC(*)c1cc(Cl)ccc1Cl,1.254
*CC(*)c1cc(F)ccc1F,8.444
*CC(*)c1cc(C)ccc1F,8.231
*CC(*)c1cc(Br)ccc1OCCCC,6.314
*CC(*)c1cc(Br)ccc1OCC,8.645
*CC(*)c1cc(C)cc(C)c1,3.144
*CC(*)c1c(F)c(F)c(F)c(F)c1F,8.99
*CC(*)(C)c1ccccc1,4.338
*CC(*)(C)c1ccc(C(C)C)cc1,4.419
*C(F)(F)C(*)(F)c1ccccc1,5.732
*CC(*)c1cccc2ccccc12,3.295
*CC(*)c1ccc(C(C)=O)cc1,6.041
*CC(*)(C(=O)OC)c1ccccc1,5.805
*CC(*)(C)c1ccc(C)cc1,5.347
*CC(*)n1cc2ccccc2n1,0.369
*CC(c1ccccn1)C(c1ccccc1)C(*)c1ccccn1,6.192
*CC(*)c1ccc(O)cc1,6.772
*CC(*)c1ccc(OC(C)=O)cc1,4.483
*CC(*)c1ccc(CCC)cc1,5.497
*CC(*)c1ccc(COCCCCCCOc2ccc(-c3ccc(OC)cc3)cc2)cc1,6.122
*CC(*)c1ccc(COCC(CC)CCCC)cc1,4.753
*CC(*)c1ccc(COCCOCCCCCCCC)cc1,4.801
*CC(CC(*)(C#N)C(=O)OC)c1ccccc1,6.271
*CC(*)c1ccc(C(=O)O)c(C(=O)O)c1,6.498
*C([2H])([2H])C(*)([2H])c1c([2H])c([2H])c([2H])c([2H])c1[2H],6.63
*CC(*)O,5.686
*CC(*)C=O,6.632
*CC(*)OC(=O)CCCCCCCCCCC,3.131
*CC(*)OC(=O)CCCCCCCCCCCCCCC,3.149
*CC(*)OC(=O)CCCCCCCCCCCCCCCCC,3.372
*CC(*)C(C)=O,3.958
*CC(*)C(=O)C(C)C,3.797
*CC(*)(C)C(C)=O,3.779
*CC(*)C#N,4.704
*CC(*)(C)C#N,4.728
*CC(*)c1ccccn1,7.669
*CC(*)OC,4.284
*CC(*)OCC,3.981
*CC(*)OC(C)=O,3.268
*CC(*)OC(=O)CC,4.129
*CC(*)OC(=O)c1ccccc1,3.815
*CC(*)CCCN(CC(C)C)CC(C)C,5.099
*CC(*)O[N+](=O)[O-],5.281
*/C=C/C(C)C(*)C(=O)OC,3.712
*CC(*)OC(C)C,3.15
*CC(*)CCc1ccccc1C,3.915
*CC(*)CCc1ccc(C)cc1,6.418
*CC(*)Cc1cc(C)ccc1C,6.73
*CC(*)Cc1ccc(C)c(C)c1,3.789
*CC(*)Cc1cc(C)cc(C)c1,4.774
*CC(*)C(=O)C1CCCCC1,4.283
*CC(*)C(=O)c1ccccc1O,5.709
*CC/C=C(/*)c1ccccc1,6.795
*CC(*)C(=O)c1ccc(C(C)(C)C)cc1,4.306
*CC(*)C(=O)c1ccc(CC)cc1,6.522
*CC(*)C(=O)c1ccc(C)cc1,7.396
*CC(*)OC(=O)c1ccc(OC(=O)CCC)cc1,4.611
*CC(*)OC(=O)C1(F)C(F)(F)C(F)(F)C(F)(F)C(F)(F)C1(F)F,2.794
*CC(*)c1cccs1,4.965
*C1Cc2ccccc2C1*,3.869
*CCC/C=C(/*)c1ccc(OC)cc1,5.222
*CCC/C=C(/*)c1ccccc1,6.333
*CCC/C=C(/*)c1ccc(Cl)cc1,6.478
*CC(*)CNc1ccc([N+](=O)[O-])cc1,5.398
*CC(*)CNc1ccc([N+](=O)[O-])cn1,4.888
*CC(*)CNc1ccc([N+](=O)[O-])cc1C,5.794
*CC(*)CNc1ccc([N+](=O)[O-])c(C(F)(F)F)c1,4.951
*CC(*)CNc1ccc([N+](=O)[O-])cc1[N+](=O)[O-],5.762
*CC1CC(*)C(OC(=O)CCCCCCCCCCOc2ccc(-c3ccc(C#N)cc3)cc2)C1OC(=O)CCCCCCCCCCOc1ccc(-c2ccc(C#N)cc2)cc1,6.436
*CC1CC(*)C(OC(=O)CCCCCCCCCCOc2ccc(-c3ccc(C#N)cc3)cc2)C1,6.568
*CCC1CC(OC(=O)CCCCCCCCCCOc2ccc(-c3ccc(C#N)cc3)cc2)CC1*,7.226
*CC(*)n1ccnc1,4.838
*CC(*)OC(=O)CCCCCCCCCCCCCCCCCCCCC,3.71
*CC(*)OCCCCCCCCCCCCCCCCCC,3.721
*CC(*)OC(=O)c1ccc(C#N)cc1,5.776
*CC(*)OCC(C)(C)CC(C)C,4.461
*C(F)(F)C(*)(F)OC(F)C(F)F,5.679
*CC(*)C(=O)c1ccc(Br)cc1,9.073
*CC(*)OC(=O)CC1CCCC1,4.427
*CC(*)N1CCCC1=O,5.171
*CCC1CC2C(CC(*)C2OC(=O)CCCCCCCCCCOc2ccc(-c3ccc(C#N)cc3)cc2)C1OC(=O)CCCCCCCCCCOc1ccc(-c2ccc(C#N)cc2)cc1,7.123
*CC(*)C(=O)O,7.35
*CC(*)C(=O)OC,4.299
*CC(*)C(=O)OCC,4.506
*CC(*)C(=O)OCCCC,4.206
*CC(*)C(=O)OCCCCCC,4.261
*CC(*)C(=O)OCCCCCCCCCCCCCC,3.674
*CC(*)C(=O)OCCCCCCCCCCCCCCCC,4.135
*CC(*)C(=O)OCCCCCCCCCCCCCCCCCC,3.681
*CC(*)C(=O)OCCCCCCCCCCCCCCCCCCCCCC,3.856
*CC(*)C(=O)OC(F)(C(F)(F)F)C(F)(F)F,5.818
*CC(*)(C)C(=O)OC,4.619
*CC(*)(C)C(=O)OCC,4.191
*CC(*)(C)C(=O)OCCCC,3.82
*CC(*)(C)C(=O)OC(C)CC,3.681
*CC(*)(C)C(=O)OCC(C)C,3.673
*CC(*)(C)C(=O)OC(C)(C)C,2.674
*CC(*)(C)C(=O)OCCCCCC,4.052
*CC(*)(C)C(=O)OCCCCCCCC,4.6
*CC(*)(C)C(=O)OCCCCCCCCCCCC,3.834
*CC(*)(C)C(=O)OCCCCCCCCCCCCCC,3.862
*CC(*)(C)C(=O)OCCCCCCCCCCCCCCCCCC,3.849
*CC(*)(C)C(=O)OC1CCCCC1,4.08
*CC(*)(C)C(=O)OC1CCCCC1C,4.5
*CC(*)(C)C(=O)OC1CCC(C)CC1,4.003
*CC(*)(C)C(=O)OC1CCCC(C)C1,3.856
*CC(*)(C)C(=O)OC1CC(C)CC(C)(C)C1,3.408
*CC(*)(C)C(=O)Oc1ccccc1,5.829
*CC(*)(C)C(=O)Oc1ccccc1C,4.544
*CC(*)(C)C(=O)OCc1ccccc1,5.653
*CC(*)(C)C(=O)OCCc1ccccc1,5.328
*CC(*)(C)C(=O)Oc1ccc2ccccc2c1,5.04
*CC(*)(C)C(=O)OCCF,5.968
*CC(*)(C)C(=O)OCCCl,4.256
*CC(*)(C)C(=O)OCCBr,6.393
*CC(*)(C)C(=O)OC(C)C(F)(F)F,3.684
*CC(*)(C)C(=O)OC(C(F)(F)F)C(F)(F)F,4.7
*CC(*)(C)C(=O)OC(F)(C(F)(F)F)C(F)(F)F,5.571
*CC(*)(C)C(=O)OC(C(F)(F)F)(C(F)(F)F)C(F)(F)F,4.59
*CC(*)(C)C(=O)OC(F)(C(F)(F)F)C(F)(F)Cl,4.181
*CC(*)(C)C(=O)OCC(F)(F)C(F)(F)C(F)(F)C(F)(F)C(F)(F)C(F)(F)C(F)(F)F,3.492
*CC(*)(C)C(=O)Oc1c(Cl)c(Cl)c(Cl)c(Cl)c1Cl,4.162
*CC(*)(C)C(=O)OCc1ccccc1Cl,4.607
*CC(*)(C)C(=O)OCCOCC,5.703
*CC(*)(C)C(=O)OCC1CCCO1,5.079
*CC(*)(C)C(=O)OCc1ccco1,6.221
*CC(*)(C)C(=O)OCCN(C)C,5.22
*CC(*)(C)C(=O)OCCN(CC)CC,5.488
*CC(*)(C)C(=O)OCc1cccc([N+](=O)[O-])c1,4.073
*CC(*)(Cl)C(=O)OCC,5.047
*CC(*)(Cl)C(=O)OC(C)CC,4.859
*CC(*)(Cl)C(=O)OC1CCCCC1,4.926
*CC(*)C(=O)NC(C)C,4.196
*CC(*)C(=O)N(CCCC)CCCC,4.119
*CC(*)C(=O)NCCCCCCCCCCCC,3.553
*CC(*)C(=O)NCCCCCCCCCCCCCC,3.954
*CC(*)C(=O)NCCCCCCCCCCCCCCCC,3.844
*CC(*)C(=O)NCCCCCCCCCCCCCCCCCC,3.716
*CC(*)C(=O)NCCCCCCCCCCCCCCCCCCCCCC,4.012
*CC(*)C(=O)OC(CC)CC,4.394
*CC(*)(C)C(=O)Oc1cccc(C)c1,3.053
*CC(*)C(=O)OCC(CC)CCCC,3.673
*CC(*)C(=O)OCCCCCCCCC,4.289
*CC(*)C(=O)OC1CCCCC1,4.301
*CC(*)C(=O)OC1CC(C)CC(C)(C)C1,3.978
*CC(*)(C)C(=O)OCCCCCCCCCC,3.617
*CC(*)(C)C(=O)OC1CC2CCC1(C)C2(C)C,4.105
*CC(*)(Cl)C(=O)OCCC,4.889
*CC(*)(Cl)C(=O)OCCCC,5.326
*CC(*)(C#N)C(=O)OC,7.124
*CC(*)C(=O)OCC(C)CC,3.762
*CC(*)C(=O)OC(C)CCCCC,3.65
*CC(*)C(=O)OC(C)CCCCCC,4.403
*CC(*)C(=O)OCC(CC)CC,4.24
*CC(*)C(=O)OCC(C)(C)C,3.158
*CC(*)C(=O)OC(C)CC(C)C,4.514
*CC(*)C(=O)OC(CCC(CC)CCCC)CC(C)C,4.115
*CC(*)C(=O)OCCC#N,5.452
*CC(*)C(=O)OCCSC,4.852
*CC(*)C(=O)OCCCSC,5.37
*CC(*)C(=O)OCCSCC,5.013
*CC(*)C(=O)OCCCCSC,4.942
*CC(*)C(=O)OCCCSCC,5.797
*CC(*)C(=O)OCCSCC#N,4.804
*CC(*)C(=O)OCCSCCC#N,5.607
*CC(*)C(=O)OCCSCCCC#N,4.454
*CC(*)C(=O)OCCCSCCC#N,5.443
*CC(*)C(=O)OCCCCCCSCC#N,4.266
*CC(*)C(=O)OC12CC3CC(C)(CC(C)(C3)C1)C2,9.36
*CC(*)C(=O)N1CCCCC1,5.783
*CC(*)C(=O)N1CCOCC1,7.07
*CC(*)C(=O)Oc1ccccc1,6.682
*CC(*)C(=O)Oc1ccccc1C,5.001
*CC(*)C(=O)Oc1cccc(C)c1,3.541
*CC(*)C(=O)Oc1ccc(C)cc1,6.088
*CC(*)C(=O)Oc1ccccc1C(C)(C)C,3.726
*CC(*)C(=O)Oc1ccc(C(C)(C)C)cc1,4.587
*CC(*)C(=O)Oc1ccc(OC)cc1,4.733
*CC(*)C(=O)Oc1ccc(C(=O)OCCCC)cc1,4.752
*CC(*)C(=O)Oc1ccc(-c2ccccc2)cc1,6.55
*CC(*)C(=O)OCc1ccccc1,5.624
*CC(*)C(=O)OCCc1ccccc1,5.613
*CC(*)C(=O)Oc1cccc(N(C)C)c1,4.364
*CC(*)C(=O)N(C)c1ccccc1,4.318
*CC(*)C(=O)Oc1ccc(C#N)cc1,6.673
*CC(*)C(=O)OCc1ccc(C#N)cc1,8.46
*CC(*)C(=O)Oc1ccccc1Cl,3.603
*CC(*)C(=O)Oc1ccc(Cl)cc1Cl,4.643
*CC(*)C(=O)Oc1c(Cl)c(Cl)c(Cl)c(Cl)c1Cl,4.728
*CC(*)C(=O)Oc1cccc2ccccc12,5.329
*CC(*)C(=O)N(C)C,5.549
*CC(*)C(=O)NCCCC,3.768
*CC(*)C(=O)NC(C)CC,3.65
*CC(*)C(=O)NC(C)(C)C,4.305
*CC(*)C(=O)N(C(C)C)C(C)C,1.509
*CC(*)(C)C(=O)OCCCCC,4.356
*CC(*)(C)C(=O)OCC(CC)CCCC,3.83
*CC(*)(C)C(=O)OCCC(C)(C)C,3.868
*CC(*)(C)C(=O)OC(C)C(C)(C)C,3.332
*CC(*)(C)C(=O)OCCC(C)CC(C)(C)C,4.401
*CC(*)(C)C(=O)OCCOC,5.059
*CC(*)(C)C(=O)OCCNC(C)(C)C,4.719
*CC(*)(C)C(=O)OCCC#N,4.718
*CC(*)(C)C(=O)OCC[N+](=O)[O-],6.347
*CC(*)(C)C(=O)OC(F)(F)C(F)(F)C(F)(F)C(F)(F)C(F)(F)C(F)(F)C(F)(F)C(F)(F)F,3.144
*CC(*)(C)C(=O)OCCS(=O)CC,5.905
*CC(*)(C)C(=O)OCC1(C)COCOC1,6.059
*CC(*)(C)C(=O)OCC1(C)COC(C)(C)OC1,4.942
*CC(*)(C)C(=O)OCC(C)(C)C1OCC(C)(C)CO1,3.829
*CC(*)(C)C(=O)OC12CC3CC(CC(C3)C1)C2,3.641
*CC(*)(C)C(=O)OC12CC3CC(C)(CC(C)(C3)C1)C2,8.427
*CC(*)(C)C(=O)Oc1ccc(CC#N)cc1,5.602
*CC(*)(CC)C(=O)OCC,4.203
*CC(*)(CC(=O)OCC)C(=O)OCC,4.423
*CC(*)(CC(=O)OCCCC)C(=O)OCCCC,4.599
*CC(*)(C#N)C(=O)OCCCC,5.751
*CC(*)(CF)C(=O)OC,6.326
*CC(*)(CF)C(=O)OCC,5.163
*CC(*)(Cl)C(=O)OC(C)C,3.895
*CC(*)(CC(=O)OC1CCCCC1)C(=O)OC1CCCCC1,4.901
*CC(*)(CC(=O)Oc1ccccc1)C(=O)Oc1ccccc1,6.879
*CC(*)(CC(=O)OCc1ccccc1)C(=O)OCc1ccccc1,6.039
*CC(*)(CC(=O)OCCc1ccccc1)C(=O)OCCc1ccccc1,6.217
*CC(*)(CC(=O)OCCCc1ccccc1)C(=O)OCCCc1ccccc1,5.986
*CC(*)C(=O)Oc1ccc(Cl)cc1,6.003
*CC(*)(C)C(=O)Oc1ccc(C#N)cc1,6.233
*CC(*)C(=O)OCCC(C)C,4.232
*CC(*)C(=O)OCC(C)CCC,4.286
*CC(*)C(=O)OCCC(C)OC,4.376
*CC(*)(C)C(=O)OC1CCC(C(C)(C)C)CC1,3.719
*CC(*)(C)C(=O)OCC(C)(C)C,2.857
*CC(*)(C)C(=O)Oc1ccc(C(C)(C)C)cc1,5.068
*CC(*)(C)C(N)=O,4.846
*CC(*)(C)C(=O)Oc1ccc(C)cc1,5.463
*C1C(=O)N(C2CCCCC2)C(=O)C1*,2.387
*CC(*)(CC(=O)OCCCCC)C(=O)OCCCCC,4.951
*CC(*)(CC(=O)OCCCCCC)C(=O)OCCCCCC,3.842
*CC(*)(CC(=O)OCCC)C(=O)OCCC,4.392
*CC(*)(CC(=O)Oc1ccccc1C)C(=O)Oc1ccccc1C,5.234
*CC(*)(CC(=O)Oc1cccc(C)c1)C(=O)Oc1cccc(C)c1,4.073
*CC(*)(CC(=O)Oc1ccc(C)cc1)C(=O)Oc1ccc(C)cc1,6.482
*CC(*)(C#N)C(=O)OCC,4.662
*CCC(C(=O)OCC)C(*)C(=O)OCC,3.832
*C1C(=O)N(c2ccccc2)C(=O)C1*,4.206
*C1C(=O)N(c2ccc(C)cc2)C(=O)C1*,4.976
*CC(*)(C)C(=O)Oc1ccc(C)cc1C,4.126
*CC(*)(C)C(=O)OCCN(CC)S(=O)(=O)C(F)(F)C(F)(F)C(F)(F)C(F)(F)C(F)(F)C(F)(F)C(F)(F)C(F)(F)F,4.319
*CC(*)(C#N)C(=O)OCCCCCC,4.162
*CC(*)(C)C(=O)OCC1CO1,6.033
*CC(*)(C)C(=O)OCCCCCCOc1ccc(-c2ccc(OC)cc2)cc1,6.2
*CC(*)(C)C(=O)OCCN(CC)c1ccc(/N=N/c2ccc([N+](=O)[O-])cc2)cc1,6.683
*CC(*)C(=O)OCCN(CC)c1ccc(/N=N/c2ccc([N+](=O)[O-])cc2)cc1,7.024
*CC(*)C(=O)OCCCCCC(=O)Oc1ccc(-c2ccc(C#N)cc2)cc1,6.768
*CCCC(*)(C)C(=O)O,5.202
*CC(*)(C)C(=O)NC(=O)OC(C)COc1c(Br)cc(S(=O)(=O)c2cc(Br)c(OCC(C)O)c(Br)c2)cc1Br,4.803
*CC(*)C(=O)OCCCCCCOc1ccc(C(=O)Oc2ccc(C#N)cc2)cc1,5.779
*CC(*)(C)C(=O)OCCCCn1c2ccccc2c2ccccc21,1.797
*CC(*)C(=O)NCCCCCC(=O)O,5.964
*CC(*)C(=O)OC(C)CCC(CC)CCCC,3.82
*CC(*)C(=O)NCCCCCCCC/C=C/CCCCCCCC,3.632
*CC(*)(C)C(=O)Oc1ccc([N+](=O)[O-])cc1,6.338
*C1C(=O)OC(=O)C1*,5.872
*CC(*)Cl,3.813
*CCCCCCCCCCC(Cl)C(*)Cl,3.599
*CC(*)CC(C)C(F)(F)F,4.787
*CCC(Cl)C(*)Cl,4.289
*/C=C/C(C*)CCC,4.034
*CC(*)C=C(C)C,2.595
*CC/C=C(/*)CCCCCCCCCC,3.932
*CC/C=C(/*)C(C)(C)C,5.635
*CC/C(C)=C(/*)C,2.76
*/C=C/C(C)C(*)C,2.136
*/C=C/C(C)(C)C(*)(C)C,5.059
*/C=C/C(C(=O)OC(C)C)C(*)C(=O)OC(C)C,4.405
*C1C=CC(*)C1,4.756
*CO*,7.092
*OC(*)C(Cl)(Cl)Cl,1.975
*OC(*)CCC#N,4.716
*CCO*,4.015
*CC(C)(C)O*,3.438
*CC(O*)c1ccccc1,6.452
*CC(COc1ccccc1)O*,6.42
*CC(COc1ccccc1C)O*,5.035
*CC(COc1cccc(C)c1)O*,2.423
*CC(COc1ccccc1Cl)O*,4.045
*CC(COc1ccc(Cl)cc1)O*,6.303
*CC(COc1ccccc1C(C)C)O*,4.35
*CCCCO*,3.399
*CCCCCCCCCCCCO*,2.951
*Oc1ccc(*)cc1,5.594
*Oc1cccc(*)c1,2.137
*Oc1c(C)cc(*)cc1C,3.772
*Oc1c(-c2ccccc2)cc(*)cc1-c1ccccc1,7.488
*Oc1ccc(Cc2ccc(*)cc2)cc1,6.204
*OC1C(C)(C)C(*)C1(C)C,7.332
*CCCCCCCCCCCCCCCCCCOCO*,3.24
*CCCCCCCCCCOCCCCCCOCCCCCCO*,3.066
*CCCCCCCCCCOCCCCCCCCCCOCCCCO*,2.739
*CCCCCCCCCCC(=O)OCCOC(=O)c1ccc(O*)cc1,5.007
*CCCCCC(=O)OCCCCCCOC(=O)c1ccc(O*)cc1,4.334
*CCCCC(=O)OCCCCCCOC(=O)c1ccc(O*)cc1,4.867
*CCCCCCCCCCC(=O)OCCCCCCOC(=O)c1ccc(O*)cc1,4.053
*CCCCCCC(=O)NCCCCCCNC(=O)CCCCCCO*,3.878
*CCCCCCCCC(=O)NCCCCCCNC(=O)CCCCCCCCO*,3.719
*CCCCCCCCC(=O)NCCCCCOCCCCCNC(=O)CCCO*,3.734
*CCCCCCCCCCC(=O)NCCCCCOCCCCCNC(=O)CCCO*,3.632
*CCCCCCCCC(=O)NCCCCCOCCCCCNC(=O)CCCCO*,3.979
*CCCCCCCCCCC(=O)NCCCCCOCCCCCNC(=O)CCCCO*,3.711
*CCCCCNC(=O)CCCCCCOCCCCCCC(=O)NCCCCCO*,3.566
*CCCCCNC(=O)CCCCCCCCOCCCCCCCCC(=O)NCCCCCO*,2.964
*CCCC(=O)NCc1ccc(CNC(=O)CCCO*)cc1,5.584
*CCCCCC(=O)NCc1ccc(CNC(=O)CCCCCO*)cc1,4.925
*CCCCCCC(=O)NCc1ccc(CNC(=O)CCCCCCO*)cc1,5.012
*CCCCCCCCC(=O)NCc1ccc(CNC(=O)CCCCCCCCO*)cc1,4.272
*Oc1ccc(S(=O)(=O)c2ccc(Oc3ccc(C(C)(C)c4ccc(*)cc4)cc3)cc2)cc1,6.148
*CCOCCOC(=O)CCCCCCCCCCCCCCCCC(=O)O*,3.216
*CCOC(=O)c1ccc(C(C)(CC)c2ccc(C(=O)O*)cc2)cc1,4.939
*Oc1ccc(S(=O)(=O)c2ccc(Oc3ccc(Cc4ccc(*)cc4)cc3)cc2)cc1,5.974
*CC(COc1ccc(-c2ccccc2)cc1)O*,5.983
*Oc1c(C)cc(*)cc1-c1ccccc1,2.744
*CC(COc1ccc(C(C)(C)c2ccc(O*)cc2)cc1)OC(C)=O,6.232
*CC(COc1ccc(C(C)(C)c2ccc(O*)cc2)cc1)OC(=O)CCl,6.576
*CC(COc1ccc(C(C)(C)c2ccc(O*)cc2)cc1)OC(=O)CC,5.428
*CC(O)COc1ccc(C(C)(C)c2ccc(O*)c(Cl)c2)cc1Cl,3.586
*CC(O)COc1c(Cl)cc(C(C)(C)c2cc(Cl)c(O*)c(Cl)c2)cc1Cl,5.22
*CC(COc1c(Cl)cc(C(C)(C)c2cc(Cl)c(O*)c(Cl)c2)cc1Cl)OC(C)=O,5.565
*CC(O)COc1ccc(C(C)(CC)c2ccc(O*)cc2)cc1,5.928
*OC1CCCCC1*,5.13
*Oc1ccc(Oc2ccc(C(=O)c3ccc(*)cc3)cc2)cc1,3.384
*Oc1ccc(S(=O)(=O)c2ccc(Oc3c(C)cc(C(C)(C)c4cc(C)c(*)c(C)c4)cc3C)cc2)cc1,6.042
*Oc1ccc(S(=O)(=O)c2ccc(Oc3ccc(C(C)(c4ccccc4)c4ccc(*)cc4)cc3)cc2)cc1,6.593
*Oc1ccc(S(=O)(=O)c2ccc(Oc3ccc(-c4ccc(*)cc4)cc3)cc2)cc1,6.57
*Oc1ccc(Oc2ccc(Oc3ccc(S(=O)(=O)c4ccc(*)cc4)cc3)cc2)cc1,5.769
*CCCCCCCCCCCCCCCCCCCCOC(=O)COCC(=O)O*,3.26
*CC(CCl)(CCl)O*,5.7
*CCOCCOC(=O)c1ccccc1-c1ccccc1C(=O)O*,4.078
*Oc1cccc(NC(=O)CCCCCCCCCCC(=O)Nc2ccc(*)cc2)c1,4.433
*Oc1ccc(NC(=O)CCCCCCCCCC(=O)Nc2ccc(*)cc2)cc1,5.451
*c1ccc(-c2nc3ccc(Oc4ccc5nc(*)c(-c6ccccc6)c(-c6ccccc6)c5c4)cc3c(-c3ccccc3)c2-c2ccccc2)cc1,5.12
*ON(C(F)(F)F)C(F)(F)C(*)(F)F,5.14
*c1ccc(Oc2ccc(-c3ccc(Oc4ccc(-c5cnc6cc(-c7ccc8nc(*)cnc8c7)ccc6n5)cc4)cc3)cc2)cc1,6.671
*CC(COc1c(C)cccc1C)O*,2.086
*Oc1ccc(C(C)(C)c2ccc(Oc3ccc(C(=O)c4ccccc4-c4ccccc4C(=O)c4ccc(*)cc4)cc3)cc2)cc1,5.86
*Oc1ccc(C(c2ccc(Oc3ccc(C(=O)c4ccccc4-c4ccccc4C(=O)c4ccc(*)cc4)cc3)cc2)(C(F)(F)F)C(F)(F)F)cc1,5.891
*Oc1ccc(Oc2ccc(C(=O)c3ccccc3-c3ccccc3C(=O)c3ccc(*)cc3)cc2)cc1,5.07
*Oc1ccc(C(C)(C)c2ccc(Oc3ccc(C(=O)Nc4ccc(-c5ccc(NC(=O)c6ccc(*)cc6)cc5C(F)(F)F)c(C(F)(F)F)c4)cc3)cc2)cc1,6.277
*CCCCCCCCCCOc1ccc(OC(=O)c2ccc(OCCCCCCOc3ccc(C(=O)Oc4ccc(O*)cc4)cc3)cc2)cc1,5.209
*c1ccc(Oc2ccc(N3C(=O)c4ccc(Oc5cc6ccccc6cc5Oc5ccc6c(c5)C(=O)N(*)C6=O)cc4C3=O)cc2)cc1,3.986
*Oc1ccc(S(=O)(=O)c2ccc(Oc3ccc(C4(c5ccc(*)cc5)c5ccccc5-c5ccccc54)cc3)cc2)cc1,4.044
*CCc1ccc(*)o1,3.182
*c1cccc(-c2nc3ccc(-c4ccc5oc(*)nc5c4)cc3o2)c1,3.432
*CS*,4.506
*SC(*)(F)F,5.462
*CCS*,4.414
*CCCCCCCCCCSCCCCCCS*,3.351
*CCCCCCCCCCCSCCCCCCS*,3.302
*Sc1ccc(*)cc1,10.563
*OC(=O)CCSc1ccc(SCCC(*)=O)cc1,7.121
*OC(=O)CSCc1ccc(CSCC(*)=O)cc1,6.703
*OC(=O)CCSCc1ccc(CSCCC(*)=O)cc1,5.961
*CCCCCC(=O)NCc1ccc(CNC(=O)CCCCCS*)cc1,4.946
*CCCCCCCCC(=O)NCc1ccc(CNC(=O)CCCCCCCCS*)cc1,4.318
*CCCCCCCCCCC(=O)NCc1ccc(CNC(=O)CCCCCCCCCCS*)cc1,4.204
*CCCCC(=O)NCCc1ccc(CCNC(=O)CCCCS*)cc1,4.766
*CCCCCCC(=O)NCCc1ccc(CCNC(=O)CCCCCCS*)cc1,3.924
*CCCCCCCCC(=O)NCCc1ccc(CCNC(=O)CCCCCCCCS*)cc1,3.985
*CCCCCCCCCCC(=O)NCCc1ccc(CCNC(=O)CCCCCCCCCCS*)cc1,4.223
*CCc1ccc(Cc2ccc(CCS*)cc2)cc1,7.098
*CCCCCCCCCCSSCCCCCCSS*,3.697
*CCCCCCCCCCCCCCCCCCCCOC(=O)CCCCSCCCCC(=O)O*,3.471
*CCS/C(=N\c1ccccc1)S*,5.793
*CCCCSSCCCSS*,3.696
*CCCCOC(=O)SSSSC(=O)O*,2.499
*CCCC1CCN(C(=O)SSCCCCSSC(=O)N2CCC(*)CC2)CC1,5.671
*CCOC(=O)CCCCSCCCCC(=O)O*,3.486
*OC(C)COC(=O)CCCCSCCCCC(*)=O,3.731
*Sc1c(C)cc(*)cc1C,3.58
*c1ccc2c(c1)SC1=Nc3cc(-c4ccc5c(c4)N=C4Sc6cc(*)ccc6N=C4N5)ccc3NC1=N2,2.067
*CCCCCCCCCCOC(=O)CCCCCCC(=O)O*,2.997
*CCCCCCCCCOC(=O)CCCCCCCC(=O)O*,2.47
*CCCCCCCCCCOC(=O)CCCCCCCC(=O)O*,2.776
*CCCCCCCCCCOC(=O)CCCCCCCCC(=O)O*,2.739
*CCOC(=O)c1ccc(C(=O)O*)cc1,6.558
*Oc1c(Cl)cc(C(C)(C)c2cc(Cl)c(OC(=O)CCCCC(*)=O)c(Cl)c2)cc1Cl,5.429
*Oc1ccc(C(C)(C)c2ccc(OC(=O)c3ccc(C(*)=O)cc3)cc2)cc1,6.917
*Oc1ccc(C(C)(C)c2ccc(OC(=O)c3cccc(C(*)=O)c3)cc2)cc1,5.701
*CCCCCC(=O)O*,3.451
*CCCCCCCCCCCCCCC(=O)O*,3.753
*CCCCCCCCCCOC(=O)CCCCCCCCCCCCCCCCC(=O)O*,3.138
*CCCCCCCCCCCCOC(=O)CCCCC(=O)O*,3.538
*CCCCCCCCCCCCOC(=O)CCCCCCC(=O)O*,2.948
*CCCCCCCCCCCCCCOC(=O)CCCCC(=O)O*,3.648
*CCCCCCCCCCCCCCOC(=O)CCCCCCC(=O)O*,3.298
*CCCCCCCCCCCCCCCCOC(=O)CCCCCCC(=O)O*,3.617
*OC(C)COC(=O)/C=C(/CC(*)=O)c1cc(C)ccc1OC,4.117
*CCCCOC(=O)C/C(=C/C(=O)O*)c1ccc(OCC)cc1,5.058
*CCCCCCOC(=O)C/C(=C/C(=O)O*)c1ccc(OCC)cc1,4.815
*OC(C)COC(=O)/C=C(/CC(*)=O)c1ccc(OCC)cc1,4.79
*CC(CCCCCCCCCCCCCCCC)C(CCCCCCCCCCCCCCCC)COC(=O)c1ccc(C(=O)O*)cc1,3.767
*Oc1ccc(-c2ccc(OC(=O)CCCCCC(*)=O)cc2)cc1,6.126
*Oc1ccc(-c2ccc(OC(=O)CCCCCCC(*)=O)cc2)cc1,6.322
*Oc1ccc(-c2ccc(OC(=O)CCCCCCCC(*)=O)cc2)cc1,6.013
*Oc1ccc(-c2ccc(OC(=O)CCCCCCCCC(*)=O)cc2)cc1,6.084
*Oc1ccc(-c2ccc(OC(=O)CCCCCCCCCC(*)=O)cc2)cc1,6.005
*Oc1ccc(-c2ccc(OC(=O)CCCCCCCCCCC(*)=O)cc2)cc1,5.717
*Oc1ccc(-c2ccc(OC(=O)CCCCCCCCCCCC(*)=O)cc2)cc1,6.045
*CCCOC(=O)CCCCCCCCCCCCCCCCC(=O)O*,3.139
*OC(c1ccc(Cl)cc1)C(C)(C)C(*)=O,5.568
*OC(c1ccc(OC)cc1)C(C)(C)C(*)=O,4.781
*Cc1ccc(-c2ccc(C(=O)O*)cc2)cc1,7.114
*CC1CCC(COC(=O)CCCCCCCC(=O)O*)CC1,3.876
*CC1CCC(COC(=O)CCCC(=O)O*)CC1,3.448
*CC1CCC(COC(=O)c2cccc(C(=O)O*)c2)CC1,3.09
*CC1CCC(COC(=O)CCCCCC(=O)O*)CC1,3.327
*CC1CCC(COC(=O)CCCCCCCCC(=O)O*)CC1,2.962
*CCCCCCCCCCOC(=O)CCCCCNC(=O)CCCCC(=O)NCCCCCC(=O)O*,3.919
*CCCCCCCCCCOC(=O)c1ccccc1-c1ccccc1C(=O)O*,3.49
*CCCCCCCCCCOC(=O)c1ccc(NC(=O)O*)cc1,5.174
*CCCCCCCCCCOC(=O)CCCCCNC(=O)c1ccc(C(=O)NCCCCCC(=O)O*)cc1,3.885
*CCCCCCCCCCCCOC(=O)CCCCCNC(=O)CCCCC(=O)NCCCCCC(=O)O*,3.782
*CCCCCCCCCCCCOC(=O)CCCCCNC(=O)c1ccc(C(=O)NCCCCCC(=O)O*)cc1,4.078
*CCCCCCCCCCCCCCCCCCCCOC(=O)CCCCC(=O)O*,3.744
*CCCCCCCCCCCCCCCCCCCCOC(=O)CCC(C)CC(=O)O*,3.246
*CCCCCCCCCCCCCCCCCCCCOC(=O)CCCCCCCC(=O)O*,3.215
*CCCCCCCCCCCCCCCCCCCCOC(=O)c1cccc(-c2cccc(C(=O)O*)c2)c1,4.492
*CCCCCCCCCCCCCCCCCCCCOC(=O)c1ccc(-c2ccc(C(=O)O*)cc2)cc1,3.979
*CCCCCCCCCCCCCCCCCCCCOC(=O)CCCC(=O)O*,3.793
*CCCCCCCCCCCCCCCCCCCCOC(=O)c1cccc(C(=O)O*)c1,3.417
*CCCCCCCCCCCCCCCCCCCCOC(=O)CC(=O)O*,3.659
*CCCCCCCCCCCCCCCCCCCCOC(=O)C(=O)O*,3.534
*CCCCCCCCCCCCCCCCCCCCOC(=O)c1ccccc1C(=O)O*,3.608
*CCCCCCCCCCCCCCCCCCCCOC(=O)CCCCCC(=O)O*,3.06
*CCCCCCCCCCCCCCCCCCCCOC(=O)CCCCCCC(=O)O*,2.937
*OC(C)COC(=O)c1ccccc1-c1ccccc1C(*)=O,4.065
*OC(C)COC(=O)c1cccc(-c2cccc(C(*)=O)c2)c1,5.056
*OC(C)COC(=O)c1ccc(-c2ccc(C(*)=O)cc2)cc1,6.444
*CCOC(=S)c1cccc(C(=S)O*)c1,5.198
*CCCCCCOC(=O)c1ccccc1-c1ccccc1C(=O)O*,3.873
*CCCCCCOC(=O)c1cccc(-c2cccc(C(=O)O*)c2)c1,4.565
*CCCCCCOC(=O)CCCCCNC(=O)c1ccc(C(=O)NCCCCCC(=O)O*)cc1,4.326
*CCCCCCOC(=O)CCCS(=O)(=O)Cc1ccc(CS(=O)(=O)CCCC(=O)O*)cc1,6.027
*Oc1ccc(Cc2ccc(OC(=O)CCCCC(*)=O)cc2)cc1,5.948
*CCCCCOC(=O)c1ccccc1-c1ccccc1C(=O)O*,4.085
*CCCCCOC(=O)c1cccc(-c2cccc(C(=O)O*)c2)c1,4.936
*CCCCCOC(=O)c1ccccc1C(=O)O*,3.933
*CCc1ccc(CCOC(=O)CCc2ccc(CCC(=O)O*)cc2)cc1,6.312
*Oc1ccc(/C=N/c2ccc(/N=C/c3ccc(OC(=O)CCCCC(*)=O)c(OC)c3)cc2)cc1OC,6.55
*Oc1ccc(/C=N/c2ccc(/N=C/c3ccc(OC(=O)c4cccc(C(*)=O)c4)c(OC)c3)cc2)cc1OC,5.937
*Oc1ccc(/C=N/c2ccc(/N=C/c3ccc(OC(=O)CCCCCCCCC(*)=O)c(OC)c3)cc2)cc1OC,5.868
*CCc1ccc(CCOC(=O)c2ccc(C(=O)O*)cc2)cc1,6.054
*CCCCCc1ccc(CCCCCOC(=O)c2ccc(C(=O)O*)cc2)cc1,4.823
*CCCCc1ccc(CCCCOC(=O)c2ccc(C(=O)O*)cc2)cc1,4.892
*CCCc1ccc(CCCOC(=O)c2ccc(C(=O)O*)cc2)cc1,5.317
*CCC(=O)Oc1ccc(OC(=O)CCN2CCN(*)CC2)cc1,7.096
*CCCCCCCCCCCCCCOC(=O)c1ccc(C(=O)NCCCCCNC(=O)c2ccc(C(=O)O*)cc2)cc1,4.384
*CCCCCCCCCCCCCCOC(=O)c1ccc(C(=O)NCCCCCCNC(=O)c2ccc(C(=O)O*)cc2)cc1,4.117
*CCCCCCCCCCCCCCOC(=O)c1ccc(C(=O)NCCNC(=O)c2ccc(C(=O)O*)cc2)cc1,4.371
*CCCCOC(=O)CCCCCNC(=O)CCCCC(=O)NCCCCCC(=O)O*,3.959
*CCCCOC(=O)CCCCCCCC(=O)O*,3.115
*CCCCOC(=O)c1ccccc1-c1ccccc1C(=O)O*,4.221
*CCCCOC(=O)c1cccc(-c2cccc(C(=O)O*)c2)c1,5.502
*CCCCOC(=O)c1ccc(-c2ccc(C(=O)O*)cc2)cc1,5.329
*CCCCOC(=S)c1cccc(C(=S)O*)c1,5.04
*CCCCOC(=O)CCCCCNC(=O)c1ccc(C(=O)NCCCCCC(=O)O*)cc1,4.309
*CCCOC(=O)C1CCC(C(=O)O*)CC1,4.94
*CCCOC(=O)c1ccccc1-c1ccccc1C(=O)O*,4.455
*OC(C)CCOC(=O)c1ccccc1-c1ccccc1C(*)=O,4.321
*CCCOC(=O)c1cccc(-c2cccc(C(=O)O*)c2)c1,6.36
*OC(C)CCOC(=O)c1cccc(-c2cccc(C(*)=O)c2)c1,4.85
*CCCOC(=O)c1ccc(-c2ccc(C(=O)O*)cc2)cc1,5.243
*CCCOC(=O)Cc1ccc(CC(=O)O*)cc1,5.802
*Cc1ccc(COC(=O)CCCCCCCCCCC(=O)O*)cc1,5.07
*Cc1ccc(COC(=O)CCCCCCC(=O)O*)cc1,5.628
*Oc1c(C)cc(C(C)(C)c2cc(C)c(OC(=O)CCCCC(*)=O)c(C)c2)cc1C,6.224
*Oc1ccc(C(C)(C)c2ccc(OC(=O)CCCCC(*)=O)cc2)cc1,5.621
*CCC(C)CCC(=O)O*,3.987
*Oc1c(C)cc(C(C)(C)c2cc(C)c(OC(=O)CCCCCCCCC(*)=O)c(C)c2)cc1C,5.598
*Oc1ccc(C(C)(C)c2ccc(OC(=O)CCCCCCCCC(*)=O)cc2)cc1,4.52
*Oc1c(C)cc(C(C)(C)c2cc(C)c(OC(=O)CCCCCC(*)=O)c(C)c2)cc1C,5.69
*Oc1cc(CCC)cc(OC(=O)c2cccc(C(*)=O)c2)c1,4.094
*CCCCCCCCCCCCOC(=O)c1cccc(C(=O)O*)c1,3.817
*CCOC(=O)CCCCCNC(=O)c1ccc(C(=O)NCCCCCC(=O)O*)cc1,4.389
*CCCCOC(=O)c1ccc(C(C)(C)c2ccc(C(=O)O*)cc2)cc1,4.671
*Oc1cccc(OC(=O)c2ccc(C(C)(C)c3ccc(C(*)=O)cc3)cc2)c1,4.772
*Oc1ccc(C(C)(C)c2ccc(OC(=O)CN(CC(*)=O)c3ccc(/N=N/c4ccc([N+](=O)[O-])cc4)cc3)cc2)cc1,7.014
*Oc1ccc(-c2ccc(-c3cc(-c4ccccc4)c(-c4ccc(-c5ccc(OC(=O)c6ccc(C(*)=O)cc6-c6ccccc6)cc5)cc4)c(-c4ccccc4)c3-c3ccccc3)cc2)cc1,8.011
*CCOC(=O)Cc1ccc(-c2ccc(CC(=O)O*)cc2)cc1,7.893
*Oc1ccc(OC(=O)CCCCCCCCC(*)=O)cc1,4.034
*Oc1ccc(C(C)(C)c2ccc(OC(=O)C(*)=O)cc2)cc1,6.667
*Oc1ccc(C(C)(C)c2ccc(OC(=O)/C=C/C(*)=O)cc2)cc1,6.771
*Cc1ccc2nc(-c3cc(-c4nc5ccc(*)cc5c(=O)o4)cc(N4C(=O)c5ccccc5C4=O)c3)oc(=O)c2c1,4.533
*CCCCNC(=O)CCCCC(=O)N*,4.678
*CCCCCCNC(=O)CCCCC(=O)N*,4.335
*CCCCCCNC(=O)CCCCCCCCC(=O)N*,3.673
*CCCCCCCCNC(=O)CCCCCCCCCCC(=O)N*,3.352
*CCCCCCCCNC(=O)CCCCCCCCCCCCCCCCCCCCC(=O)N*,3.171
*CCCCCCCCCCCC(=O)N*,3.616
*CCCCCCCCCCCCCCNC(=O)CCCCCCCCCCCCCCCCC(=O)N*,3.54
*CCCCCCCCCCCCCCCCCCNC(=O)CCCCCCCCCCCCCCCCC(=O)N*,3.277
*CCCCCCCCCCNC(=O)CCCCCCCCC(=O)N*,3.15
*CCc1ccc(CCNC(=O)CCCCCCCCCCCCCCCCC(=O)N*)cc1,4.119
*Cc1cccc(CNC(=O)/C=C(\C)C(=O)N*)c1,4.07
*CCCCCCNC(=O)c1ccc(C(C)(CC)c2ccc(C(=O)N*)cc2)cc1,4.524
*CCCCNC(=O)c1ccc(C(C)(CC)c2ccc(C(=O)N*)cc2)cc1,4.585
*Cc1ccc(CNC(=O)CCCCCCCCCCCCCCCCC(=O)N*)cc1,4.595
*CCCCCCCCCCCCCCCCCCNC(=O)CCc1ccc(CCC(=O)N*)cc1,4.543
*CCCCCCCCCNC(=O)CCCCCCCC(=O)N*,3.661
*CCCCCCCCCCNC(=O)CC/C=C/CCC(=O)N*,3.473
*CCCCCCCCCCC(=O)NCCCCCC(=O)N*,3.908
*CCNC(=O)CCCCCCCCC(=O)N*,4.158
*CCCCNC(=O)CCCCCCC(=O)N*,3.918
*CCCCNC(=O)CCCCCCCCCC(=O)N*,3.829
*CCCCCNC(=O)CCCCCCCCCCCCC(=O)N*,3.905
*CCCCCCNC(=O)CCCCCCCCCCCCC(=O)N*,3.682
*CCCCCCNC(=O)CCCCCCCCCCCCCCCCC(=O)N*,3.677
*CCCCCCCNC(=O)CCCCCCCCC(=O)N*,3.604
*CCCCCCCNC(=O)CCCCCCCCCC(=O)N*,3.742
*CCCCCCCCNC(=O)CCCCCCCC(=O)N*,3.169
*CCCCCCCCNC(=O)CCCCCCCCCCCCCCCCC(=O)N*,3.352
*CCCCCCCCCNC(=O)CCCCCCCCC(=O)N*,3.383
*CCCCCCCCCNC(=O)CCCCCCCCCC(=O)N*,3.515
*CCCCCCCCCCNC(=O)CCCCCCC(=O)N*,3.608
*CCCCCCCCCCNC(=O)CCCCCCCCCCCC(=O)N*,3.398
*CCCCCCCCCCNC(=O)CCCCCCCCCCCCC(=O)N*,3.276
*CCCCCCCCCCNC(=O)CCCCCCCCCCCCCCCCCCC(=O)N*,3.888
*CCCCCCCCCCNC(=O)CCCCCCCCCCCCCCCCCCCCC(=O)N*,3.408
*CCCCCCCCCCCNC(=O)CCCCC(=O)N*,3.725
*CCCCCCCCCCCNC(=O)CCCCCCCCC(=O)N*,3.245
*CCCCCCCCCCCCNC(=O)CCCCC(=O)N*,3.864
*CCCCCCCCCCCCNC(=O)CCCCCCCCCCCCCCCCCCCCC(=O)N*,3.134
*CCCCCCCCCCCCCCNC(=O)CCCCCCCCC(=O)N*,3.889
*CCCCCCCCCCCCCCNC(=O)CCCCCCCCCCC(=O)N*,3.624
*CCCCCCCCCCCCCCNC(=O)CCCCCCCCCCCCCCCCCCCCC(=O)N*,3.6
*CCCCCCCCCCCCCCCCCCNC(=O)CCCCCCCCC(=O)N*,3.436
*CCCCCCCCCCCCCCCCCCNC(=O)CCCCCCCCCCC(=O)N*,3.227
*CCCCCCCCCCCCCCCCCCNC(=O)CCCCCCCCCCCCCCCCCCCCC(=O)N*,3.166
*Cc1ccc(C(=O)N*)cc1,6.662
*CCCCNC(=O)c1ccc(C(=O)N*)cc1,4.719
*CCCCCCNC(=O)c1ccc(Cc2ccc(C(=O)N*)cc2)cc1,5.817
*CCCCCCNC(=O)c1ccc(C(C)(C)c2ccc(C(=O)N*)cc2)cc1,4.325
*CCCCCCNC(=O)c1ccc(C(C)c2ccc(C(=O)N*)cc2)cc1,5.112
*CCCCCCCCNC(=O)CCc1ccc(CCC(=O)N*)cc1,4.991
*CCCCCCCCCCNC(=O)c1cccc(C(=O)N*)c1,3.768
*CCCCCCCCCCNC(=O)Cc1ccc(CC(=O)N*)cc1,5.408
*CCCCCCCCCCNC(=O)CCc1ccc(CCC(=O)N*)cc1,4.991
*CCCCCCCCCCNC(=O)c1ccc(Cc2ccc(C(=O)N*)cc2)cc1,5.451
*CCCCCCCCCCCNC(=O)c1ccc(C(=O)N*)cc1,4.025
*CCCCCCCCCCCCNC(=O)Cc1ccc(CC(=O)N*)cc1,5.098
*CCCCCCCCCCCCCCNC(=O)c1ccc(C(=O)N*)cc1,4.26
*CCCCCCCCCCCCCCNC(=O)Cc1ccc(CC(=O)N*)cc1,4.62
*CCCCCCCCCCCCCCCCCCNC(=O)c1ccc(C(=O)N*)cc1,4.278
*CC1CCC(CNC(=O)CCCCC(=O)N*)CC1,3.985
*CC1CCC(CNC(=O)CCCCCCC(=O)N*)CC1,3.702
*CC1CCC(CNC(=O)CCCCCCCC(=O)N*)CC1,4.255
*Cc1ccc(CNC(=O)CCCCC(=O)N*)cc1,6.421
*CCc1ccc(CCNC(=O)CCCCCCCC(=O)N*)cc1,4.663
*CCc1ccc(CCNC(=O)CCCCCCCCCCC(=O)N*)cc1,4.515
*CCc1ccc(CCNC(=O)CCCCCCCCCCCC(=O)N*)cc1,4.183
*Cc1ccc(CNC(=O)CCCCCCCCCCCCC(=O)N*)cc1,4.714
*CCc1ccc(CCNC(=O)CCCCCCCCCCCCCCCCCCCCC(=O)N*)cc1,4.274
*CCCCCCN(C)C(=O)CCCCCCCCCCCCCCCCC(=O)N(*)C,3.713
*CCCCCCN(C)C(=O)c1ccc(C(=O)N(*)C)cc1,6.527
*CCCCCC(=O)NCc1ccc(CNC(=O)CCCO*)cc1,5.008
*CCCCCCC(=O)NCc1ccc(CNC(=O)CCCCO*)cc1,4.675
*CCCCCCCCC(=O)NCc1ccc(CNC(=O)CCCO*)cc1,4.926
*CCCCNC(=O)Cc1ccc(CNC(=O)CCCO*)cc1,5.536
*CCCCCCCCC(=O)NCc1ccc(CNC(=O)CCCCO*)cc1,4.605
*CCCCCCCCCCC(=O)NCc1ccc(CNC(=O)CCCO*)cc1,4.77
*CCCCCCCCCCC(=O)NCc1ccc(CNC(=O)CCCCO*)cc1,4.783
*CCCCCC(=O)NCc1ccc(CNC(=O)CCCCO*)cc1,5.204
*CCCCCCC(=O)NCc1ccc(CNC(=O)CCCO*)cc1,5.408
*CCCCCCCCCCC(=O)NCCCCCCNC(=O)CCCCO*,4.051
*CCCCCCCCCCC(=O)NCCCCCCNC(=O)CCCO*,3.554
*CCCCCCCCC(=O)NCCCCCCNC(=O)CCCCO*,3.435
*CCCCCCCCC(=O)NCCCCCCNC(=O)CCCO*,3.978
*CCCCCCCCCCCCCCCCCCCCCC(=O)N*,3.12
*CCCCCCCCCCNC(=O)C(CCCCCCCCCCCC)C(=O)N*,3.727
*CCCCCCCCCCNC(=O)CCCCCCCCC(=O)NCCCCCCCCCCNC(=O)C(=O)N*,3.61
*CCCCCCNC(=O)CCCCCCCCCCCCCCCCCCCCC(=O)N*,3.588
*CCCCCCNC(=O)C(CCCCCCCCCCCCCCCCC)C(=O)N*,3.478
*CCCCCCNC(=O)C(CCCCCCCCCCCCCCCC)C(=O)N*,3.644
*CCCCCCCCCNC(=O)CCCCCCCCC(=O)NCCCCCCCCCNC(=O)C(=O)N*,3.532
*CCCCCNC(=O)CCCCCCCCCCCCCCCCC(=O)N*,3.706
*CCCCCNC(=O)CCCCCCCCCCCC(=O)N*,3.603
*CCc1ccc(CCNC(=O)CCCCCCCCCCCCCCCC(=O)N*)cc1,4.06
*CCCCCCCCCCCNC(=O)CCCCCCCCC(=O)NCCCCCCCCCCCNC(=O)C(=O)N*,3.53
*CC(C)(C)COC(=O)NC1CCC(CC2CCC(NC(=O)O*)CC2)CC1,3.971
*CCCCCCCCCCCCCNC(=O)CCCCCCCCCCCC(=O)N*,3.485
*CCCCCCCCCCCCCCNC(=O)NCCCCCCNC(=O)N*,4.632
*CCCCCCCCCCNC(=O)NCCCCCCCCNC(=O)N*,4.1
*CCCC1CC(=O)N(*)C(=O)C1,3.61
*c1ccc(Cc2ccc(-n3c(=O)c4cc5c(=O)n(*)c(=O)c5cc4c3=O)cc2)cc1,5.201
*c1cccc(N2C(=O)c3ccc(Oc4ccc(C(C)(C)c5ccc(Oc6ccc7c(c6)C(=O)N(*)C7=O)cc5)cc4)cc3C2=O)c1,6.894
*c1ccc2c(c1)C(=O)N(c1ccc(C(c3ccc(N4C(=O)c5ccc(C(*)(C(F)(F)F)C(F)(F)F)cc5C4=O)cc3)(C(F)(F)F)C(F)(F)F)cc1)C2=O,6.702
*c1ccc(N2C(=O)c3ccc(-c4cccc5c4C(=O)N(*)C5=O)cc3C2=O)cc1,7.389
*Oc1ccc(C(C)(C)c2ccc(OC(*)=O)cc2)cc1,5.622
*Oc1ccc(C(C)(C)c2ccc(OC(*)=O)c(Cl)c2)cc1Cl,4.478
*CCN*,4.869
*CCN(*)C(=O)CCCCCCCCCCCCCCCCC,3.82
*CCCN*,4.919
*c1nc(-c2ccccc2)nc(N(c2ccccc2)c2ncnc(N(*)c3ccccc3)n2)n1,5.698
*c1ccc(-c2nnc(-c3cccc(-c4nnc(*)n4-c4ccccc4)c3)n2-c2ccccc2)cc1,6.006
*C(=O)C(*)(C)C,6.926
*CCCCCCS(*)(=O)=O,5.281
*CCCCCCS(=O)(=O)CCCCCS(*)(=O)=O,5.596
*CCCNS(*)(=O)=O,6.999
*CCCS(*)(=O)=O,8.517
*CC(C)(C)CS(*)(=O)=O,6.091
*CC(C)S(*)(=O)=O,7.212
*Cc1cc(*)c(N)c(C)c1N,6.241
*c1cccc(*)c1,2.02
*/C=C/c1ccc(*)cc1,8.613
*c1ccc(C2C(C(=O)OCC)C(*)C2C(=O)OCC)cc1,5.99
*c1ccc(C2C(C#N)(C(=O)OCCC)C(*)C2(C#N)C(=O)OCCC)cc1,5.326
*CCc1c(C)c(C)c(*)c(C)c1C,5.142
*CCc1cc(*)c(C)cc1C,2.419
*C1CC2C3CCC(C3)C2C1*,6.648
*CCCCCC(*)CCCCCC,4.076
*CCCCCC(*)CCCCCCCC,3.735
*CCCCCC(*)CCCCCCCCCC,4.033
*CCCCCC(*)CCCCCCCCCCCCCC,3.875
*C1C2CCC(C2)C1*,6.189
*CCC([2H])C(*)([2H])C,4.052
*C1CC2CC1C(*)C2CCCC,4.223
*C1CC2CC1C(*)C2CCCCCC,5.108
*C1CC2CC1C(*)C2CCCCCCCCCC,4.614
*CCC1CCC(*)C1,4.708
*CCC1CC(*)C2C3CCC(C3)C12,6.99
*CC(*)c1ccc(C=C)cc1,3.3
*CC(*)c1cc(OC(C)CC)ccc1OC(C)CC,4.649
*CC(*)c1c([2H])c([2H])c([2H])c([2H])c1[2H],6.937
*CC(*)c1ccc(-c2ccc3c(c2)C(CCCCCC)(CCCCCC)c2cc(-c4ccc5c(c4)C(CCCCCC)(CCCCCC)c4ccccc4-5)ccc2-3)cc1,4.712
*CC(*)c1c(F)c(F)c(C(F)(F)F)c(F)c1F,7.897
*CC(*)c1ccccc1,6.379
*/C(C#N)=C(/*)c1ccccc1,6.062
*/C=C(/*)CCCCCCCCCCCCCCCCCCCCC(=O)O,4.241
*/C=C(/*)C#CCCCCCCCCCCCCCCCCCCCCC(=O)O,3.873
*CC(*)n1cncn1,4.361
*/C=C/CCCCCCCCCC(Cl)CCCCCCCCC*,3.118
*CCCCCCCCCCCCCCCCCCCCC(*)COCCOCCOCCOCCOCCCCCCCCCCCCCC,3.49
*CCCCCCCCCCCCCCC(*)Cl,3.385
*CCCCCCCCCCCCCCCCCCCCC(*)Cl,3.458
*/C=C/CCCCCCCC*,2.835
*c1nc2cc(-c3ccc4[nH]c(-c5ccc(*)o5)nc4c3)ccc2[nH]1,5.583
*CCCCCCCCCCCCCCCCCCCCc1nnc(*)o1,2.865
*Oc1cc(C)c(CC(*)C=C)cc1C,3.887
*Oc1ccc(/N=N/c2ccc(*)cc2)cc1,6.741
*Oc1c(C)cc(*)cc1C(C)CCCCCCCCCCCC,3.587
*C(F)(F)C(F)(F)C1(F)C(*)(F)OC(F)(F)C1(F)F,3.078
*CC(=O)c1ccc(Oc2ccc(C(=O)COc3ccc(/C=C4\CCC/C(=C\c5ccc(O*)cc5)C4=O)cc3)cc2)cc1,6.065
*c1sc(*)c2c1OCC(CCCCCCCCCCCCCCCC)O2,5.683
*CCCCCCCCCCCCCCS*,2.966
*c1cc(CCCCCCCCCCCCCC)c(*)s1,5.275
*c1nc2cc3sc(-c4cc(OCCCCCCCCCCCC)c(*)cc4OCCCCCCCCCCCC)nc3cc2s1,8.353
*c1cc(CCCCCCCCCCCCC)c(*)s1,5.703
*c1cc(CCCCCCCCCCCCCCC)c(*)s1,4.687
*/C=C/c1sc(*)c(OCCCCCCCCCCCC)c1OCCCCCCCCCCCC,3.404
*c1cc(CCCCCCCCCCCCCCCCCCCCCC)c(*)s1,4.678
*c1ccc(-c2sc(-c3cc(CCCCCCCCCCCC)c(*)s3)cc2CCCCCCCCCCCC)cc1,6.221
*c1cc(CCCCCCCCCCCCCCCCCC)c(*)s1,4.692
*c1sc(*)c2sc(CCCCCCCCC)nc12,7.165
*c1sc(*)c(OCCCCCCCCCCCC)c1C,4.868
*c1sc(*)c(OCCCCCCCCCCCCCC)c1C,4.396
*c1sc(*)c(OCCCCCCCCCCCCCCCCCCCC)c1C,4.034
*CCCCCCOC(=O)Cc1ccc(CC(=O)O*)cc1,5.596
*CCCCCCCCCCCCCCCCOC(=O)CCCCCCCCC(=O)O*,3.517
*OC1CCC(OC(=O)CCC(*)=O)CC1,5.491
*Cc1c(C)c(C)c(CSC(=O)C(=O)S*)c(C)c1C,5.284
*CCCCOC(=O)CCCCCCCCCCCCCCCCCCCCCCCCCCCCCCCCCCC(=O)O*,3.541
*CCCCCCCCCCCCCCCCCCCCCCOC(=O)CCC(=O)O*,3.507
*CCCCCCCCCCCCCCCCCCCCCCOC(=O)CCCCC(=O)O*,3.611
*CCCCCCCCCCCCCCC(=O)N*,3.774
*CCCCCCCCNC(=O)CCCCCCCCC(=O)NCCCCCCCCNC(=O)C(=O)N*,3.181
*C(=O)N(*)CCCCCCCCCCCCCCCCCC,3.777
*CCCCCCCCCCCCNC(=O)CCCCCCCCCCCCCCCCCCC(=O)N*,3.227
*CCCCCCNC(=O)CCCCCCCCCCCCCCC(=O)N*,4.129
*CCCCCCCCNC(=O)CCCCCCCCCCCCCCC(=O)N*,3.192
*CCCCCCCCCCNC(=O)CCCCCCCCCCCCCCC(=O)N*,3.402
*CCCCCCCCCCCCNC(=O)CCCCCCCCCCCCC(=O)N*,3.328
*CCCCCCCCCCCNC(=O)CCCCCCCCCCCCCCCCCCC(=O)N*,3.455
*CCCCCCCNC(=O)CCCCCCCCCCCCCCCCCCC(=O)N*,3.685
*CCCNC(=O)CCCCCCCCCCCCCCCCCCC(=O)N*,3.885
*CCCCOC(=O)NC1CCC(CC2CCC(NC(=O)O*)CC2)CC1,5.606
*CC(C)(C)C1C(=O)N(C)C(=O)C1*,6.444
*CC(C)(C)C1C(=O)N(C2CCCCC2)C(=O)C1*,4.706
*C1C(=O)N(CCCOc2ccc(-c3ccc(C#N)cc3)cc2)C(=O)C1*,8.728
*CC(CCCCCCCCCCCCCCCC)C1C(=O)N(CCCCCCCCCCCC)C(=O)C1*,3.48
*Oc1ccc2c(c1)C1(CC2(C)C)CC(C)(C)c2ccc(OC(*)=O)cc21,4.665
*Oc1ccc(C2(c3ccc(OC(=O)OC4C(C)(C)C(OC(*)=O)C4(C)C)cc3)CC3CCC2C3)cc1,5.507
*Oc1ccc(C2(c3ccc(OC(=O)OC4C(C)(C)C(OC(*)=O)C4(C)C)cc3)CCC(C(C)(C)C)CC2)cc1,5.249
*Oc1c([2H])c([2H])c(C(c2c([2H])c([2H])c(OC(*)=O)c([2H])c2[2H])(C([2H])([2H])[2H])C([2H])([2H])[2H])c([2H])c1[2H],5.461
*Oc1c(Cl)cc(C(c2cc(Cl)c(OC(*)=O)c(Cl)c2)C(Cl)(Cl)Cl)cc1Cl,3.189
*Nc1ccc(*)cc1C,5.203
*CCCCc1nc2cc3nc(*)[nH]c3cc2[nH]1,6.476
*/N=N/c1ccc(*)cc1,10.247
*/N=N/c1cc(*)ccc1C,3.735
*Nc1ccc(*)cc1CCCCCCCCCCCCCCC,3.963
*CCN(*)C(=O)CCC(F)(F)C(F)(F)C(F)(F)C(F)(F)C(F)(F)C(F)(F)C(F)(F)C(F)(F)F,3.662
*Nc1cc(OCCCCCC)c(*)cc1OCCCCCC,5.196
*Nc1cc(C)c(*)cc1C,5.916
*N=C1C=CC(=NC2=CC(=O)C(*)=CC2=O)C=C1,3.619
*Nc1ccc(*)c(Cl)c1Cl,9.351
*Nc1cc(*)ccc1N,7.828
*c1cc(CCCCCCCCCCCCCCCC)c(*)[nH]1,4.511
*CCCCCCCCCCN/C(C)=N/*,2.76
*Nc1ccc(*)cc1N,6.858
*Nc1ccc(*)cc1C(C)C,4.626
*Nc1ccc(*)cc1C(C)CC,5.96
*Nc1ccc(*)cc1OCCCCCCCCCCCCCCCC,4.149
*CCCCCCCCCCCCCCCC[N+](C)(C)CCCCCC[N+](*)(C)C,5.29
*c1ccc(C(C#N)(C#N)C(*)(C#N)C#N)cc1,4.189
*/C=C/c1cc(OC)c(*)cc1OC,4.795
*/C=C/c1cc(OCC)c(*)cc1OCC,3.828
*/C=C/c1cc(C)c(*)cc1C,7.005
*/C=C/c1cc(Cl)c(*)cc1Cl,2.232
*/C=C/c1cc(OCCCCCC)c(*)cc1OCCCCCC,6.436
*c1cccc(*)c1N,6.526
*/C=C/C=C/C=C/c1cc(CCCCCCC)c(*)cc1CCCCCCC,3.771
*/C=C/c1cc(CCCCCCC)c(*)cc1CCCCCCC,6.119
*c1cc(CCCCCCCCCCCC)c(*)cc1CCCCCCCCCCCC,3.773
*c1ccc(*)c(N(C)C)c1,9.743
*c1ccc(*)c(OC)c1N,7.71
*c1cc(OCC)c(*)cc1OC,9.586
*c1cc(OCCCCCC)c(*)cc1OC,8.649
*/C(OC)=C(\OC)c1ccc(*)cc1,5.408
*c1c(F)c(F)c(*)c(F)c1F,9.517
*/C=C/c1cc(OC(C)C)c(*)cc1OC,6.251
*c1cc(OCC)c(*)cc1OCC,8.645
*/C=C/c1cc(OCC(CC)CCCC)c(*)cc1OC,6.611
*c1cc(CCCCCC)c(*)cc1CCCCCC,5.766
*CCc1ccc(*)c(Cl)c1Cl,7.802
*/C=C/c1cc(OCCCCCCCCCCCCCCCC)c(/C=C/c2ccc(*)cc2)cc1OCCCCCCCCCCCCCCCC,4.696
*/C=C/c1cc(OCCCC)c(*)cc1OC,7.253
*/C=C/c1cc(CC(CC)CCCC)c(*)cc1CCCC,5.802
*/C=C/c1ccc(*)c(F)c1,4.35
*c1ccc(*)c(CCCCCC)c1,7.131
*/C=C/c1ccc(*)c(OC)c1,8.403
*c1cc(/N=N/c2ccc(OC)cc2)cc(*)c1O,5.87
*c1cc(/N=N/c2ccc(C#N)cc2)cc(*)c1O,7.205
*/C=C/c1cc(OCCC(C)CCCC(C)C)c(*)cc1OC,5.475
*c1ccc(-c2ccc3c(c2)C(CCCCCCC#N)(CCCCCCC#N)c2cc(*)ccc2-3)cc1,6.052
*/C=C/c1cc(OCC2CC3CC2C2CCCC32)c(*)cc1OCC1CC2CC1C1CCCC21,8.271
*c1cc(O)c(O)cc1*,2.922
*c1ccc(-c2ccc3c(c2)C(CCCCCC)(CCCCCC)c2cc(*)ccc2-3)cc1,4.524
*c1ccc2c(c1)C(CCCCCC)(CCCCCC)c1cc(-c3cc(CCCCCC)c(*)cc3CCCCCC)ccc1-2,5.416
*c1ccc2c(c1)C(CCCCCC)(CCCCCC)c1cc(-c3cc(CCCCCCCC)c(*)cc3CCCCCCCC)ccc1-2,4.554
*c1ccc2c(c1)C(CCCCCC)(CCCCCC)c1cc(-c3cc(CCCCCCCCCC)c(*)cc3CCCCCCCCCC)ccc1-2,4.345
*/C=C/c1cc(OCCCCCCCC)c(*)cc1OC,5.179
*/C=C/c1cc(OCCCCCCCCCCCC)c(*)cc1OC,6.918
*/C=C/c1cc(OCCCCCC)c(*)cc1OC,6.846
*c1ccc2c(c1)C(CCCCCC)(CCCCCC)c1cc(-c3cc(OCCCCCCCC)c(*)cc3OCCCCCCCC)ccc1-2,5.399
*CCc1c2ccccc2c(*)c2ccccc12,3.972
*CC(*)(F)C(=O)OCC(F)(F)C(F)(F)C(F)(F)C(F)(F)C(F)(F)C(F)(F)C(F)(F)C(F)(F)C(F)(F)C(F)(F)C(F)(F)F,3.91
*CC(*)(F)C(=O)OCC(F)(F)C(F)(F)C(F)(F)C(F)(F)C(F)(F)C(F)F,4.393
*CC(*)(F)C(=O)OCC(F)(F)C(F)(F)C(F)(F)C(F)(F)C(F)(F)C(F)(F)C(F)(F)C(F)F,3.034
*CC(*)(F)C(=O)OCCC(F)(F)C(F)(F)C(F)(F)C(F)(F)C(F)(F)C(F)(F)C(F)(F)C(F)(F)C(F)(F)C(F)(F)F,3.537
*CC(F)(F)C1(F)CC(C(O)(C(F)(F)F)C(F)(F)F)CC1*,5.882
*c1c(*)c2ccccc2c2ccccc12,3.177
*c1ccc2ccc3c(*)cc(C#C)c4ccc1c2c34,4.87
*c1ccc2ccc3c(*)cc(C#CC=C)c4ccc1c2c34,3.977
*C1=NC2=CC(=CC=C2N1)C1=CC2=C(NC(O2)C2=CC=C(OC3=C4C5C6=C(C=CC=C6)C(C6=C5C=CC=C6)C4=C(OC4=CC=C(*)C=C4)C4=C3C3C5=C(C=CC=C5)C4C4=C3C=CC=C4)C=C2)C=C1,6.165
FC(F)(F)C(C1=CC2=C(OC(=N2)C2=CC=C(OC3=C4C5C6=C(C=CC=C6)C(C6=C5C=CC=C6)C4=C(OC4=CC=C(*)C=C4)C4=C3C3C5=C(C=CC=C5)C4C4=C3C=CC=C4)C=C2)C=C1)(C1=CC=C2OC(*)=NC2=C1)C(F)(F)F,4.222
*C(=O)C1=CC=C(C=C1)C1(OC(=O)C2=C1C=CC=C2)C1=CC=C(C=C1)C(=O)C1=CC=C(OC2=CC=C(C=C2)C(=O)C2=CC=C(OC3=CC=C(*)C=C3)C=C2)C=C1,6.206
*C(=O)C1=CC=C(C=C1)C1(OC(=O)C2=C1C=CC=C2)C1=CC=C(C=C1)C(=O)C1=CC=C(OC2=CC=C(C=C2)C(=O)C2=CC=CC(=C2)C(=O)C2=CC=C(OC3=CC=C(*)C=C3)C=C2)C=C1,6.2
*C1=CC(C(=O)C2=CC=CC=C2)=C(*)C=C1,8.068
BrC1=C(C=CC(*)=C1)C1=NC2=C(N1)C=CC(=C2)C1=CC2=C(NC(*)=N2)C=C1,4.936
*C1=CC2=C(OC3=CC(=CC=C3O2)C2(C3=C(C=CC=C3)C3=C2C=CC=C3)C2=CC3=C(OC4=C(O3)C=CC(*)=C4)C=C2)C=C1,3.199
BrC1=CC(C2=NC3=C(N2)C=CC(=C3)C2=CC3=C(NC(*)=N3)C=C2)=C(Br)C=C1*,5.272
CC(*)C*,4.047
CC(=O)OC1OC(O*)C(OC(C)=O)C(O)C1*,4.842
*C1=CC=C(C=C1)C1(C2=C(C=CC=C2)C2=C1C=CC=C2)C1=CC=C(*)C=C1,2.792
CC(C)(*)C*,4.045
*C1=CC=C(OC2=CC=C(C=C2)C(C2=CC=CC=C2)(C2=CC=CC=C2)C2=CC=C(OC3=CC=C(*)C=C3)C=C2)C=C1,6.723
*C(=C(*)C1=CC2=C(C=C1)C1=C(C2)C=CC=C1)C1=CC=CC=C1,3.851
*C1=CC=C(OC2=CC=C(C=C2)C2(C3C=CC=CC3C3C=CC=CC23)C2=CC=C(OC3=CC=C(*)C=C3)C=C2)C=C1,6.667
CC(C)(C1=CC2N=C(*)OC2C=C1)C1=CC=C2OC(=NC2=C1)C1=CC=C(C=C1)C(=O)C1=CC=C(*)C=C1,3.566
CC(C)(C1=CC=C(O*)C=C1)C1=CC(=CC=C1)C(C)(C)C1=CC=C(OC2=CC=C(C=C2)S(=O)(=O)C2=CC=C(*)C=C2)C=C1,5.706
*C1=NC2=C(N1)C=CC(=C2)C1=CC2=C(NC(=N2)C2=CC=C(*)C=C2)C=C1,3.018
*C1=NC2=C(N1)C=CC(=C2)C1=CC2=C(NC(=N2)C2=CC=CC(*)=C2)C=C1,4.73
CC(C)C(*)=C(C)*,3.42
CC(C)C12C3=C(C=CC=C3)C(C(C)C)(C3=C1C=C1OC4=C(OC1=C3)C=C1C(=O)N(*)C(=O)C1=C4)C1=C2C=C2OC3=C(OC2=C1)C=C1C(=O)N(C(=O)C1=C3)C1=C(C)C2=C(C=C1C)C1C3=C(C=CC=C3)C2C2=C1C=C(C)C(*)=C2C,5.407
*C1=NC2=C(N1)C=CC(=C2)C1=CC2=C(NC(=N2)C2=CC=CC(*)=N2)C=C1,4.098
CC(C)C1=CC(=C(C)C=C1O*)C1(OC(=O)C2C=CC=CC12)C1=C(C)C=C(OC2=CC=C(C=C2)C(=O)C2=CC=C(*)C=C2)C(=C1)C(C)C,4.976
CC(C)CC(*)=C(C)*,3.742
CC(C)CC(*)C*,3.508
CC(C)CC(C)OC(=O)C(*)C(*)C(=O)OC(C)(C)C,2.914
CC(C)CC(C)OC(=O)C(*)C(*)C(=O)OC(C)C,3.686
CC(C)CCC(*)=C(C)*,2.99
CC(C)OC(=O)C(*)C(*)C(=O)OC(C)(C)C,2.746
CC(C*)C(=O)OC(C)C(*)=O,4.195
*C1=NN=C(N1C1=CC=CC=C1)C1=CC=CC(=C1)C1=NN=C(N1C1=CC=CC=C1)C1=CC=C(*)C=C1,5.54
CC(C*)O*,3.73
CC1(C)C2=CC=C(C=C2C(C)(C)C1(C)C)C(*)=C(*)C1=CC=CC=C1,4.278
CC1(C)CC(C)(C)C2=CC(=CC=C12)C(*)=C(*)C1=CC=CC=C1,4.799
CC1(C)CC(C)(C2=C1C=C(Br)C(*)=C2)C1=CC=C(C=C1)N1C(=O)C2=CC=C(C=C2C1=O)C(=O)C1=CC2C(C=C1)C(=O)N(*)C2=O,5.169
*C(=C(*)C1=CC2=C(C=C1)C1=C(C=CC=C1)C=C2)C1=CC=CC=C1,2.519
*CC(*)C1=CC=CC=C1,6.833
CC1(C)CC(C)(C2C=C(*)C=CC12)C1=CC=C(C=C1)C1=NN=C(*)O1,5.481
*CC(*)C1=CC=NC=C1,4.049
CC1(C)CC2(CC(C)(C)C3=C2C=C(O)C(=C3)N2C(=O)C3C=CC(=CC3C2=O)C(C2=CC=C3C(=O)N(*)C(=O)C3=C2)(C(F)(F)F)C(F)(F)F)C2=C1C=C(*)C(O)=C2,5.393
CC1(C)CC2(CC(C)(C)C3=C2C=C2C(=O)N(C(=O)C2=C3)C2=CC3=C(C=C2)C(C)(C)CC32CC(C)(C)C3=C2C=C(*)C=C3)C2=CC3=C(C=C12)C(=O)N(*)C3=O,4.109
CC1(C)CC2(CC(C)(C)C3=C2C=C2OC4=C(OC2=C3)C=C2C(=O)N(C(=O)C2=C4)C2=CC(=C(C=C2)C2=CC=C(*)C=C2C(F)(F)F)C(F)(F)F)C2=C1C=C1OC3=C(OC1=C2)C=C1C(=O)N(*)C(=O)C1=C3,2.159
CC1(C)CC2(CC(C)(C)C3=C2C=C2OC4=C(OC2=C3)C=C2C(=O)N(C(=O)C2=C4)C2=CC(=C(C=C2)C2=CC=C(*)C=C2C(F)(F)F)C(F)(F)F)C2=CC3=C(OC4=CC5=C(C=C4O3)C(=O)N(*)C5=O)C=C12,3.086
CC1(C)CC2(CC(C)(C)C3=C2C=C2OC4=C(OC2=C3)C=C2C(=O)N(C(=O)C2=C4)C2=CC=CC3=C2C=CC=C3*)C2=C1C=C1OC3=C(OC1=C2)C=C1C(=O)N(*)C(=O)C1=C3,2.331
CC1(C)CC2(CC(C)(C)C3=C2C=C2OC4=C(OC2=C3)C=C2C(=O)N(C(=O)C2=C4)C2=CC=CC3=C2C=CC=C3*)C2=CC3=C(OC4=CC5=C(C=C4O3)C(=O)N(*)C5=O)C=C12,2.929
CC1(C)CC2(CC(C)(C)C3=CC=C(OC(=O)O*)C=C23)C2C=C(*)C=CC12,4.658
CC1=C(C)C(N2C(=O)C3=C(C=C(C=C3)C(C3=CC=C4C(=O)N(*)C(=O)C4=C3)(C(F)(F)F)C(F)(F)F)C2=O)=C(C)C(C)=C1*,5.345
CC1=C(C)C(N2C(=O)C3=C(C=C(OC4=CC(C)=C(OC5=CC=C6C(=O)N(*)C(=O)C6=C5)C(C)=C4C)C=C3)C2=O)=C(C)C(*)=C1,6.494
CC1=C(C)C(N2C(=O)C3=CC4=C(C=C3C2=O)C2(CC(C)(C)C3=CC5=C(C=C23)C(=O)N(*)C5=O)CC4(C)C)=C(C)C(C)=C1*,3.832
CC1=C(C)C(N2C(=O)C3=CC4=C(OC5=CC6=C(C=C5O4)C(C)(C)CC64CC(C)(C)C5=CC6=C(OC7=CC8=C(C=C7O6)C(=O)N(*)C8=O)C=C45)C=C3C2=O)=C(C)C(C)=C1*,2.469
CC1=C(C)C(N2C(=O)C3=CC=C(C=C3C2=O)C(C2=CC3C(C=C2)C(=O)N(*)C3=O)(C(F)(F)F)C(F)(F)F)=C(C)C(C)=C1*,4.778
CC1=CC(=C2C=CC=CC2=C1*)C1=C2C=CC=CC2=C(N2C(=O)C3=CC4=C(OC5=C(O4)C=C4C(=C5)C5(C)CCC4(C)C4=C5C=C5OC6=C(OC5=C4)C=C4C(=O)N(*)C(=O)C4=C6)C=C3C2=O)C(C)=C1,5.665
*C(=C(*)C1=CC=C(C=C1)C1=CC=CC=C1)C1=CC=CC=C1,4.132
CC1=CC(=CC(C)=C1*)C1=CC(C)=C(C=C1C)C1=CC(C)=C(*)C(C)=C1,11.047
CC1=CC(=CC(C)=C1*)C1=CC(C)=C(N2C(=O)C3=CC4=C(C=C3C2=O)S(=O)(=O)C2=CC3=C(C=C2S4(=O)=O)C(=O)N(*)C3=O)C(C)=C1,6.767
CC1=CC(=CC(C)=C1O*)C(C)(C)C1=CC(C)=C(OC(=O)C2=CC(=CC(=C2)C(*)=O)C(C)(C)C)C(C)=C1,6.203
CC1=CC(=CC(C)=C1O*)C(C1=CC(C)=C(OC(*)=O)C(C)=C1)(C(F)(F)F)C(F)(F)F,5.962
*CC*,3.614
CC1=CC(C)=C(N2C(=O)C3=C(C=C(C=C3)C(C3=CC4=C(C=C3)C(=O)N(*)C4=O)(C(F)(F)F)C(F)(F)F)C2=O)C(C)=C1*,6.426
CC1=CC(C)=C(N2C(=O)C3=C(C=C4C(=O)N(*)C(=O)C4=C3)C2=O)C(C)=C1*,3.17
CC1=CC(C2=CC(C)=C(*)C3=C2C=CC=C3)=C2C=CC=CC2=C1N1C(=O)C2=CC3=C(C=C2C1=O)C1(C)C2=CC4=C(C=C2C3(C)C2=C1C=CC=C2)C(=O)N(*)C4=O,4.442
*CC1CC(*)OCO1,4.955
CC1=CC2=C(C3C4=C(C=CC=C4)C2C2=C3C(C)=C(N3C(=O)C4=C(C=C5C(=O)N(*)C(=O)C5=C4)C3=O)C(C)=C2)C(C)=C1*,5.58
CC1=CC2=C(C3C4=C(C=CC=C4)C2C2=C3C(C)=C(N3C(=O)C4=CC=C5C(=O)N(*)C(=O)C6=C5C4=C(C=C6)C3=O)C(C)=C2)C(C)=C1*,4.702
CC1=CC2=C(C3C4=C(C=CC=C4)C2C2=C3C(C)=C(N3C(=O)C4C(C5C=CC4C4C5C(=O)N(*)C4=O)C3=O)C(C)=C2)C(C)=C1*,4.624
CC1=CC2=C(C=C1*)S(=O)(=O)C1=CC(N3C(=O)C4=CC5=C(C=C4C3=O)S(=O)(=O)C3=CC4=C(C=C3S5(=O)=O)C(=O)N(*)C4=O)=C(C)C=C21,4.29
CC1=CC2=C(C=C1*)S(=O)(=O)C1=CC(N3C(=O)C4=CC=C(C=C4C3=O)C3=CC4=C(C=C3)C(=O)N(*)C4=O)=C(C)C=C21,5.241
*CCCC*,3.113
CC1=CC2=C(C=C1OC1=CC=C(*)C=C1)C(C)(C)CC1(CC(C)(C)C3=CC(OC4=CC=C(*)C=C4)=C(C)C=C3O1)O2,4.996
CC1=CC2C(C=C1*)S(=O)(=O)C1=C2C=C(C)C(=C1)N1C(=O)C2=CC=C(C=C2C1=O)C(C1=CC2=C(C=C1)C(=O)N(*)C2=O)(C(F)(F)F)C(F)(F)F,5.422
*CCCC=C*,3.202
CC1CC(*)C(Br)C(C)C1O*,5.288
CC1CC(*)C(C(C)C1O*)S(O)(=O)=O,5.444
CCC(C)OC(=O)C(*)C(*)C(=O)OC(C)(C)C,2.462
CCC(C)OC(=O)C(*)C(*)C(=O)OC(C)C,3.669
*CCCCCC\C=C\*,2.756
CCCC(*)=C(C)*,2.177
CCCCCC(*)=C(C)*,3.62
CCCCCCCC(*)=C(C)*,3.976
CCCCCCCCCCCCC1=C(*)SC(*)=C1,4.642
CCN1C2C=CC(*)=CC2C2=C1C=CC(=C2)N1C(=O)C2=CC=C(C=C2C1=O)C(C1=CC2=C(C=C1)C(=O)N(*)C2=O)(C(F)(F)F)C(F)(F)F,6.565
CCOC1C(*)C(COC(=O)NC(C)(C)C)OC(O*)C1OCC,6.075
CCOCC1OC(CO*)C(OCC)C(OCC)C1*,4.233
CCOCC1OC(O*)C(OCC)C(OCC)C1*,5.438
CCOCCOCCOC(=O)C(C)(*)C*,5.926
CN1C(*)=CC=C1*,3.581
CN1C(*)=NC2=C1C=CC(=C2)C1=CC2=C(C=C1)N(C)C(=N2)C1=CC(=CC(*)=C1)C(C)(C)C,4.652
*CCSS*,4.32
*C\C=C/C*,2.95
*C(=C(*)C1=CC=C2C3=C(C=CC=C3)C3(CC3)C2=C1)C1=CC=CC=C1,2.969
C\C(C*)=C\C*,3.775
ClC(*)CCCC(*)S(Cl)(=O)=O,5.815
ClC(Cl)(*)C*,5.755
FC(*)C*,6.037
FC(F)(*)C(F)(F)*,0.463
FC(F)(*)C1(F)OC(F)(F)C(F)(F)C1(F)C(F)(F)*,2.95
FC(F)(F)C(*)(C1=CC=CC=C1)C1=CC=C(C=C1)C1=CC=C(*)C=C1,8.111
FC(F)(F)C(C1=CC2=C(C=C1)C(=O)N(*)C2=O)(C1=CC=C2C(=O)N(C(=O)C2=C1)C1=CC(*)=CC=C1)C(F)(F)F,6.277
FC(F)(F)C(C1=CC2=C(C=C1)C(=O)N(*)C2=O)(C1=CC=C2C(=O)N(C(=O)C2=C1)C1=CC=CC(*)=C1)C(F)(F)F,6.117
*N1C(=O)C2=C(C=C(C=C2)C2=CC=C3C(=O)N(C(=O)C3=C2)C2=CC=C(OC3=CC=C(*)C=C3)C=C2)C1=O,6.564
*C(=C(*)C1=CC=C2CCCC2=C1)C1=CC=CC=C1,4.63
FC(F)(F)C(C1=CC=C(OC2=CC=C(*)C=C2)C=C1)(C1=CC=C(OC2=CC=C(C=C2)N2C(=C)C3=CC=C4C(=C)N(*)C(=C)C5=C4C3=C(C=C5)C2=C)C=C1)C(F)(F)F,4.758
FC(F)(F)C(C1=CC=C2C(=O)N(*)C(=O)C2=C1)(C1=CC=C2C(=O)N(C(=O)C2=C1)C1=CC=C(OC2=CC=C(*)C=C2)C=C1)C(F)(F)F,6.899
FC(F)(F)C(C1CC=C(*)C=C1)(C1=CC=C(C=C1)C1=NN=C(*)O1)C(F)(F)F,5.621
FC(F)(F)C(F)(F)C(F)(F)C(F)(F)C(F)(F)C(F)(F)C(F)(F)COC(=O)C(*)C*,2.885
FC(F)(F)C(F)(F)C(F)(F)C(F)(F)C(F)(F)C(F)(F)CCOC(=O)C1=CC(=CC(*)=C1)N1C(=O)C2=CC=C(C=C2C1=O)C(C1=CC2=C(C=C1)C(=O)N(*)C2=O)(C(F)(F)F)C(F)(F)F,6.97
FC(F)(F)C1(C(*)CC(\C=C\*)C1(F)F)C(F)(F)F,6.094
FC(F)(F)C1=C(OC2=CC=C(C=C2)C(C2=CC=C(OC3=C(C=C(C=C3)N3C(=O)C4=CC=C(C=C4C3=O)C(C3=CC=C4C(=O)N(*)C(=O)C4=C3)(C(F)(F)F)C(F)(F)F)C(F)(F)F)C=C2)(C(F)(F)F)C(F)(F)F)C=CC(*)=C1,7.301
FC(F)(F)C1=CC(*)=CC(=C1)N1C(=O)C2=CC=C(C=C2C1=O)C(C1=CC2C(C=C1)C(=O)N(*)C2=O)(C(F)(F)F)C(F)(F)F,5.821
*N1C(=O)C2=C(C=C(OC3=CC=C(OC4=CC=C5C(=O)N(C(=O)C5=C4)C4=CC=C(OC5=CC=C(*)C=C5)C=C4)C=C3)C=C2)C1=O,6.527
*\C=C\C1CC(*)C2C1C(=O)N(C1CCCC1)C2=O,5.363
[H]C(*)=C(*)C(C)(C)C,3.89
[H]C1=C([H])C2([H])C3C(C(=O)N(*)C3=O)C1([H])C1C2C(=O)N(C1=O)C1=CC2=C(C=C1O)C1(CC(C)(C)C3=C1C=C(O)C(*)=C3)CC2(C)C,2.866
*C(=C(*)C1=CC=CC=C1)C1=CC=CC=C1,5.238
*N1C(=O)C2=C(C=C3C(=C2)S(=O)(=O)C2=C(C=C4C(=O)N(C(=O)C4=C2)C2=CC=C(OC4=CC=C(*)C=C4)C=C2)S3(=O)=O)C1=O,6.218
*N1C(=O)C2=C(C=C3C(=O)N(C(=O)C3=C2)C2=CC=C(OC3=CC=C(*)C=C3)C=C2)C1=O,4.607
*N1C(=O)C2=C(C=C3C(=O)N(C(=O)C3=C2)C2=CC=CC(OC3=CC(*)=CC=C3)=C2)C1=O,1.82
[H]C1=CC=C(C=C1)N(C1=CC=C(*)C=C1)C1=CC=C(C=C1)N1C(=O)C2=C(C=C(C=C2)C(C2=CC=C3C(=O)N(*)C(=O)C3=C2)(C(F)(F)F)C(F)(F)F)C1=O,8.437
[H]C1CC(*)CC1\C=C\*,5.501
*N1C(=O)C2=C(C=C3SC4=C(SC3=C2)C=C2C(=O)N(C(=O)C2=C4)C2=CC=C(OC3=CC=C(*)C=C3)C=C2)C1=O,6.565
*N1C(=O)C2=CC3=C(C=C2C1=O)C(=O)N(C3=O)C1=CC=C(OC2=CC=C(*)C=C2)C=C1,5.25
*C(=O)C1=CC=C(C=C1)C1(OC(=O)C2=C1C=CC=C2)C1=CC=C(C=C1)C(=O)C1=CC=C(OC2=CC=C(C=C2)C(=O)C2=CC=C(C=C2)C(=O)C2=CC=C(OC3=CC=C(*)C=C3)C=C2)C=C1,6.704
*N1C(=O)C2=CC=C(C=C2C1=O)C1=CC=C2C(=O)N(C(=O)C2=C1)C1=CC=C(OC2=CC=C(*)C=C2)C=C1,6.731
*C1=NC2=CC(=CC=C2N1)C1=CC2=C(NC(O2)C2=CC=C(OC3=CC=C(OC4=CC=C(*)C=C4)C4=C3C3C5=C(C=CC=C5)C4C4=C3C=CC=C4)C=C2)C=C1,5.433
FC(F)(F)C(C1=CC2=C(OC(=N2)C2=CC=C(OC3=CC=C(OC4=CC=C(*)C=C4)C4=C3C3C5=C(C=CC=C5)C4C4=C3C=CC=C4)C=C2)C=C1)(C1=CC=C2OC(*)=NC2=C1)C(F)(F)F,4.751